show_id,title,type,country_single,release_year,year_added,rating_imputed,rating_group
s1,3%,TV Show,Brazil,2020,2020,TV-MA,Adult (18+)
s2,7:19,Movie,Mexico,2016,2016,TV-MA,Adult (18+)
s3,23:59,Movie,Singapore,2011,2018,R,Adult (18+)
s4,9,Movie,United States,2009,2017,PG-13,Teens (13-17)
s5,21,Movie,United States,2008,2020,PG-13,Teens (13-17)
s6,46,TV Show,Turkey,2016,2017,TV-MA,Adult (18+)
s7,122,Movie,Egypt,2019,2020,TV-MA,Adult (18+)
s8,187,Movie,United States,1997,2019,R,Adult (18+)
s9,706,Movie,India,2019,2019,TV-14,Teens (13-17)
s10,1920,Movie,India,2008,2017,TV-MA,Adult (18+)
s11,1922,Movie,United States,2017,2017,TV-MA,Adult (18+)
s12,1983,TV Show,Poland,2018,2018,TV-MA,Adult (18+)
s12,1983,TV Show,United States,2018,2018,TV-MA,Adult (18+)
s13,1994,TV Show,Mexico,2019,2019,TV-MA,Adult (18+)
s14,"2,215",Movie,Thailand,2018,2019,TV-MA,Adult (18+)
s15,3022,Movie,United States,2019,2020,R,Adult (18+)
s16,Oct-01,Movie,Nigeria,2014,2019,TV-14,Teens (13-17)
s17,Feb-09,TV Show,Unknown Country,2018,2019,TV-14,Teens (13-17)
s18,22-Jul,Movie,Norway,2018,2018,R,Adult (18+)
s18,22-Jul,Movie,Iceland,2018,2018,R,Adult (18+)
s18,22-Jul,Movie,United States,2018,2018,R,Adult (18+)
s19,15-Aug,Movie,India,2019,2019,TV-14,Teens (13-17)
s20,'89,Movie,United Kingdom,2017,2018,TV-PG,Kids & Family
s21,​​Kuch Bheege Alfaaz,Movie,India,2018,2018,TV-14,Teens (13-17)
s22,​Goli Soda 2,Movie,India,2018,2018,TV-14,Teens (13-17)
s23,​Maj Rati ​​Keteki,Movie,India,2017,2018,TV-14,Teens (13-17)
s24,​Mayurakshi,Movie,India,2017,2018,TV-14,Teens (13-17)
s25,​SAINT SEIYA: Knights of the Zodiac,TV Show,Japan,2020,2020,TV-14,Teens (13-17)
s26,(T)ERROR,Movie,United States,2015,2016,NR,Not Rated (NR)
s27,(Un)Well,TV Show,United States,2020,2020,TV-MA,Adult (18+)
s28,#Alive,Movie,South Korea,2020,2020,TV-MA,Adult (18+)
s29,#AnneFrank - Parallel Stories,Movie,Italy,2019,2020,TV-14,Teens (13-17)
s30,#blackAF,TV Show,United States,2020,2020,TV-MA,Adult (18+)
s31,#cats_the_mewvie,Movie,Canada,2020,2020,TV-14,Teens (13-17)
s32,#FriendButMarried,Movie,Indonesia,2018,2020,TV-G,Kids & Family
s33,#FriendButMarried 2,Movie,Indonesia,2020,2020,TV-G,Kids & Family
s34,#realityhigh,Movie,United States,2017,2017,TV-14,Teens (13-17)
s35,#Roxy,Movie,Canada,2018,2019,TV-14,Teens (13-17)
s36,#Rucker50,Movie,United States,2016,2016,TV-PG,Kids & Family
s37,#Selfie,Movie,Romania,2014,2019,TV-MA,Adult (18+)
s38,#Selfie 69,Movie,Romania,2016,2019,TV-MA,Adult (18+)
s39,แผนร้ายนายเจ้าเล่ห์,TV Show,Unknown Country,2016,2019,TV-14,Teens (13-17)
s40,"¡Ay, mi madre!",Movie,Spain,2019,2019,TV-MA,Adult (18+)
s41,Çarsi Pazar,Movie,Turkey,2015,2017,TV-14,Teens (13-17)
s42,Ég man þig,Movie,Iceland,2017,2018,TV-MA,Adult (18+)
s43,Çok Filim Hareketler Bunlar,Movie,Turkey,2010,2017,TV-MA,Adult (18+)
s44,Òlòtūré,Movie,Nigeria,2020,2020,TV-MA,Adult (18+)
s45,Æon Flux,Movie,United States,2005,2018,PG-13,Teens (13-17)
s46,Şubat,TV Show,Turkey,2013,2017,TV-MA,Adult (18+)
s47,1 Chance 2 Dance,Movie,United States,2014,2017,TV-PG,Kids & Family
s48,1 Mile to You,Movie,United States,2017,2017,TV-14,Teens (13-17)
s49,10 Days in Sun City,Movie,South Africa,2017,2019,TV-14,Teens (13-17)
s49,10 Days in Sun City,Movie,Nigeria,2017,2019,TV-14,Teens (13-17)
s50,10 jours en or,Movie,France,2012,2017,TV-14,Teens (13-17)
s51,"10,000 B.C.",Movie,United States,2008,2019,PG-13,Teens (13-17)
s51,"10,000 B.C.",Movie,South Africa,2008,2019,PG-13,Teens (13-17)
s52,100 Days My Prince,TV Show,South Korea,2018,2020,TV-14,Teens (13-17)
s53,100 Days Of Solitude,Movie,Spain,2018,2018,TV-MA,Adult (18+)
s54,100 Humans,TV Show,United States,2020,2020,TV-14,Teens (13-17)
s55,100 Meters,Movie,Portugal,2016,2017,TV-MA,Adult (18+)
s55,100 Meters,Movie,Spain,2016,2017,TV-MA,Adult (18+)
s56,100 Things to do Before High School,Movie,United States,2014,2019,TV-Y,Kids & Family
s57,100 Years: One Woman's Fight for Justice,Movie,United States,2016,2018,TV-14,Teens (13-17)
s58,100% Halal,Movie,Indonesia,2020,2021,TV-14,Teens (13-17)
s59,100% Hotter,TV Show,United Kingdom,2017,2019,TV-14,Teens (13-17)
s60,1000 Rupee Note,Movie,India,2014,2016,TV-14,Teens (13-17)
s61,12 ROUND GUN,Movie,United States,2017,2019,TV-MA,Adult (18+)
s62,12 Years Promise,TV Show,South Korea,2014,2017,TV-14,Teens (13-17)
s63,13 Cameras,Movie,United States,2015,2016,NR,Not Rated (NR)
s64,13 Reasons Why,TV Show,United States,2020,2020,TV-MA,Adult (18+)
s65,13 Reasons Why: Beyond the Reasons,TV Show,United States,2019,2019,TV-MA,Adult (18+)
s66,13 Sins,Movie,United States,2014,2019,R,Adult (18+)
s67,13TH,Movie,United States,2016,2016,TV-MA,Adult (18+)
s68,13TH: A Conversation with Oprah Winfrey & Ava DuVernay,Movie,Unknown Country,2017,2017,Unknown,Unknown / Unrated
s69,14 Blades,Movie,Hong Kong,2010,2019,R,Adult (18+)
s69,14 Blades,Movie,China,2010,2019,R,Adult (18+)
s69,14 Blades,Movie,Singapore,2010,2019,R,Adult (18+)
s70,14 Cameras,Movie,United States,2018,2018,TV-MA,Adult (18+)
s71,14 Minutes from Earth,Movie,United States,2016,2019,TV-MA,Adult (18+)
s72,16 Blocks,Movie,United States,2006,2019,PG-13,Teens (13-17)
s72,16 Blocks,Movie,Germany,2006,2019,PG-13,Teens (13-17)
s73,17 Again,Movie,United States,2009,2021,PG-13,Teens (13-17)
s74,18 Presents,Movie,Italy,2020,2020,TV-MA,Adult (18+)
s75,1898: Our Last Men in the Philippines,Movie,Spain,2016,2017,R,Adult (18+)
s76,1BR,Movie,United States,2019,2020,TV-MA,Adult (18+)
s77,1st Summoning,Movie,United States,2018,2019,TV-MA,Adult (18+)
s78,2 Alone in Paris,Movie,France,2008,2020,TV-MA,Adult (18+)
s79,2 States,Movie,India,2014,2018,TV-PG,Kids & Family
s80,20 Feet From Stardom,Movie,United States,2013,2018,PG-13,Teens (13-17)
s81,20 Minutes,TV Show,Turkey,2013,2017,TV-MA,Adult (18+)
s82,2015 Dream Concert,Movie,South Korea,2015,2017,TV-PG,Kids & Family
s83,2036 Origin Unknown,Movie,United Kingdom,2018,2018,TV-14,Teens (13-17)
s84,20th Century Women,Movie,United States,2016,2019,R,Adult (18+)
s85,21 & Over,Movie,United States,2013,2019,R,Adult (18+)
s86,21 Again,TV Show,United Kingdom,2019,2020,TV-MA,Adult (18+)
s87,21 Sarfarosh: Saragarhi 1897,TV Show,India,2018,2018,TV-14,Teens (13-17)
s88,21 Thunder,TV Show,Canada,2017,2018,TV-MA,Adult (18+)
s89,2307: Winter's Dream,Movie,United States,2016,2018,TV-MA,Adult (18+)
s90,24 Hours to Live,Movie,South Africa,2017,2018,R,Adult (18+)
s90,24 Hours to Live,Movie,China,2017,2018,R,Adult (18+)
s90,24 Hours to Live,Movie,United States,2017,2018,R,Adult (18+)
s91,25 Kille,Movie,India,2016,2018,TV-14,Teens (13-17)
s92,26 Years,Movie,South Korea,2012,2017,TV-MA,Adult (18+)
s93,"27, el club de los malditos",Movie,Argentina,2018,2018,TV-MA,Adult (18+)
s94,27: Gone Too Soon,Movie,United Kingdom,2017,2018,TV-MA,Adult (18+)
s95,28 Days,Movie,United States,2000,2020,PG-13,Teens (13-17)
s96,28 Moons,TV Show,South Korea,2016,2017,TV-PG,Kids & Family
s97,3 Days to Kill,Movie,United States,2014,2020,PG-13,Teens (13-17)
s97,3 Days to Kill,Movie,France,2014,2020,PG-13,Teens (13-17)
s97,3 Days to Kill,Movie,Serbia,2014,2020,PG-13,Teens (13-17)
s98,3 Deewarein,Movie,Unknown Country,2003,2019,TV-MA,Adult (18+)
s99,3 Generations,Movie,United States,2015,2017,PG-13,Teens (13-17)
s100,3 Heroines,Movie,Indonesia,2016,2019,TV-PG,Kids & Family
s101,3 Idiots,Movie,India,2009,2019,PG-13,Teens (13-17)
s102,3 Seconds Divorce,Movie,Canada,2018,2019,TV-PG,Kids & Family
s103,3 Türken & ein Baby,Movie,Germany,2015,2016,TV-MA,Adult (18+)
s104,30 Days of Luxury,Movie,Egypt,2016,2019,TV-14,Teens (13-17)
s105,30 Minutes or Less,Movie,United States,2011,2021,R,Adult (18+)
s106,300 Miles to Heaven,Movie,Denmark,1989,2019,TV-14,Teens (13-17)
s106,300 Miles to Heaven,Movie,France,1989,2019,TV-14,Teens (13-17)
s106,300 Miles to Heaven,Movie,Poland,1989,2019,TV-14,Teens (13-17)
s107,365 Days,Movie,Poland,2020,2020,TV-MA,Adult (18+)
s108,37 Seconds,Movie,Japan,2020,2020,TV-MA,Adult (18+)
s109,3Below: Tales of Arcadia,TV Show,United States,2019,2019,TV-Y7,Kids & Family
s110,40 Sticks,Movie,Kenya,2019,2020,TV-14,Teens (13-17)
s111,42 Grams,Movie,United States,2017,2018,TV-MA,Adult (18+)
s112,44 Cats,TV Show,Italy,2018,2020,TV-Y7,Kids & Family
s113,45 rpm,TV Show,Spain,2019,2019,TV-MA,Adult (18+)
s114,48 Christmas Wishes,Movie,Canada,2017,2017,TV-G,Kids & Family
s115,4L,Movie,Spain,2019,2019,TV-MA,Adult (18+)
s116,4th Man Out,Movie,United States,2015,2016,NR,Not Rated (NR)
s117,4th Republic,Movie,Nigeria,2019,2020,TV-MA,Adult (18+)
s118,5 Cowok Jagoan,Movie,Unknown Country,2017,2019,TV-MA,Adult (18+)
s119,5 Flights Up,Movie,United States,2014,2019,PG-13,Teens (13-17)
s120,5 Star Christmas,Movie,Italy,2018,2018,TV-14,Teens (13-17)
s121,5 to 7,Movie,United States,2014,2017,R,Adult (18+)
s122,50 First Dates,Movie,United States,2004,2020,PG-13,Teens (13-17)
s123,50/50,Movie,United States,2011,2019,R,Adult (18+)
s124,5CM,Movie,Indonesia,2012,2018,TV-14,Teens (13-17)
s125,5Gang,Movie,Romania,2019,2020,TV-14,Teens (13-17)
s126,6 Balloons,Movie,United States,2018,2018,TV-MA,Adult (18+)
s127,6 Days,Movie,New Zealand,2017,2018,R,Adult (18+)
s127,6 Days,Movie,United Kingdom,2017,2018,R,Adult (18+)
s128,6 Underground,Movie,United States,2019,2019,R,Adult (18+)
s129,6 Years,Movie,United States,2015,2015,TV-MA,Adult (18+)
s130,6-5=2,Movie,India,2014,2017,TV-MA,Adult (18+)
s131,60 Days In,TV Show,United States,2019,2020,TV-MA,Adult (18+)
s132,68 Kill,Movie,United States,2017,2019,R,Adult (18+)
s133,7 (Seven),TV Show,India,2019,2019,TV-14,Teens (13-17)
s134,7 años,Movie,Spain,2016,2016,TV-MA,Adult (18+)
s135,7 Days Out,TV Show,United States,2018,2018,TV-PG,Kids & Family
s136,7 Din Mohabbat In,Movie,Pakistan,2018,2019,TV-PG,Kids & Family
s137,7 Khoon Maaf,Movie,India,2011,2018,TV-MA,Adult (18+)
s138,72 Cutest Animals,TV Show,Australia,2016,2016,TV-PG,Kids & Family
s139,72 Dangerous Animals: Asia,TV Show,Australia,2018,2018,TV-14,Teens (13-17)
s140,72 Dangerous Animals: Latin America,TV Show,Australia,2017,2017,TV-14,Teens (13-17)
s140,72 Dangerous Animals: Latin America,TV Show,United States,2017,2017,TV-14,Teens (13-17)
s141,72 Dangerous Places to Live,TV Show,Australia,2016,2016,TV-PG,Kids & Family
s142,7SEEDS,TV Show,Unknown Country,2020,2020,TV-MA,Adult (18+)
s143,9 Months That Made You,TV Show,United States,2016,2017,TV-PG,Kids & Family
s144,90 ML,Movie,India,2019,2019,TV-MA,Adult (18+)
s145,93 Days,Movie,Nigeria,2016,2020,TV-PG,Kids & Family
s146,A 2nd Chance,Movie,Australia,2011,2017,PG,Kids & Family
s147,A 3 Minute Hug,Movie,Mexico,2019,2019,TV-PG,Kids & Family
s147,A 3 Minute Hug,Movie,United States,2019,2019,TV-PG,Kids & Family
s148,A Babysitter's Guide to Monster Hunting,Movie,United States,2020,2020,TV-PG,Kids & Family
s149,A Bad Moms Christmas,Movie,United States,2017,2020,R,Adult (18+)
s149,A Bad Moms Christmas,Movie,China,2017,2020,R,Adult (18+)
s150,A Beautiful Life,Movie,China,2011,2018,TV-14,Teens (13-17)
s150,A Beautiful Life,Movie,Hong Kong,2011,2018,TV-14,Teens (13-17)
s151,A Billion Colour Story,Movie,India,2016,2018,TV-14,Teens (13-17)
s152,A Boy Called Po,Movie,United States,2016,2018,PG,Kids & Family
s153,A Boy Name Flora A,TV Show,Taiwan,2017,2017,TV-MA,Adult (18+)
s154,A Bridge Too Far,Movie,United States,1977,2020,PG,Kids & Family
s154,A Bridge Too Far,Movie,United Kingdom,1977,2020,PG,Kids & Family
s155,A California Christmas,Movie,United States,2020,2020,PG-13,Teens (13-17)
s156,A Champion Heart,Movie,United States,2018,2020,G,Kids & Family
s157,A Chaster Marriage,Movie,Turkey,2016,2020,TV-14,Teens (13-17)
s158,A Choo,Movie,Taiwan,2020,2020,TV-14,Teens (13-17)
s159,A Christmas Catch,Movie,Canada,2018,2020,TV-G,Kids & Family
s160,A Christmas Prince,Movie,United States,2017,2017,TV-PG,Kids & Family
s161,A Christmas Prince: The Royal Baby,Movie,United States,2019,2019,TV-PG,Kids & Family
s162,A Christmas Prince: The Royal Wedding,Movie,United States,2018,2018,TV-PG,Kids & Family
s163,A Christmas Special: Miraculous: Tales of Ladybug & Cat Noir,Movie,France,2016,2016,TV-Y7,Kids & Family
s163,A Christmas Special: Miraculous: Tales of Ladybug & Cat Noir,Movie,South Korea,2016,2016,TV-Y7,Kids & Family
s163,A Christmas Special: Miraculous: Tales of Ladybug & Cat Noir,Movie,Japan,2016,2016,TV-Y7,Kids & Family
s164,A Cinderella Story,Movie,United States,2004,2020,PG,Kids & Family
s164,A Cinderella Story,Movie,Canada,2004,2020,PG,Kids & Family
s165,A Cinderella Story: Christmas Wish,Movie,United States,2019,2019,PG,Kids & Family
s166,A Clockwork Orange,Movie,United Kingdom,1971,2020,R,Adult (18+)
s166,A Clockwork Orange,Movie,United States,1971,2020,R,Adult (18+)
s167,A Dangerous Woman,Movie,United States,1993,2018,R,Adult (18+)
s168,A Fairly Odd Summer,Movie,United States,2014,2019,TV-Y7,Kids & Family
s169,A Fall from Grace,Movie,United States,2020,2020,TV-MA,Adult (18+)
s170,A Family Affair,Movie,Netherlands,2015,2016,TV-PG,Kids & Family
s170,A Family Affair,Movie,Denmark,2015,2016,TV-PG,Kids & Family
s170,A Family Affair,Movie,South Africa,2015,2016,TV-PG,Kids & Family
s171,A Family Man,Movie,Canada,2016,2019,R,Adult (18+)
s171,A Family Man,Movie,United States,2016,2019,R,Adult (18+)
s172,A Family Reunion Christmas,Movie,United States,2019,2019,TV-PG,Kids & Family
s173,A Flying Jatt,Movie,India,2016,2017,TV-14,Teens (13-17)
s174,A Fortunate Man,Movie,Denmark,2018,2019,TV-MA,Adult (18+)
s175,A Futile and Stupid Gesture,Movie,United States,2018,2018,TV-MA,Adult (18+)
s176,A Ghost Story,Movie,United States,2017,2020,R,Adult (18+)
s177,A Glimpse Inside the Mind of Charles Swan III,Movie,United States,2012,2018,R,Adult (18+)
s178,A Go! Go! Cory Carson Christmas,Movie,United States,2020,2020,TV-Y,Kids & Family
s179,A Go! Go! Cory Carson Halloween,Movie,Unknown Country,2020,2020,TV-Y,Kids & Family
s180,A Go! Go! Cory Carson Summer Camp,Movie,Unknown Country,2020,2020,TV-Y,Kids & Family
s181,A Good Wife,TV Show,Taiwan,2013,2017,TV-14,Teens (13-17)
s182,A Grand Night In: The Story of Aardman,Movie,United Kingdom,2015,2016,TV-PG,Kids & Family
s183,A Gray State,Movie,United States,2017,2017,TV-MA,Adult (18+)
s184,A Haunted House,Movie,United States,2013,2020,R,Adult (18+)
s185,A Haunting at Silver Falls: The Return,Movie,United States,2019,2019,TV-14,Teens (13-17)
s186,A Heavy Heart,Movie,Germany,2015,2017,TV-MA,Adult (18+)
s187,A Holiday Engagement,Movie,United States,2011,2019,TV-G,Kids & Family
s188,A Home with A View,Movie,Hong Kong,2019,2019,TV-MA,Adult (18+)
s189,A House of Blocks,TV Show,Taiwan,2017,2017,TV-PG,Kids & Family
s190,A Kid from Coney Island,Movie,United States,2019,2020,TV-MA,Adult (18+)
s190,A Kid from Coney Island,Movie,China,2019,2020,TV-MA,Adult (18+)
s191,A Kind of Murder,Movie,United States,2016,2017,R,Adult (18+)
s192,A Korean Odyssey,TV Show,South Korea,2017,2019,TV-MA,Adult (18+)
s193,A Land Imagined,Movie,France,2019,2019,TV-MA,Adult (18+)
s193,A Land Imagined,Movie,Netherlands,2019,2019,TV-MA,Adult (18+)
s193,A Land Imagined,Movie,Singapore,2019,2019,TV-MA,Adult (18+)
s194,A Leaf of Faith,Movie,United States,2018,2018,TV-MA,Adult (18+)
s195,A Life of Speed: The Juan Manuel Fangio Story,Movie,Argentina,2020,2020,TV-14,Teens (13-17)
s196,A Lion in the House,TV Show,United States,2006,2020,TV-14,Teens (13-17)
s197,A Little Chaos,Movie,United Kingdom,2014,2019,R,Adult (18+)
s198,A Little Help with Carol Burnett,TV Show,United States,2018,2018,TV-G,Kids & Family
s199,A Little Thing Called First Love,TV Show,China,2019,2019,TV-G,Kids & Family
s200,A Love So Beautiful,TV Show,South Korea,2020,2020,TV-PG,Kids & Family
s201,A Love Song for Latasha,Movie,United States,2020,2020,TV-PG,Kids & Family
s202,A Love Story,Movie,Philippines,2007,2019,TV-14,Teens (13-17)
s203,A Man Called God,TV Show,South Korea,2010,2019,TV-14,Teens (13-17)
s204,A Mighty Team,Movie,France,2016,2016,TV-MA,Adult (18+)
s205,A Mission in an Old Movie,Movie,Unknown Country,2012,2019,TV-MA,Adult (18+)
s206,A Monster Calls,Movie,United Kingdom,2016,2021,PG-13,Teens (13-17)
s206,A Monster Calls,Movie,Spain,2016,2021,PG-13,Teens (13-17)
s206,A Monster Calls,Movie,United States,2016,2021,PG-13,Teens (13-17)
s207,A Most Violent Year,Movie,United Arab Emirates,2014,2018,R,Adult (18+)
s207,A Most Violent Year,Movie,United States,2014,2018,R,Adult (18+)
s208,A Murder in the Park,Movie,United States,2014,2017,PG-13,Teens (13-17)
s209,A new Capitalism,Movie,Brazil,2017,2018,TV-14,Teens (13-17)
s210,A New York Christmas Wedding,Movie,United States,2020,2020,TV-MA,Adult (18+)
s211,A Night at the Roxbury,Movie,United States,1998,2019,PG-13,Teens (13-17)
s212,A Noble Intention,Movie,Netherlands,2015,2016,TV-MA,Adult (18+)
s213,A Patch of Fog,Movie,United Kingdom,2015,2017,TV-MA,Adult (18+)
s214,A Perfect Crime,TV Show,Germany,2020,2020,TV-14,Teens (13-17)
s215,A Perfect Ending,Movie,United States,2012,2019,TV-MA,Adult (18+)
s216,A Perfect Man,Movie,United States,2013,2019,R,Adult (18+)
s217,A Plastic Ocean,Movie,United Kingdom,2016,2019,TV-14,Teens (13-17)
s217,A Plastic Ocean,Movie,Hong Kong,2016,2019,TV-14,Teens (13-17)
s218,A Princess for Christmas,Movie,United States,2011,2020,TV-PG,Kids & Family
s219,A Queen Is Born,TV Show,Brazil,2020,2020,TV-14,Teens (13-17)
s220,A Remarkable Tale,Movie,Spain,2019,2019,TV-MA,Adult (18+)
s221,A Russell Peters Christmas,Movie,Canada,2011,2013,NR,Not Rated (NR)
s222,A Scandall,Movie,India,2016,2017,TV-MA,Adult (18+)
s223,A Second Chance,Movie,Philippines,2015,2019,TV-MA,Adult (18+)
s224,A Secret Love,Movie,United States,2020,2020,TV-14,Teens (13-17)
s225,A Separation,Movie,Iran,2011,2019,PG-13,Teens (13-17)
s225,A Separation,Movie,France,2011,2019,PG-13,Teens (13-17)
s226,A Series of Unfortunate Events,TV Show,United States,2019,2019,TV-PG,Kids & Family
s227,A Serious Man,Movie,United States,2009,2018,R,Adult (18+)
s227,A Serious Man,Movie,United Kingdom,2009,2018,R,Adult (18+)
s227,A Serious Man,Movie,France,2009,2018,R,Adult (18+)
s228,A Shaun the Sheep Movie: Farmageddon,Movie,United Kingdom,2020,2020,G,Kids & Family
s228,A Shaun the Sheep Movie: Farmageddon,Movie,France,2020,2020,G,Kids & Family
s228,A Shaun the Sheep Movie: Farmageddon,Movie,Belgium,2020,2020,G,Kids & Family
s228,A Shaun the Sheep Movie: Farmageddon,Movie,United States,2020,2020,G,Kids & Family
s228,A Shaun the Sheep Movie: Farmageddon,Movie,China,2020,2020,G,Kids & Family
s229,A Silent Voice,Movie,Japan,2016,2019,TV-14,Teens (13-17)
s230,A Single Man,Movie,United States,2009,2019,R,Adult (18+)
s231,A Sort of Family,Movie,Argentina,2017,2018,TV-14,Teens (13-17)
s231,A Sort of Family,Movie,Brazil,2017,2018,TV-14,Teens (13-17)
s231,A Sort of Family,Movie,France,2017,2018,TV-14,Teens (13-17)
s231,A Sort of Family,Movie,Poland,2017,2018,TV-14,Teens (13-17)
s231,A Sort of Family,Movie,Germany,2017,2018,TV-14,Teens (13-17)
s231,A Sort of Family,Movie,Denmark,2017,2018,TV-14,Teens (13-17)
s232,A Sort of Homecoming,Movie,United States,2015,2017,TV-PG,Kids & Family
s233,A Stoning in Fulham County,Movie,United States,1988,2011,TV-14,Teens (13-17)
s234,A StoryBots Christmas,Movie,United States,2017,2017,TV-Y,Kids & Family
s235,A Sun,Movie,Taiwan,2019,2020,TV-MA,Adult (18+)
s236,A Taiwanese Tale of Two Cities,TV Show,Taiwan,2018,2019,TV-MA,Adult (18+)
s237,A Tale of Love and Darkness,Movie,Israel,2015,2019,PG-13,Teens (13-17)
s237,A Tale of Love and Darkness,Movie,United States,2015,2019,PG-13,Teens (13-17)
s238,A Tale of Two Kitchens,Movie,United States,2019,2019,TV-PG,Kids & Family
s238,A Tale of Two Kitchens,Movie,Mexico,2019,2019,TV-PG,Kids & Family
s239,A Thin Line Between Love & Hate,Movie,United States,1996,2020,R,Adult (18+)
s240,A Thousand Goodnights,TV Show,Taiwan,2019,2019,TV-14,Teens (13-17)
s241,A Thousand Words,Movie,United States,2012,2020,PG-13,Teens (13-17)
s242,A Touch of Green,TV Show,Taiwan,2016,2020,TV-MA,Adult (18+)
s243,A Trash Truck Christmas,Movie,Unknown Country,2020,2020,TV-Y,Kids & Family
s244,A Trip to Jamaica,Movie,Nigeria,2016,2019,TV-MA,Adult (18+)
s245,A truthful Mother,Movie,India,2020,2020,TV-Y7,Kids & Family
s246,A Twelve Year Night,Movie,Uruguay,2018,2018,TV-MA,Adult (18+)
s246,A Twelve Year Night,Movie,Argentina,2018,2018,TV-MA,Adult (18+)
s246,A Twelve Year Night,Movie,Spain,2018,2018,TV-MA,Adult (18+)
s247,A Very Country Christmas,Movie,United States,2017,2020,TV-G,Kids & Family
s247,A Very Country Christmas,Movie,Canada,2017,2020,TV-G,Kids & Family
s248,A Very Murray Christmas,Movie,United States,2015,2015,TV-14,Teens (13-17)
s249,A Very Secret Service,TV Show,France,2018,2018,TV-MA,Adult (18+)
s250,A Very Special Love,Movie,Philippines,2008,2020,TV-G,Kids & Family
s251,A Walk to Remember,Movie,United States,2002,2020,PG,Kids & Family
s252,A Wednesday,Movie,India,2008,2018,TV-MA,Adult (18+)
s253,A Week in Watts,Movie,United States,2017,2018,TV-14,Teens (13-17)
s254,A Whisker Away,Movie,Japan,2020,2020,TV-PG,Kids & Family
s255,A Witches' Ball,Movie,Canada,2017,2018,PG,Kids & Family
s256,A Wrinkle in Time,Movie,United States,2018,2018,PG,Kids & Family
s257,A Year In Space,TV Show,United States,2015,2019,TV-PG,Kids & Family
s258,A Yellow Bird,Movie,Singapore,2016,2017,TV-MA,Adult (18+)
s258,A Yellow Bird,Movie,France,2016,2017,TV-MA,Adult (18+)
s259,A Young Doctor's Notebook and Other Stories,TV Show,United Kingdom,2013,,TV-MA,Adult (18+)
s260,A.D. Kingdom and Empire,TV Show,United States,2015,2017,TV-14,Teens (13-17)
s261,A.I.C.O.,TV Show,Japan,2018,2018,TV-14,Teens (13-17)
s262,A.M.I.,Movie,Canada,2019,2020,TV-MA,Adult (18+)
s263,A.X.L.,Movie,United States,2018,2019,PG,Kids & Family
s264,Aşk Tesadüfleri Sever,Movie,Turkey,2011,2018,TV-MA,Adult (18+)
s265,Aadu 2,Movie,India,2017,2018,TV-MA,Adult (18+)
s266,Aagey Se Right,Movie,India,2009,2018,TV-14,Teens (13-17)
s267,Aajcha Divas Majha,Movie,India,2013,2018,TV-PG,Kids & Family
s268,Aakhri Adaalat,Movie,India,1988,2017,TV-14,Teens (13-17)
s269,Aalorukkam,Movie,India,2018,2018,TV-PG,Kids & Family
s270,Aamir,Movie,India,2008,2018,TV-14,Teens (13-17)
s271,Aapla Manus,Movie,India,2018,2020,TV-14,Teens (13-17)
s272,Aarakshan,Movie,India,2011,2019,TV-14,Teens (13-17)
s273,Aashayein,Movie,India,2010,2017,TV-14,Teens (13-17)
s274,Aashik Awara,Movie,India,1993,2017,TV-14,Teens (13-17)
s275,Aata Pita,Movie,India,2010,2018,TV-14,Teens (13-17)
s276,Aaviri,Movie,India,2019,2019,TV-14,Teens (13-17)
s277,Abby Hatcher,TV Show,United States,2019,2020,TV-Y,Kids & Family
s277,Abby Hatcher,TV Show,Canada,2019,2020,TV-Y,Kids & Family
s278,Abby Sen,Movie,India,2015,2017,TV-PG,Kids & Family
s279,ABCD 2,Movie,India,2015,2018,TV-14,Teens (13-17)
s280,ABCD: Any Body Can Dance,Movie,India,2013,2018,TV-14,Teens (13-17)
s281,Abdo Mota,Movie,Egypt,2012,2019,TV-MA,Adult (18+)
s282,Abducted in Plain Sight,Movie,United States,2017,2019,TV-14,Teens (13-17)
s283,"Abdullah, The Final Witness",Movie,Pakistan,2016,2019,TV-14,Teens (13-17)
s284,Abhinetri,Movie,India,2016,2018,TV-14,Teens (13-17)
s285,Abnormal Summit,TV Show,South Korea,2017,2017,TV-PG,Kids & Family
s286,Abominable Christmas,Movie,United States,2012,2016,TV-Y7,Kids & Family
s287,About a Boy,Movie,United Kingdom,2002,2019,PG-13,Teens (13-17)
s287,About a Boy,Movie,United States,2002,2019,PG-13,Teens (13-17)
s287,About a Boy,Movie,France,2002,2019,PG-13,Teens (13-17)
s287,About a Boy,Movie,Germany,2002,2019,PG-13,Teens (13-17)
s288,About Time,Movie,United Kingdom,2013,2019,R,Adult (18+)
s289,Abstract: The Art of Design,TV Show,United States,2019,2019,TV-14,Teens (13-17)
s290,Absurd Planet,TV Show,United States,2020,2020,TV-PG,Kids & Family
s291,Abyss,TV Show,South Korea,2019,2019,TV-14,Teens (13-17)
s292,Abzurdah,Movie,Argentina,2015,2016,TV-MA,Adult (18+)
s293,Acapulco La vida va,Movie,Mexico,2016,2017,TV-MA,Adult (18+)
s294,Accident,Movie,Hong Kong,2009,2018,TV-MA,Adult (18+)
s295,Accidentally in Love,TV Show,China,2018,2018,TV-14,Teens (13-17)
s296,Across Grace Alley,Movie,United States,2013,2016,TV-PG,Kids & Family
s297,Across The Line,Movie,Canada,2015,2019,TV-MA,Adult (18+)
s298,Across the Universe,Movie,United States,2007,2019,PG-13,Teens (13-17)
s298,Across the Universe,Movie,United Kingdom,2007,2019,PG-13,Teens (13-17)
s299,Act of Valor,Movie,United States,2012,2020,R,Adult (18+)
s300,Act of Vengeance,Movie,Turkey,2010,2018,NR,Not Rated (NR)
s300,Act of Vengeance,Movie,United States,2010,2018,NR,Not Rated (NR)
s301,Action Replayy,Movie,India,2010,2020,TV-PG,Kids & Family
s302,Acts of Vengeance,Movie,Bulgaria,2017,2018,R,Adult (18+)
s302,Acts of Vengeance,Movie,United States,2017,2018,R,Adult (18+)
s303,Acts of Violence,Movie,Canada,2018,2020,R,Adult (18+)
s304,Ad Vitam,TV Show,France,2018,2019,TV-MA,Adult (18+)
s305,Adú,Movie,Spain,2020,2020,TV-MA,Adult (18+)
s306,Adam Devine: Best Time of Our Lives,Movie,United States,2019,2019,TV-MA,Adult (18+)
s307,Adam Ruins Everything,TV Show,United States,2018,2018,TV-14,Teens (13-17)
s308,ADAM SANDLER 100% FRESH,Movie,United States,2018,2018,TV-MA,Adult (18+)
s309,Adam: His Song Continues,Movie,United States,1986,2011,TV-MA,Adult (18+)
s310,Addicted to Life,Movie,France,2014,2020,TV-14,Teens (13-17)
s311,Adel Karam: Live from Beirut,Movie,United States,2018,2018,TV-MA,Adult (18+)
s312,Adhugo,Movie,India,2018,2019,TV-14,Teens (13-17)
s313,Aditi Mittal: Things They Wouldn't Let Me Say,Movie,India,2017,2017,TV-MA,Adult (18+)
s314,Adore,Movie,Australia,2013,2019,R,Adult (18+)
s314,Adore,Movie,France,2013,2019,R,Adult (18+)
s315,Adrift,Movie,Hong Kong,2018,2020,PG-13,Teens (13-17)
s315,Adrift,Movie,Iceland,2018,2020,PG-13,Teens (13-17)
s315,Adrift,Movie,United States,2018,2020,PG-13,Teens (13-17)
s316,Adrishya,Movie,India,2017,2019,TV-14,Teens (13-17)
s317,Advantageous,Movie,United States,2015,2015,TV-MA,Adult (18+)
s318,Adventures in Public School,Movie,Canada,2018,2018,NR,Not Rated (NR)
s318,Adventures in Public School,Movie,United States,2018,2018,NR,Not Rated (NR)
s319,Aerials,Movie,United Arab Emirates,2016,2020,TV-14,Teens (13-17)
s320,Afflicted,TV Show,United States,2018,2018,TV-MA,Adult (18+)
s321,Afonso Padilha: Classless,Movie,Brazil,2020,2020,TV-MA,Adult (18+)
s322,Africa,TV Show,United Kingdom,2013,2016,TV-PG,Kids & Family
s323,Afronta! Facing It!,TV Show,Brazil,2017,2020,TV-PG,Kids & Family
s324,After,Movie,United States,2019,2019,PG-13,Teens (13-17)
s325,After Life,TV Show,United Kingdom,2020,2020,TV-MA,Adult (18+)
s326,After Maria,Movie,United States,2019,2019,TV-PG,Kids & Family
s327,After Porn Ends,Movie,United States,2012,2019,NR,Not Rated (NR)
s328,After Porn Ends 3,Movie,United States,2018,2018,TV-MA,Adult (18+)
s329,After the Raid,Movie,United States,2019,2019,TV-PG,Kids & Family
s329,After the Raid,Movie,Mexico,2019,2019,TV-PG,Kids & Family
s330,After We Collided,Movie,United States,2020,2020,R,Adult (18+)
s331,Aftermath,Movie,United Kingdom,2017,2020,R,Adult (18+)
s331,Aftermath,Movie,United States,2017,2020,R,Adult (18+)
s332,Afterschool,Movie,United States,2008,2020,TV-MA,Adult (18+)
s333,Aftershock,Movie,United States,2012,2018,R,Adult (18+)
s333,Aftershock,Movie,Chile,2012,2018,R,Adult (18+)
s334,Against the Tide,TV Show,Singapore,2014,2017,TV-14,Teens (13-17)
s335,Agatha and the Truth of Murder,Movie,United Kingdom,2018,2019,TV-MA,Adult (18+)
s336,Age Gap Love,TV Show,United Kingdom,2017,2019,TV-MA,Adult (18+)
s337,Age of Glory,TV Show,Unknown Country,2010,2017,TV-MA,Adult (18+)
s338,Age of Rebellion,TV Show,Taiwan,2018,2018,TV-MA,Adult (18+)
s339,Age of Tanks,TV Show,Germany,2017,2018,TV-PG,Kids & Family
s339,Age of Tanks,TV Show,France,2017,2018,TV-PG,Kids & Family
s339,Age of Tanks,TV Show,Russia,2017,2018,TV-PG,Kids & Family
s340,Agent,TV Show,Mauritius,2019,2019,TV-MA,Adult (18+)
s340,Agent,TV Show,South Africa,2019,2019,TV-MA,Adult (18+)
s341,Agent Raghav,TV Show,India,2015,2017,TV-14,Teens (13-17)
s342,Aggretsuko,TV Show,Japan,2020,2020,TV-14,Teens (13-17)
s343,Aggretsuko: We Wish You a Metal Christmas,Movie,Japan,2018,2018,TV-PG,Kids & Family
s344,Agneepath,Movie,India,1990,2020,TV-14,Teens (13-17)
s345,Agustín Aristarán: Soy Rada,Movie,Argentina,2018,2018,TV-MA,Adult (18+)
s346,Agyaat,Movie,India,2009,2018,TV-14,Teens (13-17)
s347,Ahista Ahista,Movie,India,2006,2019,TV-14,Teens (13-17)
s348,Ai Weiwei: Never Sorry,Movie,United States,2012,2018,R,Adult (18+)
s349,Ainori Love Wagon: African Journey,TV Show,Japan,2019,2020,TV-14,Teens (13-17)
s350,Ainori Love Wagon: Asian Journey,TV Show,Japan,2018,2019,TV-MA,Adult (18+)
s351,Ainsley Eats the Streets,TV Show,United Kingdom,2014,2019,TV-PG,Kids & Family
s352,Ainu Mosir,Movie,United States,2020,2020,TV-PG,Kids & Family
s352,Ainu Mosir,Movie,Japan,2020,2020,TV-PG,Kids & Family
s353,Airplane Mode,Movie,United States,2020,2020,TV-PG,Kids & Family
s354,Aisa Yeh Jahaan,Movie,India,2015,2017,TV-14,Teens (13-17)
s355,Aitraaz,Movie,India,2004,2018,TV-14,Teens (13-17)
s356,Aiyaary,Movie,India,2018,2018,TV-MA,Adult (18+)
s357,Aiyyaa,Movie,India,2012,2020,TV-14,Teens (13-17)
s358,AJ and the Queen,TV Show,United States,2020,2020,TV-14,Teens (13-17)
s359,Ajab Prem Ki Ghazab Kahani,Movie,India,2009,2020,TV-14,Teens (13-17)
s360,Ajaibnya Cinta,TV Show,Unknown Country,2015,2017,TV-PG,Kids & Family
s361,AJIN: Demi-Human,TV Show,Japan,2016,2016,TV-MA,Adult (18+)
s362,Ajji,Movie,India,2017,2018,TV-MA,Adult (18+)
s363,AK vs AK,Movie,India,2020,2020,TV-MA,Adult (18+)
s364,Akame ga Kill!,TV Show,Japan,2014,2020,TV-14,Teens (13-17)
s365,Akbar Birbal,TV Show,India,2019,2020,TV-G,Kids & Family
s366,Akulah Balqis,TV Show,Unknown Country,2015,2017,TV-14,Teens (13-17)
s367,Al acecho,Movie,Unknown Country,2019,2021,TV-MA,Adult (18+)
s368,Al Hayba,TV Show,Lebanon,2017,2018,TV-14,Teens (13-17)
s369,Ala Vaikunthapurramuloo,Movie,India,2020,2020,TV-14,Teens (13-17)
s370,Alakada Reloaded,Movie,Unknown Country,2017,2020,TV-MA,Adult (18+)
s371,Alan Saldaña: Mi vida de pobre,Movie,Mexico,2017,2017,TV-MA,Adult (18+)
s372,Alarmoty in the Land of Fire,Movie,Egypt,2017,2019,TV-MA,Adult (18+)
s373,Alaska Is a Drag,Movie,United States,2017,2020,TV-MA,Adult (18+)
s374,Albert Pinto Ko Gussa Kyun Aata Hai?,Movie,India,2019,2019,TV-MA,Adult (18+)
s375,Albion: The Enchanted Stallion,Movie,United States,2016,2017,TV-PG,Kids & Family
s375,Albion: The Enchanted Stallion,Movie,Bulgaria,2016,2017,TV-PG,Kids & Family
s376,Alejandro Riaño: Especial de stand up,Movie,Colombia,2018,2018,TV-MA,Adult (18+)
s377,Alejandro Sanz: What I Was Is What I Am,Movie,Spain,2018,2018,TV-MA,Adult (18+)
s378,Alelí,Movie,Uruguay,2019,2020,TV-MA,Adult (18+)
s378,Alelí,Movie,Argentina,2019,2020,TV-MA,Adult (18+)
s379,Alex Fernández: The Best Comedian in the World,Movie,Mexico,2020,2020,TV-MA,Adult (18+)
s380,Alex Strangelove,Movie,United States,2018,2018,TV-MA,Adult (18+)
s381,Alexa & Katie,TV Show,United States,2020,2020,TV-G,Kids & Family
s382,Alexandria ... Why?,Movie,Egypt,1979,2020,TV-MA,Adult (18+)
s382,Alexandria ... Why?,Movie,Algeria,1979,2020,TV-MA,Adult (18+)
s383,Alexandria: Again and Forever,Movie,France,1989,2020,TV-MA,Adult (18+)
s383,Alexandria: Again and Forever,Movie,Egypt,1989,2020,TV-MA,Adult (18+)
s384,Alexis Viera: A Story of Surviving,Movie,Uruguay,2019,2019,TV-MA,Adult (18+)
s385,Ali & Alia,Movie,United Arab Emirates,2019,2020,TV-14,Teens (13-17)
s386,Ali Baba ve 7 Cüceler,Movie,Turkey,2015,2020,TV-MA,Adult (18+)
s387,Ali Wong: Baby Cobra,Movie,United States,2016,2016,TV-MA,Adult (18+)
s388,Ali Wong: Hard Knock Wife,Movie,United States,2018,2018,TV-MA,Adult (18+)
s389,Ali's Wedding,Movie,Australia,2018,2018,TV-MA,Adult (18+)
s390,Alias Grace,TV Show,Canada,2017,2017,TV-MA,Adult (18+)
s391,"Alias JJ, la celebridad del mal",Movie,Unknown Country,2017,2017,TV-MA,Adult (18+)
s392,Alibaba Aur 40 Chor,Movie,Soviet Union,1980,2018,TV-14,Teens (13-17)
s392,Alibaba Aur 40 Chor,Movie,India,1980,2018,TV-14,Teens (13-17)
s393,Alice Doesn't Live Here Anymore,Movie,United States,1974,2019,PG,Kids & Family
s394,Alice in Borderland,TV Show,Japan,2020,2020,TV-MA,Adult (18+)
s395,Alice Junior,Movie,Brazil,2019,2020,TV-MA,Adult (18+)
s396,Alien Contact: Outer Space,Movie,United States,2017,2018,TV-PG,Kids & Family
s397,Alien TV,TV Show,Unknown Country,2020,2020,TV-Y7,Kids & Family
s398,Alien Warfare,Movie,United States,2019,2019,TV-MA,Adult (18+)
s399,Alien Worlds,TV Show,United Kingdom,2020,2020,TV-PG,Kids & Family
s400,Alien Xmas,Movie,United States,2020,2020,TV-Y,Kids & Family
s401,Aliens Ate My Homework,Movie,United States,2018,2018,PG,Kids & Family
s402,Alive and Kicking,Movie,Sweden,2016,2017,TV-14,Teens (13-17)
s402,Alive and Kicking,Movie,United States,2016,2017,TV-14,Teens (13-17)
s403,All About Love,Movie,South Africa,2017,2020,TV-MA,Adult (18+)
s404,All About Nina,Movie,United States,2018,2019,R,Adult (18+)
s405,All About the Washingtons,TV Show,United States,2018,2018,TV-PG,Kids & Family
s406,All American,TV Show,United States,2019,2020,TV-14,Teens (13-17)
s407,All Because of You,Movie,Malaysia,2020,2020,TV-PG,Kids & Family
s408,All Day and a Night,Movie,United States,2020,2020,R,Adult (18+)
s409,All Dogs Go to Heaven,Movie,Ireland,1989,2020,G,Kids & Family
s409,All Dogs Go to Heaven,Movie,United Kingdom,1989,2020,G,Kids & Family
s409,All Dogs Go to Heaven,Movie,United States,1989,2020,G,Kids & Family
s410,All For Love,TV Show,Colombia,2020,2020,TV-MA,Adult (18+)
s411,All Good Ones Get Away,Movie,Spain,2019,2019,TV-MA,Adult (18+)
s411,All Good Ones Get Away,Movie,Italy,2019,2019,TV-MA,Adult (18+)
s412,All Hail King Julien,TV Show,United States,2017,2017,TV-Y7,Kids & Family
s413,All Hail King Julien: Exiled,TV Show,Unknown Country,2017,2017,TV-Y7,Kids & Family
s414,All Hallows' Eve,Movie,United States,2016,2017,TV-G,Kids & Family
s415,All In My Family,Movie,United States,2019,2019,TV-14,Teens (13-17)
s416,All Light Will End,Movie,United States,2018,2019,TV-MA,Adult (18+)
s417,All of You,Movie,Philippines,2017,2019,TV-MA,Adult (18+)
s418,All the Boys Love Mandy Lane,Movie,United States,2006,2018,R,Adult (18+)
s419,All The Bright Places,Movie,United States,2020,2020,TV-MA,Adult (18+)
s420,All the Devil's Men,Movie,United Kingdom,2018,2019,R,Adult (18+)
s421,All the Freckles in the World,Movie,Mexico,2020,2020,TV-14,Teens (13-17)
s422,All The Reasons To Forget,Movie,Brazil,2017,2018,TV-MA,Adult (18+)
s423,All Together Now,Movie,United States,2020,2020,PG,Kids & Family
s424,"All's Well, End's Well (2009)",Movie,Hong Kong,2009,2018,TV-14,Teens (13-17)
s425,Alles ist gut,Movie,Germany,2019,2019,TV-MA,Adult (18+)
s426,AllI Wish,Movie,United States,2017,2020,R,Adult (18+)
s427,Almost Happy,TV Show,Argentina,2020,2020,TV-MA,Adult (18+)
s428,Almost Love,Movie,United States,2020,2020,TV-MA,Adult (18+)
s429,Alone,TV Show,Unknown Country,2019,2020,TV-14,Teens (13-17)
s430,Alone in Berlin,Movie,United Kingdom,2016,2019,R,Adult (18+)
s430,Alone in Berlin,Movie,France,2016,2019,R,Adult (18+)
s430,Alone in Berlin,Movie,Germany,2016,2019,R,Adult (18+)
s431,Alone/Together,Movie,Philippines,2019,2020,TV-14,Teens (13-17)
s432,Along Came a Spider,Movie,United States,2001,2019,R,Adult (18+)
s432,Along Came a Spider,Movie,Germany,2001,2019,R,Adult (18+)
s432,Along Came a Spider,Movie,Canada,2001,2019,R,Adult (18+)
s433,Alpha and Omega 2: A Howl-iday Adventure,Movie,United States,2013,2019,TV-G,Kids & Family
s434,Alpha and Omega: The Legend of the Saw Tooth Cave,Movie,United States,2014,2020,TV-Y7,Kids & Family
s434,Alpha and Omega: The Legend of the Saw Tooth Cave,Movie,India,2014,2020,TV-Y7,Kids & Family
s435,Alphablocks,TV Show,United Kingdom,2014,2020,TV-Y,Kids & Family
s436,AlphaGo,Movie,United States,2017,2018,TV-G,Kids & Family
s437,Alt-Right: Age of Rage,Movie,Unknown Country,2018,2019,TV-MA,Adult (18+)
s438,Altered Carbon,TV Show,United States,2020,2020,TV-MA,Adult (18+)
s439,Altered Carbon: Resleeved,Movie,Japan,2020,2020,TV-MA,Adult (18+)
s439,Altered Carbon: Resleeved,Movie,United States,2020,2020,TV-MA,Adult (18+)
s440,Always a Bridesmaid,Movie,United States,2019,2020,TV-14,Teens (13-17)
s441,Always a Witch,TV Show,Colombia,2019,2020,TV-14,Teens (13-17)
s442,Always Be My Maybe,Movie,Philippines,2016,2020,TV-14,Teens (13-17)
s443,Amanda Knox,Movie,Denmark,2016,2016,TV-MA,Adult (18+)
s443,Amanda Knox,Movie,United States,2016,2016,TV-MA,Adult (18+)
s444,Amandla! A Revolution in Four Part Harmony,Movie,South Africa,2002,2020,PG-13,Teens (13-17)
s444,Amandla! A Revolution in Four Part Harmony,Movie,United States,2002,2020,PG-13,Teens (13-17)
s445,Amar,Movie,Spain,2017,2017,TV-MA,Adult (18+)
s446,Amar Akbar & Tony,Movie,United Kingdom,2015,2017,TV-MA,Adult (18+)
s447,Amar Akbar Anthony,Movie,India,1977,2019,TV-14,Teens (13-17)
s448,Amar's Hands,Movie,Egypt,2011,2019,TV-14,Teens (13-17)
s449,Amateur,Movie,United States,2018,2018,TV-MA,Adult (18+)
s450,Amazing Interiors,TV Show,United Kingdom,2018,2018,TV-PG,Kids & Family
s451,Amelia: A Tale of Two Sisters,Movie,United Kingdom,2017,2017,TV-PG,Kids & Family
s452,America's Book of Secrets,TV Show,United States,2014,2019,TV-14,Teens (13-17)
s453,America's Next Top Model,TV Show,United States,2013,2020,TV-14,Teens (13-17)
s454,American Anarchist,Movie,United States,2016,2017,TV-MA,Adult (18+)
s455,American Assassin,Movie,United States,2017,2020,R,Adult (18+)
s456,American Beauty,Movie,United States,1999,2020,R,Adult (18+)
s457,American Circumcision,Movie,United States,2017,2018,TV-14,Teens (13-17)
s458,American Crime,TV Show,United States,2017,2017,TV-MA,Adult (18+)
s459,American Crime Story: The People v. O.J. Simpson,TV Show,United States,2016,2019,TV-MA,Adult (18+)
s460,American Experience: Ruby Ridge,Movie,United States,2017,2017,TV-MA,Adult (18+)
s461,American Experience: The Circus,TV Show,United States,2018,2019,TV-PG,Kids & Family
s462,American Experience: The Island Murder,Movie,United States,2018,2019,TV-14,Teens (13-17)
s463,American Factory,Movie,United States,2019,2019,TV-14,Teens (13-17)
s464,American Factory: A Conversation with the Obamas,Movie,United States,2019,2019,TV-G,Kids & Family
s465,American Hangman,Movie,Canada,2019,2019,TV-MA,Adult (18+)
s466,American Heist,Movie,Canada,2014,2019,R,Adult (18+)
s466,American Heist,Movie,Luxembourg,2014,2019,R,Adult (18+)
s467,American History X,Movie,United States,1998,2019,R,Adult (18+)
s468,American Honey,Movie,United Kingdom,2016,2019,R,Adult (18+)
s468,American Honey,Movie,United States,2016,2019,R,Adult (18+)
s469,American Horror Story,TV Show,United States,2019,2020,TV-MA,Adult (18+)
s470,American Masters: Ted Williams,Movie,United States,2018,2019,TV-MA,Adult (18+)
s471,American Murder: The Family Next Door,Movie,United States,2020,2020,TV-MA,Adult (18+)
s472,American Odyssey,TV Show,United States,2015,2016,TV-14,Teens (13-17)
s473,American Pie 9: Girls' Rules,Movie,United States,2020,2020,R,Adult (18+)
s474,American Psycho,Movie,United States,2000,2019,R,Adult (18+)
s474,American Psycho,Movie,Canada,2000,2019,R,Adult (18+)
s475,American Son,Movie,United States,2019,2019,TV-MA,Adult (18+)
s476,American Vandal,TV Show,United States,2018,2018,TV-MA,Adult (18+)
s477,American Warfighter,Movie,United States,2019,2019,TV-MA,Adult (18+)
s478,Amit Tandon: Family Tandoncies,Movie,India,2019,2020,TV-14,Teens (13-17)
s479,AMO,TV Show,Philippines,2017,2018,TV-MA,Adult (18+)
s480,Among Family,Movie,Turkey,2017,2019,TV-14,Teens (13-17)
s481,Amrapali,Movie,India,1966,2017,TV-PG,Kids & Family
s482,Amy,Movie,United Kingdom,2015,2018,R,Adult (18+)
s483,Amy Schumer Growing,Movie,United States,2019,2019,TV-MA,Adult (18+)
s484,Amy Schumer: The Leather Special,Movie,United States,2017,2017,TV-MA,Adult (18+)
s485,An American in Madras,Movie,India,2013,2017,TV-PG,Kids & Family
s486,An American Tail,Movie,United States,1986,2018,G,Kids & Family
s487,An American Tail: Fievel Goes West,Movie,United States,1991,2018,G,Kids & Family
s488,An American Tail: The Mystery of the Night Monster,Movie,United States,1999,2018,G,Kids & Family
s489,An American Tail: The Treasures of Manhattan Island,Movie,United States,2000,2018,G,Kids & Family
s490,An Easy Girl,Movie,France,2019,2020,TV-MA,Adult (18+)
s491,An Egyptian Story,Movie,Egypt,1982,2020,TV-MA,Adult (18+)
s492,An Evening with Beverly Luff Linn,Movie,United Kingdom,2018,2020,R,Adult (18+)
s492,An Evening with Beverly Luff Linn,Movie,United States,2018,2020,R,Adult (18+)
s493,An Hour and a Half,Movie,Egypt,2012,2019,TV-14,Teens (13-17)
s494,An Imperfect Murder,Movie,United States,2017,2021,R,Adult (18+)
s495,An Innocent Mistake,TV Show,Taiwan,2012,2017,TV-14,Teens (13-17)
s496,An Interview with God,Movie,United States,2018,2019,TV-PG,Kids & Family
s497,An Ordinary Man,Movie,Serbia,2017,2020,R,Adult (18+)
s497,An Ordinary Man,Movie,United States,2017,2020,R,Adult (18+)
s498,An Unremarkable Christmas,Movie,Colombia,2020,2020,TV-14,Teens (13-17)
s499,An Upper Egyptian,Movie,Egypt,2014,2019,TV-MA,Adult (18+)
s500,Ana e Vitória,Movie,Brazil,2018,2018,TV-MA,Adult (18+)
s501,Anaamika,Movie,India,2014,2020,TV-14,Teens (13-17)
s502,Anarkali of Aarah,Movie,India,2017,2017,TV-MA,Adult (18+)
s503,Anchor and Hope,Movie,Spain,2017,2019,TV-MA,Adult (18+)
s504,Anchor Baby,Movie,Canada,2010,2020,TV-MA,Adult (18+)
s504,Anchor Baby,Movie,Nigeria,2010,2020,TV-MA,Adult (18+)
s505,Ancient Aliens,TV Show,United States,2018,2019,TV-14,Teens (13-17)
s506,And Breathe Normally,Movie,Iceland,2018,2019,TV-14,Teens (13-17)
s506,And Breathe Normally,Movie,Sweden,2018,2019,TV-14,Teens (13-17)
s506,And Breathe Normally,Movie,Belgium,2018,2019,TV-14,Teens (13-17)
s507,Andaleeb El Dokki,Movie,Egypt,2008,2020,TV-14,Teens (13-17)
s508,Andaz Apna Apna,Movie,India,1994,2020,TV-14,Teens (13-17)
s509,Andhadhun,Movie,India,2018,2018,TV-14,Teens (13-17)
s510,Andhaghaaram,Movie,Unknown Country,2020,2020,TV-14,Teens (13-17)
s511,Andhakaaram,Movie,India,2020,2020,TV-14,Teens (13-17)
s512,André & his olive tree,Movie,Singapore,2020,2020,TV-PG,Kids & Family
s513,Anelka: Misunderstood,Movie,France,2020,2020,TV-14,Teens (13-17)
s514,Anesthesia,Movie,United States,2015,2018,R,Adult (18+)
s515,Angamaly Diaries,Movie,India,2017,2018,TV-14,Teens (13-17)
s516,Angel 'N' Devil,TV Show,Taiwan,2014,2019,TV-14,Teens (13-17)
s517,Angel Beats!,TV Show,Japan,2010,2019,TV-PG,Kids & Family
s518,Angel Eyes,Movie,United States,2001,2020,R,Adult (18+)
s519,Angel Has Fallen,Movie,United States,2019,2020,R,Adult (18+)
s520,Angela's Christmas,Movie,Ireland,2018,2018,TV-Y,Kids & Family
s520,Angela's Christmas,Movie,Canada,2018,2018,TV-Y,Kids & Family
s521,Angela's Christmas Wish,Movie,United States,2020,2020,TV-Y,Kids & Family
s522,Angels & Demons,Movie,United States,2009,2020,PG-13,Teens (13-17)
s522,Angels & Demons,Movie,Italy,2009,2020,PG-13,Teens (13-17)
s523,Anger Management,Movie,United States,2003,2019,PG-13,Teens (13-17)
s524,Angry Birds,TV Show,Finland,2018,2019,TV-Y7,Kids & Family
s525,Angry Indian Goddesses,Movie,India,2015,2017,TV-MA,Adult (18+)
s525,Angry Indian Goddesses,Movie,Germany,2015,2017,TV-MA,Adult (18+)
s526,Angu Vaikuntapurathu (Malayalam),Movie,Unknown Country,2020,2020,TV-14,Teens (13-17)
s527,Ani... Dr. Kashinath Ghanekar,Movie,India,2018,2020,TV-14,Teens (13-17)
s528,ANIMA,Movie,United Kingdom,2019,2019,TV-PG,Kids & Family
s529,Animal Crackers,Movie,China,2020,2020,TV-Y7,Kids & Family
s529,Animal Crackers,Movie,Spain,2020,2020,TV-Y7,Kids & Family
s529,Animal Crackers,Movie,South Korea,2020,2020,TV-Y7,Kids & Family
s529,Animal Crackers,Movie,United States,2020,2020,TV-Y7,Kids & Family
s530,Animal World,Movie,China,2018,2018,TV-MA,Adult (18+)
s531,Animas,Movie,Spain,2018,2019,TV-MA,Adult (18+)
s531,Animas,Movie,Belgium,2018,2019,TV-MA,Adult (18+)
s532,Anitta: Made In Honório,TV Show,Brazil,2020,2020,TV-MA,Adult (18+)
s533,Anjaan,Movie,India,2014,2018,TV-14,Teens (13-17)
s534,Anjaan: Rural Myths,TV Show,India,2018,2018,TV-14,Teens (13-17)
s535,Anjaan: Special Crimes Unit,TV Show,India,2018,2018,TV-14,Teens (13-17)
s536,Anjelah Johnson: Not Fancy,Movie,United States,2015,2015,TV-14,Teens (13-17)
s537,Ankhon Dekhi,Movie,India,2013,2020,TV-PG,Kids & Family
s538,Ankur Arora Murder Case,Movie,India,2013,2017,TV-14,Teens (13-17)
s539,Annabelle Hooper and the Ghosts of Nantucket,Movie,United States,2016,2017,TV-PG,Kids & Family
s540,Anne with an E,TV Show,Canada,2019,2020,TV-PG,Kids & Family
s541,Anohana: The Flower We Saw That Day,TV Show,Japan,2011,2019,TV-14,Teens (13-17)
s542,Anon,Movie,United Kingdom,2018,2018,TV-MA,Adult (18+)
s542,Anon,Movie,Canada,2018,2018,TV-MA,Adult (18+)
s542,Anon,Movie,United States,2018,2018,TV-MA,Adult (18+)
s542,Anon,Movie,Germany,2018,2018,TV-MA,Adult (18+)
s543,Another Forever,Movie,Brazil,2016,2017,TV-PG,Kids & Family
s543,Another Forever,Movie,Netherlands,2016,2017,TV-PG,Kids & Family
s543,Another Forever,Movie,United States,2016,2017,TV-PG,Kids & Family
s543,Another Forever,Movie,Colombia,2016,2017,TV-PG,Kids & Family
s543,Another Forever,Movie,Austria,2016,2017,TV-PG,Kids & Family
s543,Another Forever,Movie,Germany,2016,2017,TV-PG,Kids & Family
s544,Another Life,TV Show,United States,2019,2019,TV-MA,Adult (18+)
s545,Another Miss Oh,TV Show,South Korea,2016,2019,TV-MA,Adult (18+)
s546,Answer for Heaven,TV Show,Unknown Country,2019,2019,TV-MA,Adult (18+)
s547,Ant-Man and the Wasp,Movie,United States,2018,2019,PG-13,Teens (13-17)
s548,Antar: Son of Shadad,Movie,Egypt,2017,2019,TV-MA,Adult (18+)
s549,Antariksha Ke Rakhwale,Movie,Unknown Country,2018,2019,TV-Y7,Kids & Family
s550,Anthony Bourdain: Parts Unknown,TV Show,United States,2018,,TV-PG,Kids & Family
s551,Anthony Jeselnik: Fire in the Maternity Ward,Movie,United States,2019,2019,TV-MA,Adult (18+)
s552,Anthony Jeselnik: Thoughts and Prayers,Movie,United States,2015,2015,TV-MA,Adult (18+)
s553,Anthony Kaun Hai?,Movie,India,2006,2018,TV-14,Teens (13-17)
s554,Antidote,Movie,United States,2018,2019,TV-MA,Adult (18+)
s555,Antoine Griezmann: The Making of a Legend,Movie,Unknown Country,2019,2019,TV-PG,Kids & Family
s556,Anwar,Movie,India,2007,2019,TV-14,Teens (13-17)
s557,忍者ハットリくん,TV Show,Japan,2012,2018,TV-Y7,Kids & Family
s558,Apache Warrior,Movie,United States,2017,2019,TV-MA,Adult (18+)
s559,Apache: The Life of Carlos Tevez,TV Show,Argentina,2019,2019,TV-MA,Adult (18+)
s560,Apaches,TV Show,Spain,2016,2017,TV-MA,Adult (18+)
s561,Apaharan,Movie,India,2005,2021,TV-14,Teens (13-17)
s562,APEX: The Story of the Hypercar,Movie,United States,2016,2016,NR,Not Rated (NR)
s563,Apollo 18,Movie,United States,2011,2019,PG-13,Teens (13-17)
s563,Apollo 18,Movie,Canada,2011,2019,PG-13,Teens (13-17)
s564,Apostle,Movie,United Kingdom,2018,2018,TV-MA,Adult (18+)
s564,Apostle,Movie,United States,2018,2018,TV-MA,Adult (18+)
s565,April and the Extraordinary World,Movie,France,2015,2017,PG,Kids & Family
s565,April and the Extraordinary World,Movie,Canada,2015,2017,PG,Kids & Family
s565,April and the Extraordinary World,Movie,Belgium,2015,2017,PG,Kids & Family
s566,Aquarius,TV Show,United States,2016,2017,TV-MA,Adult (18+)
s567,Arès,Movie,France,2016,2017,TV-MA,Adult (18+)
s568,"Aram, Aram",Movie,United States,2015,2017,TV-14,Teens (13-17)
s569,Arango y Sanint: Ríase el show,Movie,Colombia,2018,2018,TV-MA,Adult (18+)
s570,ARASHI's Diary -Voyage-,TV Show,Japan,2019,2019,TV-PG,Kids & Family
s571,Archibald's Next Big Thing,TV Show,Unknown Country,2020,2020,TV-Y7,Kids & Family
s572,Arctic Dogs,Movie,India,2019,2020,PG,Kids & Family
s572,Arctic Dogs,Movie,United Kingdom,2019,2020,PG,Kids & Family
s572,Arctic Dogs,Movie,China,2019,2020,PG,Kids & Family
s572,Arctic Dogs,Movie,Canada,2019,2020,PG,Kids & Family
s572,Arctic Dogs,Movie,Japan,2019,2020,PG,Kids & Family
s572,Arctic Dogs,Movie,South Korea,2019,2020,PG,Kids & Family
s572,Arctic Dogs,Movie,United States,2019,2020,PG,Kids & Family
s573,Arctic Heart,Movie,France,2016,2017,TV-14,Teens (13-17)
s573,Arctic Heart,Movie,Belgium,2016,2017,TV-14,Teens (13-17)
s574,Are We Done Yet?,Movie,Egypt,2018,2019,TV-14,Teens (13-17)
s575,Are You The One,TV Show,United States,2014,2020,TV-14,Teens (13-17)
s576,Ares,TV Show,Netherlands,2020,2020,TV-MA,Adult (18+)
s577,Argon,TV Show,South Korea,2017,2017,TV-MA,Adult (18+)
s578,Ari Eldjárn: Pardon My Icelandic,Movie,Iceland,2020,2020,TV-MA,Adult (18+)
s579,Ari Shaffir: Double Negative,TV Show,United States,2017,2017,TV-MA,Adult (18+)
s580,"Ariana grande: excuse me, i love you",Movie,United States,2020,2020,TV-MA,Adult (18+)
s581,Arisan 2,Movie,Indonesia,2011,2018,TV-14,Teens (13-17)
s582,Arjun: The Warrior Prince,Movie,India,2011,2018,TV-14,Teens (13-17)
s583,ARQ,Movie,Canada,2016,2016,TV-MA,Adult (18+)
s583,ARQ,Movie,United States,2016,2016,TV-MA,Adult (18+)
s584,Arrested Development,TV Show,United States,2019,2018,TV-MA,Adult (18+)
s585,Arrow,TV Show,United States,2019,2020,TV-14,Teens (13-17)
s586,Arsenio Hall: Smart & Classy,Movie,United States,2019,2019,TV-MA,Adult (18+)
s587,Arthdal Chronicles,TV Show,South Korea,2019,2019,TV-MA,Adult (18+)
s588,Arthur,Movie,United States,2011,2019,PG-13,Teens (13-17)
s589,Arthur Christmas,Movie,United Kingdom,2011,2020,PG,Kids & Family
s589,Arthur Christmas,Movie,United States,2011,2020,PG,Kids & Family
s590,Article 15,Movie,India,2019,2019,TV-MA,Adult (18+)
s591,Aruna & Her Palate,Movie,Indonesia,2018,2020,TV-14,Teens (13-17)
s591,Aruna & Her Palate,Movie,South Korea,2018,2020,TV-14,Teens (13-17)
s591,Aruna & Her Palate,Movie,Singapore,2018,2020,TV-14,Teens (13-17)
s592,"As Above, So Below",Movie,United States,2014,2018,R,Adult (18+)
s593,As Good as It Gets,Movie,United States,1997,2020,PG-13,Teens (13-17)
s594,Ascharyachakit!,Movie,India,2018,2018,TV-MA,Adult (18+)
s595,Asees,Movie,India,2018,2018,TV-14,Teens (13-17)
s596,Ash vs. Evil Dead,TV Show,United States,2018,2019,TV-MA,Adult (18+)
s597,Ashes of Love,TV Show,China,2018,2018,TV-14,Teens (13-17)
s598,Ask the Doctor,TV Show,Australia,2017,2018,TV-PG,Kids & Family
s599,Ask the StoryBots,TV Show,United States,2019,2019,TV-Y,Kids & Family
s600,Asoka,Movie,India,2001,2017,R,Adult (18+)
s601,Asperger's Are Us,Movie,United States,2016,2016,TV-MA,Adult (18+)
s602,Asphalt Burning,Movie,Norway,2020,2021,TV-14,Teens (13-17)
s603,Assimilate,Movie,United States,2019,2019,TV-MA,Adult (18+)
s604,Astronomy Club: The Sketch Show,TV Show,United States,2019,2019,TV-MA,Adult (18+)
s605,Asu Mare 2,Movie,Peru,2015,2016,TV-14,Teens (13-17)
s606,Asura Guru,Movie,India,2020,2020,TV-14,Teens (13-17)
s607,Asura: The City of Madness,Movie,South Korea,2016,2018,NR,Not Rated (NR)
s608,At All Costs,Movie,United States,2016,2016,TV-MA,Adult (18+)
s609,At First Light,Movie,Canada,2018,2018,TV-14,Teens (13-17)
s610,At the Dolphin Bay,TV Show,Taiwan,2003,2019,TV-14,Teens (13-17)
s611,Atelier,TV Show,Japan,2015,2015,TV-PG,Kids & Family
s612,Athlete A,Movie,United States,2020,2020,PG-13,Teens (13-17)
s613,Atlantics,Movie,France,2019,2019,TV-14,Teens (13-17)
s613,Atlantics,Movie,Senegal,2019,2019,TV-14,Teens (13-17)
s613,Atlantics,Movie,Belgium,2019,2019,TV-14,Teens (13-17)
s614,Atlas Shrugged: Part II,Movie,United States,2012,2020,PG-13,Teens (13-17)
s615,ATM,Movie,United States,2012,2018,TV-14,Teens (13-17)
s615,ATM,Movie,Canada,2012,2018,TV-14,Teens (13-17)
s616,Atomic Puppet,TV Show,Canada,2016,2017,TV-Y7,Kids & Family
s616,Atomic Puppet,TV Show,France,2016,2017,TV-Y7,Kids & Family
s617,Attack on Titan,TV Show,Japan,2013,2019,TV-MA,Adult (18+)
s618,Attacking the Devil: Harold Evans and the Last Nazi War Crime,Movie,United Kingdom,2014,2016,TV-14,Teens (13-17)
s619,Attitude Test,Movie,Chile,2016,2018,TV-14,Teens (13-17)
s620,Atypical,TV Show,United States,2019,2019,TV-14,Teens (13-17)
s621,Audrie & Daisy,Movie,United States,2016,2016,TV-MA,Adult (18+)
s622,Aunty Donna's Big Ol' House of Fun,TV Show,Australia,2020,2020,TV-MA,Adult (18+)
s623,Aurora,Movie,Romania,2010,2020,TV-MA,Adult (18+)
s623,Aurora,Movie,France,2010,2020,TV-MA,Adult (18+)
s623,Aurora,Movie,Switzerland,2010,2020,TV-MA,Adult (18+)
s623,Aurora,Movie,Germany,2010,2020,TV-MA,Adult (18+)
s624,Auschwitz: Blueprints of Genocide,Movie,United Kingdom,1994,2019,TV-PG,Kids & Family
s625,Aussie Gold Hunters,TV Show,Australia,2016,2017,TV-MA,Adult (18+)
s626,Austin Powers in Goldmember,Movie,United States,2002,2019,PG-13,Teens (13-17)
s627,Austin Powers: International Man of Mystery,Movie,United States,1997,2019,PG-13,Teens (13-17)
s628,Austin Powers: The Spy Who Shagged Me,Movie,United States,1999,2019,PG-13,Teens (13-17)
s629,Autohead,Movie,India,2016,2017,TV-MA,Adult (18+)
s630,Automata,Movie,Bulgaria,2014,2017,R,Adult (18+)
s630,Automata,Movie,United States,2014,2017,R,Adult (18+)
s630,Automata,Movie,Spain,2014,2017,R,Adult (18+)
s630,Automata,Movie,Canada,2014,2017,R,Adult (18+)
s631,Autumn's Concerto,TV Show,Taiwan,2009,2016,TV-14,Teens (13-17)
s632,Ava,Movie,United States,2020,2020,R,Adult (18+)
s633,Avatar: The Last Airbender,TV Show,United States,2007,2020,TV-Y7,Kids & Family
s634,Ave Maryam,Movie,Indonesia,2018,2020,TV-PG,Kids & Family
s635,Avengement,Movie,United Kingdom,2019,2019,TV-MA,Adult (18+)
s636,Avengers: Infinity War,Movie,United States,2018,2018,PG-13,Teens (13-17)
s637,Avicii: True Stories,Movie,Sweden,2017,2018,TV-MA,Adult (18+)
s637,Avicii: True Stories,Movie,Netherlands,2017,2018,TV-MA,Adult (18+)
s638,Await Further Instructions,Movie,United Kingdom,2018,2019,TV-MA,Adult (18+)
s639,Awake,Movie,United States,2019,2019,TV-MA,Adult (18+)
s640,Awake: The Million Dollar Game,TV Show,United States,2019,2019,TV-PG,Kids & Family
s641,Away,TV Show,United States,2020,2020,TV-14,Teens (13-17)
s642,Away From Home,TV Show,Unknown Country,2015,2019,TV-PG,Kids & Family
s643,Awe,Movie,India,2018,2019,TV-MA,Adult (18+)
s644,Axone,Movie,India,2020,2020,TV-MA,Adult (18+)
s645,Ayana,Movie,India,2017,2019,TV-MA,Adult (18+)
s646,"Ayotzinapa, el paso de la tortuga",Movie,Mexico,2018,2018,TV-MA,Adult (18+)
s647,Azali,Movie,Ghana,2018,2020,TV-14,Teens (13-17)
s648,Azhar,Movie,India,2016,2019,TV-14,Teens (13-17)
s649,Aziz Ansari Live at Madison Square Garden,Movie,United States,2015,2015,TV-MA,Adult (18+)
s650,Aziz Ansari: Buried Alive,Movie,United States,2013,2013,TV-MA,Adult (18+)
s651,Aziz Ansari: RIGHT NOW,Movie,United States,2019,2019,TV-MA,Adult (18+)
s652,B: The Beginning,TV Show,Japan,2018,2018,TV-MA,Adult (18+)
s653,B.A. Pass,Movie,India,2013,2018,TV-14,Teens (13-17)
s654,B.A. Pass 2,Movie,India,2017,2018,TV-14,Teens (13-17)
s655,Baadshaho,Movie,India,2017,2017,TV-14,Teens (13-17)
s656,Baaghi,Movie,India,2016,2018,TV-14,Teens (13-17)
s657,Baahubali 2: The Conclusion (Hindi Version),Movie,India,2017,2017,TV-MA,Adult (18+)
s658,Baahubali 2: The Conclusion (Malayalam Version),Movie,Unknown Country,2017,2017,TV-14,Teens (13-17)
s659,Baahubali 2: The Conclusion (Tamil Version),Movie,Unknown Country,2017,2017,TV-MA,Adult (18+)
s660,Baahubali: The Beginning (English Version),Movie,Unknown Country,2015,2018,TV-14,Teens (13-17)
s661,Baahubali: The Beginning (Hindi Version),Movie,India,2015,2017,TV-14,Teens (13-17)
s662,Baahubali: The Beginning (Malayalam Version),Movie,Unknown Country,2015,2017,TV-14,Teens (13-17)
s663,Baahubali: The Beginning (Tamil Version),Movie,Unknown Country,2015,2017,TV-14,Teens (13-17)
s664,Baazaar,Movie,India,2018,2019,TV-MA,Adult (18+)
s665,Babam ve Oğlum,Movie,Turkey,2005,2018,TV-14,Teens (13-17)
s666,Babamın Ceketi,Movie,Turkey,2018,2020,TV-MA,Adult (18+)
s667,Babel,Movie,France,2006,2019,R,Adult (18+)
s667,Babel,Movie,United States,2006,2019,R,Adult (18+)
s667,Babel,Movie,Mexico,2006,2019,R,Adult (18+)
s668,Babies,TV Show,United States,2020,2020,TV-14,Teens (13-17)
s669,Baby,TV Show,Italy,2020,2020,TV-MA,Adult (18+)
s670,Baby Ballroom,TV Show,United Kingdom,2018,2018,TV-MA,Adult (18+)
s671,Baby Dolls,Movie,India,2019,2019,TV-PG,Kids & Family
s672,Baby Mamas,Movie,South Africa,2018,2020,TV-14,Teens (13-17)
s673,Babylon Berlin,TV Show,Germany,2020,2020,TV-MA,Adult (18+)
s674,Bachelor Girls,Movie,India,2016,2018,TV-MA,Adult (18+)
s675,Back and Forth,Movie,Brazil,2016,2017,NR,Not Rated (NR)
s676,Back of the Net,Movie,Australia,2019,2019,TV-Y,Kids & Family
s677,Back Street Girls -GOKUDOLS-,TV Show,Japan,2018,2018,TV-MA,Adult (18+)
s678,Back to 1989,TV Show,Taiwan,2016,2016,TV-PG,Kids & Family
s679,Back to School,Movie,Unknown Country,2019,2019,TV-MA,Adult (18+)
s680,Back to the 90s,Movie,Thailand,2015,2019,TV-14,Teens (13-17)
s681,Back with the Ex,TV Show,Unknown Country,2018,2019,TV-MA,Adult (18+)
s682,Backcountry,Movie,Canada,2014,2017,NR,Not Rated (NR)
s683,Backdraft 2,Movie,United States,2019,2019,R,Adult (18+)
s684,Backfire,Movie,United States,2019,2019,TV-MA,Adult (18+)
s685,Backtrack,Movie,Australia,2015,2018,R,Adult (18+)
s685,Backtrack,Movie,United Kingdom,2015,2018,R,Adult (18+)
s685,Backtrack,Movie,United Arab Emirates,2015,2018,R,Adult (18+)
s685,Backtrack,Movie,Canada,2015,2018,R,Adult (18+)
s686,Bad Blood,TV Show,Canada,2019,2019,TV-MA,Adult (18+)
s687,Bad Boy Billionaires: India,TV Show,India,2020,2020,TV-14,Teens (13-17)
s688,Bad Boys,Movie,United States,1995,2019,R,Adult (18+)
s689,Bad Boys II,Movie,United States,2003,2019,R,Adult (18+)
s690,Bad Day for the Cut,Movie,United Kingdom,2017,2018,TV-MA,Adult (18+)
s691,Bad Education,TV Show,United Kingdom,2014,2018,TV-MA,Adult (18+)
s692,Bad Genius,Movie,Thailand,2017,2018,TV-MA,Adult (18+)
s693,Bad Grandpa .5,Movie,United States,2014,2021,TV-MA,Adult (18+)
s694,Bad Guys,TV Show,South Korea,2014,2019,TV-MA,Adult (18+)
s695,Bad Guys: Vile City,TV Show,South Korea,2018,2018,TV-MA,Adult (18+)
s696,Bad Match,Movie,Singapore,2017,2018,TV-MA,Adult (18+)
s696,Bad Match,Movie,United States,2017,2018,TV-MA,Adult (18+)
s697,Bad Rap,Movie,United States,2016,2017,TV-MA,Adult (18+)
s697,Bad Rap,Movie,Canada,2016,2017,TV-MA,Adult (18+)
s698,Bad Seeds,Movie,France,2018,2018,TV-MA,Adult (18+)
s698,Bad Seeds,Movie,Belgium,2018,2018,TV-MA,Adult (18+)
s699,Badalte Rishton Ki Dastaan,TV Show,India,2013,2017,TV-14,Teens (13-17)
s700,Badha,Movie,India,2006,2018,TV-14,Teens (13-17)
s701,Badla,Movie,India,2019,2019,TV-14,Teens (13-17)
s702,Badland,Movie,United States,2019,2020,TV-14,Teens (13-17)
s703,Baewatch: Parental Guidance,TV Show,Unknown Country,2019,2020,TV-MA,Adult (18+)
s704,BAKI,TV Show,Japan,2020,2020,TV-MA,Adult (18+)
s705,Bakugan: Armored Alliance,TV Show,Unknown Country,2020,2020,TV-Y7,Kids & Family
s706,Bakugan: Battle Planet,TV Show,Japan,2018,2020,TV-PG,Kids & Family
s706,Bakugan: Battle Planet,TV Show,Canada,2018,2020,TV-PG,Kids & Family
s706,Bakugan: Battle Planet,TV Show,United States,2018,2020,TV-PG,Kids & Family
s707,Bal Ganesh,TV Show,Unknown Country,2019,2020,TV-Y7,Kids & Family
s708,Bala Loca,TV Show,Chile,2016,2017,TV-MA,Adult (18+)
s709,Balto,Movie,United States,1995,2018,G,Kids & Family
s710,Balto 2: Wolf Quest,Movie,United States,2001,2018,G,Kids & Family
s711,Balto 3: Wings of Change,Movie,United States,2004,2018,G,Kids & Family
s712,Balu Mahi,Movie,Pakistan,2017,2018,TV-MA,Adult (18+)
s713,Bana Masal Anlatma,Movie,Turkey,2015,2017,TV-14,Teens (13-17)
s714,Banana Island Ghost,Movie,Nigeria,2017,2019,TV-14,Teens (13-17)
s715,Banana Split,Movie,United States,2020,2020,TV-MA,Adult (18+)
s716,Band Aid,Movie,United States,2017,2019,R,Adult (18+)
s717,Band of Robbers,Movie,United States,2015,2016,NR,Not Rated (NR)
s718,Bandie,Movie,India,1978,2017,TV-PG,Kids & Family
s719,Bang Rajan 2,Movie,Thailand,2010,2018,TV-MA,Adult (18+)
s720,Bangistan,Movie,India,2015,2019,TV-14,Teens (13-17)
s721,Bangkok Bachelors,TV Show,Unknown Country,2016,2018,TV-MA,Adult (18+)
s722,Bangkok Buddies,TV Show,Thailand,2019,2019,TV-MA,Adult (18+)
s723,Bangkok Hell,Movie,Thailand,2002,2018,TV-MA,Adult (18+)
s724,Bangkok Love Stories: Hey You!,TV Show,Unknown Country,2018,2019,TV-14,Teens (13-17)
s725,Bangkok Love Stories: Innocence,TV Show,Thailand,2018,2019,TV-14,Teens (13-17)
s726,Bangkok Love Stories: Objects of Affection,TV Show,Thailand,2019,2019,TV-14,Teens (13-17)
s727,Bangkok Love Stories: Plead,TV Show,Thailand,2019,2019,TV-14,Teens (13-17)
s728,Bangkok Traffic (Love) Story,Movie,Thailand,2009,2018,TV-14,Teens (13-17)
s729,Barça Dreams,Movie,Spain,2015,2018,TV-MA,Adult (18+)
s730,Barah Aana,Movie,India,2009,2019,TV-14,Teens (13-17)
s731,Barakah Meets Barakah,Movie,Saudi Arabia,2016,2017,TV-MA,Adult (18+)
s732,Barbarians,TV Show,Germany,2020,2020,TV-MA,Adult (18+)
s733,Barbecue,Movie,Australia,2017,2017,TV-MA,Adult (18+)
s733,Barbecue,Movie,Armenia,2017,2017,TV-MA,Adult (18+)
s733,Barbecue,Movie,Japan,2017,2017,TV-MA,Adult (18+)
s733,Barbecue,Movie,Jordan,2017,2017,TV-MA,Adult (18+)
s733,Barbecue,Movie,Mexico,2017,2017,TV-MA,Adult (18+)
s733,Barbecue,Movie,Mongolia,2017,2017,TV-MA,Adult (18+)
s733,Barbecue,Movie,New Zealand,2017,2017,TV-MA,Adult (18+)
s733,Barbecue,Movie,Philippines,2017,2017,TV-MA,Adult (18+)
s733,Barbecue,Movie,South Africa,2017,2017,TV-MA,Adult (18+)
s733,Barbecue,Movie,Sweden,2017,2017,TV-MA,Adult (18+)
s733,Barbecue,Movie,United States,2017,2017,TV-MA,Adult (18+)
s733,Barbecue,Movie,Uruguay,2017,2017,TV-MA,Adult (18+)
s734,Barbie & Her Sisters in a Pony Tale,Movie,United States,2013,2017,TV-Y,Kids & Family
s735,Barbie Dolphin Magic,Movie,United States,2017,2017,TV-Y,Kids & Family
s735,Barbie Dolphin Magic,Movie,Canada,2017,2017,TV-Y,Kids & Family
s736,Barbie Dreamhouse Adventures,TV Show,United States,2018,2019,TV-Y,Kids & Family
s736,Barbie Dreamhouse Adventures,TV Show,Canada,2018,2019,TV-Y,Kids & Family
s737,Barbie Dreamhouse Adventures: Go Team Roberts,TV Show,Unknown Country,2020,2020,TV-Y,Kids & Family
s738,Barbie in A Mermaid Tale,Movie,United States,2010,2017,TV-Y,Kids & Family
s739,Barbie in Princess Power,Movie,United States,2015,2017,TV-Y,Kids & Family
s740,Barbie in Rock 'N Royals,Movie,United States,2015,2017,TV-Y,Kids & Family
s741,Barbie Life in the Dreamhouse,TV Show,United States,2012,2017,TV-Y,Kids & Family
s741,Barbie Life in the Dreamhouse,TV Show,Canada,2012,2017,TV-Y,Kids & Family
s742,Barbie Princess Adventure,Movie,United States,2020,2020,TV-Y,Kids & Family
s743,Barbie Star Light Adventure,Movie,United States,2016,2017,TV-Y,Kids & Family
s744,Barbie: A Fairy Secret,Movie,United States,2010,2017,TV-Y7,Kids & Family
s745,Barbie: Princess Charm School,Movie,United States,2011,2017,TV-Y,Kids & Family
s745,Barbie: Princess Charm School,Movie,Canada,2011,2017,TV-Y,Kids & Family
s746,Barbie: Spy Squad,Movie,United States,2016,2017,TV-Y,Kids & Family
s746,Barbie: Spy Squad,Movie,Canada,2016,2017,TV-Y,Kids & Family
s747,Barbie: The Princess & the Popstar,Movie,United States,2012,2017,TV-Y,Kids & Family
s748,Barbie: Video Game Hero,Movie,United States,2017,2017,TV-Y,Kids & Family
s749,Barbra: The Music ... The Mem'ries ... The Magic!,Movie,United States,2017,2017,TV-14,Teens (13-17)
s750,Barcelona: A Love Untold,Movie,Philippines,2016,2019,TV-14,Teens (13-17)
s751,Bard of Blood,TV Show,India,2019,2019,TV-MA,Adult (18+)
s752,Bareilly Ki Barfi,Movie,India,2017,2018,TV-14,Teens (13-17)
s753,Barely Lethal,Movie,United States,2015,2018,PG-13,Teens (13-17)
s754,Barfi!,Movie,India,2012,2018,TV-14,Teens (13-17)
s755,Barrio Universitario,Movie,Chile,2013,2018,TV-14,Teens (13-17)
s756,Barry,Movie,United States,2016,2016,TV-MA,Adult (18+)
s757,Barsaat,Movie,India,1995,2018,TV-PG,Kids & Family
s758,BASEketball,Movie,United States,1998,2018,R,Adult (18+)
s759,Basic Instinct,Movie,United States,1992,2020,R,Adult (18+)
s759,Basic Instinct,Movie,France,1992,2020,R,Adult (18+)
s760,Basketball or Nothing,TV Show,United States,2019,2019,TV-PG,Kids & Family
s761,Bat Pat,TV Show,Italy,2016,2017,TV-Y,Kids & Family
s762,Bates Motel,TV Show,United States,2017,2018,TV-MA,Adult (18+)
s763,Bathinda Express,Movie,India,2016,2018,TV-14,Teens (13-17)
s764,Bathtubs Over Broadway,Movie,United States,2018,2019,PG-13,Teens (13-17)
s765,Batman: The Killing Joke,Movie,United States,2016,2020,R,Adult (18+)
s766,Battle,Movie,Norway,2018,2018,TV-MA,Adult (18+)
s766,Battle,Movie,Denmark,2018,2018,TV-MA,Adult (18+)
s766,Battle,Movie,Netherlands,2018,2018,TV-MA,Adult (18+)
s766,Battle,Movie,Sweden,2018,2018,TV-MA,Adult (18+)
s767,Battle Creek,TV Show,United States,2015,2015,TV-14,Teens (13-17)
s768,Battle Drone,Movie,United States,2018,2018,TV-MA,Adult (18+)
s769,Battlefield Recovery,TV Show,United Kingdom,2016,2016,TV-PG,Kids & Family
s770,Battlefish,TV Show,Unknown Country,2018,2018,TV-MA,Adult (18+)
s771,Bawarchi,Movie,India,1972,2019,TV-PG,Kids & Family
s772,Baxu and the Giants,Movie,Namibia,2019,2020,TV-PG,Kids & Family
s773,Bayonet,Movie,Mexico,2019,2019,TV-MA,Adult (18+)
s773,Bayonet,Movie,Finland,2019,2019,TV-MA,Adult (18+)
s774,Bazaar,Movie,India,1982,2019,TV-14,Teens (13-17)
s775,Bbuddah Hoga Terra Baap,Movie,India,2011,2020,TV-14,Teens (13-17)
s776,Be Here Now,Movie,United States,2015,2017,TV-MA,Adult (18+)
s776,Be Here Now,Movie,Australia,2015,2017,TV-MA,Adult (18+)
s777,Be Somebody,Movie,United States,2016,2019,PG,Kids & Family
s778,Be with Me,TV Show,Taiwan,2015,2016,TV-PG,Kids & Family
s779,Be with You,TV Show,Taiwan,2015,2016,TV-14,Teens (13-17)
s780,Be-Be-Bears,TV Show,Russia,2018,2018,TV-Y,Kids & Family
s781,Beak & Brain: Genius Birds From Down Under,Movie,Germany,2013,2017,TV-G,Kids & Family
s782,Bean: The Ultimate Disaster Movie,Movie,United Kingdom,1997,2018,PG-13,Teens (13-17)
s782,Bean: The Ultimate Disaster Movie,Movie,United States,1997,2018,PG-13,Teens (13-17)
s783,Beary Tales,Movie,United States,2013,2017,TV-G,Kids & Family
s784,Beast Legends,TV Show,Canada,2010,2019,TV-PG,Kids & Family
s785,BEASTARS,TV Show,Japan,2019,2020,TV-MA,Adult (18+)
s786,Beasts of No Nation,Movie,United States,2015,2015,TV-MA,Adult (18+)
s787,Beat Bugs,TV Show,Australia,2018,2019,TV-Y,Kids & Family
s787,Beat Bugs,TV Show,Canada,2018,2019,TV-Y,Kids & Family
s788,Beat Bugs: All Together Now,Movie,Australia,2017,2017,TV-Y,Kids & Family
s788,Beat Bugs: All Together Now,Movie,Canada,2017,2017,TV-Y,Kids & Family
s789,Beating Again,TV Show,South Korea,2015,2017,TV-14,Teens (13-17)
s790,Beats,Movie,United States,2019,2019,TV-MA,Adult (18+)
s791,Beauties of the Night,Movie,Mexico,2016,2016,TV-MA,Adult (18+)
s792,Beauty & the Beast,TV Show,Canada,2016,2016,TV-14,Teens (13-17)
s793,Beauty and the Bestie,Movie,Philippines,2015,2019,TV-14,Teens (13-17)
s794,Beauty and the Bitches,TV Show,Unknown Country,2016,2019,TV-MA,Adult (18+)
s795,Beavis and Butt-head Do America,Movie,United States,1996,2019,PG-13,Teens (13-17)
s796,Bebe's Kids,Movie,United States,1992,2019,PG-13,Teens (13-17)
s797,Because of Soccer,Movie,Indonesia,2008,2018,TV-14,Teens (13-17)
s798,Because This Is My First Life,TV Show,South Korea,2017,2020,TV-14,Teens (13-17)
s799,Because We're Heading Out,Movie,Egypt,2016,2019,TV-14,Teens (13-17)
s800,Becoming,Movie,United States,2020,2020,PG,Kids & Family
s801,Becoming Champions,TV Show,Mexico,2018,2018,TV-G,Kids & Family
s802,Becoming Jane,Movie,United Kingdom,2007,2019,PG-13,Teens (13-17)
s802,Becoming Jane,Movie,Ireland,2007,2019,PG-13,Teens (13-17)
s803,Bedtime Stories,Movie,United States,2008,2019,PG,Kids & Family
s804,Bee Movie,Movie,United States,2007,2017,PG,Kids & Family
s804,Bee Movie,Movie,Australia,2007,2017,PG,Kids & Family
s805,Been So Long,Movie,Unknown Country,2018,2018,TV-MA,Adult (18+)
s806,Before 30,TV Show,Nigeria,2015,2020,TV-MA,Adult (18+)
s807,Before I Fall,Movie,United States,2017,2020,PG-13,Teens (13-17)
s808,Before I Wake,Movie,United States,2016,2018,PG-13,Teens (13-17)
s809,Before the Flood,Movie,United States,2016,2018,PG,Kids & Family
s810,Before the Summer Crowds,Movie,Egypt,2016,2020,TV-14,Teens (13-17)
s811,"Behind ""The Cove"": The Quiet Japanese Speak Out",Movie,Japan,2015,2017,TV-14,Teens (13-17)
s811,"Behind ""The Cove"": The Quiet Japanese Speak Out",Movie,United States,2015,2017,TV-14,Teens (13-17)
s812,Behind Enemy Lines,TV Show,United States,2001,2016,TV-14,Teens (13-17)
s813,Behind the Curtain: Todrick Hall,Movie,United States,2017,2018,TV-MA,Adult (18+)
s814,Behind the Curve,Movie,United States,2018,2019,TV-14,Teens (13-17)
s815,Behind the Newsroom,TV Show,Unknown Country,2015,2018,TV-MA,Adult (18+)
s816,Behzat Ç.,TV Show,Turkey,2010,2017,TV-MA,Adult (18+)
s817,Beiimaan Love,Movie,India,2016,2017,TV-MA,Adult (18+)
s818,Being AP,Movie,United Kingdom,2015,2016,TV-14,Teens (13-17)
s819,Being Elmo: A Puppeteer's Journey,Movie,United States,2011,2012,PG,Kids & Family
s820,Being Mary Jane: The Series,TV Show,United States,2016,2017,TV-14,Teens (13-17)
s821,Being Mrs Elliot,Movie,Nigeria,2014,2019,TV-14,Teens (13-17)
s822,Being Napoleon,Movie,United States,2018,2018,TV-MA,Adult (18+)
s823,Beirut Oh Beirut,Movie,Lebanon,1975,2020,TV-14,Teens (13-17)
s824,Belgica,Movie,Belgium,2016,2016,TV-MA,Adult (18+)
s824,Belgica,Movie,France,2016,2016,TV-MA,Adult (18+)
s825,Belief: The Possession of Janet Moses,Movie,New Zealand,2015,2017,TV-MA,Adult (18+)
s826,Bella and the Bulldogs,TV Show,United States,2015,2019,TV-G,Kids & Family
s827,Belmonte,Movie,Uruguay,2018,2019,TV-MA,Adult (18+)
s827,Belmonte,Movie,Spain,2018,2019,TV-MA,Adult (18+)
s827,Belmonte,Movie,Mexico,2018,2019,TV-MA,Adult (18+)
s828,Below Her Mouth,Movie,Canada,2016,2017,TV-MA,Adult (18+)
s829,Ben & Holly's Little Kingdom,TV Show,United Kingdom,2009,2020,TV-Y,Kids & Family
s830,Ben 10,TV Show,United States,2016,2018,TV-Y7,Kids & Family
s831,Ben Platt Live from Radio City Music Hall,Movie,United States,2020,2020,TV-PG,Kids & Family
s832,Benchwarmers 2: Breaking Balls,Movie,United States,2019,2019,PG-13,Teens (13-17)
s833,Bending the Arc,Movie,United States,2017,2020,TV-MA,Adult (18+)
s834,Beneath the Leaves,Movie,United States,2019,2019,TV-MA,Adult (18+)
s835,Benji,Movie,United Arab Emirates,2018,2018,TV-PG,Kids & Family
s835,Benji,Movie,United States,2018,2018,TV-PG,Kids & Family
s836,Benji: Off the Leash,Movie,United States,2004,2018,PG,Kids & Family
s837,Benji's Very Own Christmas Story,Movie,United States,1978,2018,TV-G,Kids & Family
s838,Bennett's War,Movie,United States,2019,2020,PG-13,Teens (13-17)
s839,Berlin Calling,Movie,Germany,2008,2017,TV-MA,Adult (18+)
s840,Berlin Kaplani,Movie,Turkey,2012,2017,TV-14,Teens (13-17)
s841,Berlin Syndrome,Movie,Australia,2017,2017,R,Adult (18+)
s842,"Berlin, Berlin: Lolle on the Run",Movie,Germany,2020,2020,TV-MA,Adult (18+)
s843,"Berlin, I Love You",Movie,Germany,2019,2019,R,Adult (18+)
s844,Berserk: The Golden Age Arc I - The Egg of the King,Movie,Japan,2012,2016,TV-MA,Adult (18+)
s845,Berserk: The Golden Age Arc II - The Battle for Doldrey,Movie,Japan,2012,2017,TV-MA,Adult (18+)
s846,Berserk: The Golden Age Arc III - The Advent,Movie,Japan,2013,2017,TV-MA,Adult (18+)
s847,Bert Kreischer: Hey Big Boy,Movie,United States,2020,2020,TV-MA,Adult (18+)
s848,Bert Kreischer: Secret Time,Movie,Unknown Country,2018,2018,TV-MA,Adult (18+)
s849,Bert Kreischer: The Machine,Movie,United States,2016,2019,TV-MA,Adult (18+)
s850,Best Leftovers Ever!,TV Show,United States,2020,2020,TV-G,Kids & Family
s851,Best Lover,TV Show,South Korea,2016,2018,TV-14,Teens (13-17)
s851,Best Lover,TV Show,China,2016,2018,TV-14,Teens (13-17)
s852,Best Neighbors,Movie,Unknown Country,2014,2019,TV-14,Teens (13-17)
s853,Best of Stand-Up 2020,Movie,Unknown Country,2020,2020,TV-MA,Adult (18+)
s854,"Best Wishes, Warmest Regards: A Schitt's Creek Farewell",Movie,Canada,2020,2020,TV-MA,Adult (18+)
s855,Best Worst Thing That Ever Could Have Happened,Movie,United States,2016,2017,TV-MA,Adult (18+)
s856,Best.Worst.Weekend.Ever.,TV Show,United States,2018,2018,TV-PG,Kids & Family
s857,Betaal,TV Show,India,2020,2020,TV-MA,Adult (18+)
s858,Bethany Hamilton: Unstoppable,Movie,United States,2019,2020,PG,Kids & Family
s859,Better Call Saul,TV Show,United States,2018,2020,TV-MA,Adult (18+)
s860,Better Than Us,TV Show,Russia,2019,2019,TV-MA,Adult (18+)
s861,Betting on Zero,Movie,United States,2017,2017,TV-PG,Kids & Family
s862,Betty White: First Lady of Television,Movie,United States,2018,2020,TV-14,Teens (13-17)
s863,Between,TV Show,Canada,2016,2016,TV-14,Teens (13-17)
s864,Between Maybes,Movie,Philippines,2019,2020,TV-14,Teens (13-17)
s865,Between Two Ferns: The Movie,Movie,United States,2019,2019,TV-MA,Adult (18+)
s866,Between Worlds,Movie,Spain,2018,2019,R,Adult (18+)
s867,Bewafaa,Movie,India,2005,2019,TV-PG,Kids & Family
s868,Bewildered Bolbol,Movie,Egypt,2010,2019,TV-14,Teens (13-17)
s869,Beyblade Burst,TV Show,Japan,2016,2017,TV-Y7,Kids & Family
s870,Beyblade Burst Evolution,TV Show,Unknown Country,2017,2018,TV-Y,Kids & Family
s871,Beyblade Burst Rise,TV Show,Japan,2019,2020,TV-Y7,Kids & Family
s872,Beyblade Burst Turbo,TV Show,Unknown Country,2018,2019,TV-Y7,Kids & Family
s873,Beyblade: Metal Fusion,TV Show,Japan,2009,2017,TV-Y7,Kids & Family
s874,Beynelmilel,Movie,Turkey,2006,2020,TV-MA,Adult (18+)
s875,Beyond All Boundaries,Movie,United States,2013,2017,TV-14,Teens (13-17)
s875,Beyond All Boundaries,Movie,India,2013,2017,TV-14,Teens (13-17)
s876,Beyond Skyline,Movie,United States,2017,2018,R,Adult (18+)
s876,Beyond Skyline,Movie,Canada,2017,2018,R,Adult (18+)
s876,Beyond Skyline,Movie,Indonesia,2017,2018,R,Adult (18+)
s876,Beyond Skyline,Movie,United Kingdom,2017,2018,R,Adult (18+)
s876,Beyond Skyline,Movie,China,2017,2018,R,Adult (18+)
s876,Beyond Skyline,Movie,Singapore,2017,2018,R,Adult (18+)
s877,Beyond Stranger Things,TV Show,United States,2017,2017,TV-14,Teens (13-17)
s878,Beyond the Boundary: ICC Women's T20 World Cup Australia 2020,Movie,Unknown Country,2020,2020,TV-G,Kids & Family
s879,Beyond the Clouds,Movie,India,2018,2018,TV-14,Teens (13-17)
s879,Beyond the Clouds,Movie,Iran,2018,2018,TV-14,Teens (13-17)
s880,Bh Se Bhade,TV Show,India,2013,2018,TV-PG,Kids & Family
s881,Bhaag Beanie Bhaag,TV Show,India,2020,2020,TV-MA,Adult (18+)
s882,Bhaage Re Mann,TV Show,India,2015,2017,TV-14,Teens (13-17)
s883,Bhagam Bhag,Movie,India,2006,2019,TV-14,Teens (13-17)
s884,Bhai: Vyakti Ki Valli - Poorvardha,Movie,India,2019,2020,TV-14,Teens (13-17)
s885,Bhai: Vyakti Ki Valli - Uttarardh,Movie,India,2019,2020,TV-PG,Kids & Family
s886,Bhaji In Problem,Movie,India,2013,2020,TV-14,Teens (13-17)
s887,Bhangra Paa Le,Movie,India,2019,2020,TV-14,Teens (13-17)
s888,Bhasmasur,Movie,India,2017,2019,TV-14,Teens (13-17)
s889,Bhavesh Joshi Superhero,Movie,India,2018,2018,TV-14,Teens (13-17)
s890,Bheemayan,Movie,Unknown Country,2018,2019,TV-Y,Kids & Family
s891,Bheeshma,Movie,India,2020,2020,TV-14,Teens (13-17)
s892,Bhool Bhulaiyaa,Movie,India,2007,2017,TV-14,Teens (13-17)
s893,Bhoot,Movie,India,2003,2019,TV-MA,Adult (18+)
s894,Bhouri,Movie,India,2017,2017,TV-14,Teens (13-17)
s895,Bibi & Tina,Movie,Germany,2014,2017,TV-PG,Kids & Family
s896,Bibi & Tina II,Movie,Germany,2014,2017,TV-14,Teens (13-17)
s897,Bibi & Tina: Girls Versus Boys,Movie,Germany,2016,2017,TV-14,Teens (13-17)
s898,Bibi & Tina: Tohuwabohu Total,Movie,Germany,2017,2017,TV-14,Teens (13-17)
s899,Bibik-Bibikku,TV Show,Unknown Country,2016,2019,TV-PG,Kids & Family
s900,Big Bad Beetleborgs,TV Show,United States,1997,2016,TV-G,Kids & Family
s900,Big Bad Beetleborgs,TV Show,France,1997,2016,TV-G,Kids & Family
s900,Big Bad Beetleborgs,TV Show,Japan,1997,2016,TV-G,Kids & Family
s901,Big Bear,Movie,United States,2017,2018,TV-MA,Adult (18+)
s902,Big Daddy,Movie,United States,1999,2020,PG-13,Teens (13-17)
s903,"Big Dreams, Small Spaces",TV Show,United Kingdom,2017,2019,TV-G,Kids & Family
s904,Big Fat Liar,Movie,United States,2002,2020,PG,Kids & Family
s904,Big Fat Liar,Movie,Germany,2002,2020,PG,Kids & Family
s905,Big Kill,Movie,United States,2018,2019,R,Adult (18+)
s906,Big Miracle,Movie,United States,2012,2018,PG,Kids & Family
s906,Big Miracle,Movie,United Kingdom,2012,2018,PG,Kids & Family
s907,Big Mouth,TV Show,United States,2020,2020,TV-MA,Adult (18+)
s908,Big Stone Gap,Movie,United States,2014,2020,PG-13,Teens (13-17)
s909,Big Time,Movie,Denmark,2017,2018,TV-MA,Adult (18+)
s910,Big Time Movie,Movie,United States,2012,2019,TV-PG,Kids & Family
s910,Big Time Movie,Movie,Canada,2012,2019,TV-PG,Kids & Family
s911,Bigflo & Oli: Hip Hop Frenzy,Movie,France,2020,2020,TV-MA,Adult (18+)
s912,Bigger Fatter Liar,Movie,United States,2017,2017,PG,Kids & Family
s913,Biggie & Tupac,Movie,United Kingdom,2002,2019,R,Adult (18+)
s914,"Bikram: Yogi, Guru, Predator",Movie,United States,2019,2019,TV-MA,Adult (18+)
s915,Bill Burr: I'm Sorry You Feel That Way,Movie,United States,2014,2014,TV-MA,Adult (18+)
s916,Bill Burr: Let It Go,Movie,United States,2010,2017,NR,Not Rated (NR)
s917,Bill Burr: Paper Tiger,Movie,United States,2019,2019,TV-MA,Adult (18+)
s917,Bill Burr: Paper Tiger,Movie,United Kingdom,2019,2019,TV-MA,Adult (18+)
s918,Bill Burr: Walk Your Way Out,Movie,United States,2017,2017,TV-MA,Adult (18+)
s919,Bill Burr: You People Are All the Same,Movie,United States,2012,2018,TV-MA,Adult (18+)
s920,Bill Hicks: One Night Stand,Movie,United Kingdom,1991,2018,TV-MA,Adult (18+)
s921,Bill Hicks: Reflections,Movie,Unknown Country,2015,2018,TV-MA,Adult (18+)
s922,Bill Hicks: Relentless,Movie,United Kingdom,1992,2018,TV-MA,Adult (18+)
s923,Bill Hicks: Revelations,Movie,United Kingdom,1993,2018,TV-MA,Adult (18+)
s924,Bill Hicks: Sane Man,Movie,United States,1989,2018,TV-MA,Adult (18+)
s925,Bill Nye Saves the World,TV Show,United States,2018,2018,TV-14,Teens (13-17)
s926,Bill Nye: Science Guy,Movie,United States,2017,2018,TV-PG,Kids & Family
s927,Billu,Movie,India,2009,2018,TV-PG,Kids & Family
s928,Billy Elliot,Movie,United Kingdom,2000,2019,R,Adult (18+)
s928,Billy Elliot,Movie,France,2000,2019,R,Adult (18+)
s929,Billy Graham: An Extraordinary Journey,Movie,United States,2018,2019,TV-PG,Kids & Family
s930,Billy on the Street,TV Show,United States,2016,2019,TV-14,Teens (13-17)
s931,Bilu Rakkhosh,Movie,India,2017,2018,TV-MA,Adult (18+)
s932,Biohackers,TV Show,Germany,2020,2020,TV-MA,Adult (18+)
s933,Bioscope,Movie,India,2015,2018,TV-14,Teens (13-17)
s934,Bir Baba Hindu,Movie,Turkey,2016,2020,TV-MA,Adult (18+)
s934,Bir Baba Hindu,Movie,India,2016,2020,TV-MA,Adult (18+)
s935,Bird Box,Movie,United States,2018,2018,R,Adult (18+)
s936,Birders,Movie,United States,2019,2019,TV-G,Kids & Family
s936,Birders,Movie,Mexico,2019,2019,TV-G,Kids & Family
s937,Birdshot,Movie,Philippines,2016,2018,TV-MA,Adult (18+)
s937,Birdshot,Movie,Qatar,2016,2018,TV-MA,Adult (18+)
s938,Birthmarked,Movie,Canada,2018,2018,TV-MA,Adult (18+)
s939,Bitch,Movie,United States,2017,2018,R,Adult (18+)
s940,Bitcoin Heist,Movie,Vietnam,2016,2017,TV-14,Teens (13-17)
s941,Bitten,TV Show,Canada,2016,2016,TV-MA,Adult (18+)
s942,Bitter Daisies,TV Show,Spain,2018,2019,TV-MA,Adult (18+)
s943,Bittersweet,Movie,Egypt,2010,2020,TV-MA,Adult (18+)
s944,Bittoo Boss,Movie,India,2012,2020,TV-14,Teens (13-17)
s945,Black,Movie,India,2015,2020,TV-14,Teens (13-17)
s946,Black '47,Movie,Ireland,2018,2020,R,Adult (18+)
s946,Black '47,Movie,Luxembourg,2018,2020,R,Adult (18+)
s946,Black '47,Movie,Belgium,2018,2020,R,Adult (18+)
s947,Black & Privileged: Volume 1,Movie,United States,2019,2019,TV-MA,Adult (18+)
s948,Black Butler,TV Show,Japan,2010,2020,TV-MA,Adult (18+)
s949,Black Crows,TV Show,Saudi Arabia,2017,2018,TV-14,Teens (13-17)
s949,Black Crows,TV Show,Syria,2017,2018,TV-14,Teens (13-17)
s949,Black Crows,TV Show,Egypt,2017,2018,TV-14,Teens (13-17)
s949,Black Crows,TV Show,Lebanon,2017,2018,TV-14,Teens (13-17)
s949,Black Crows,TV Show,Kuwait,2017,2018,TV-14,Teens (13-17)
s950,Black Earth Rising,TV Show,United Kingdom,2018,2019,TV-MA,Adult (18+)
s951,Black Friday,Movie,India,2004,2020,TV-MA,Adult (18+)
s952,Black Hawk Down,Movie,United States,2001,2019,R,Adult (18+)
s952,Black Hawk Down,Movie,United Kingdom,2001,2019,R,Adult (18+)
s953,Black Heart,TV Show,Turkey,2014,2018,TV-14,Teens (13-17)
s954,Black Ink Crew New York,TV Show,United States,2014,2020,TV-14,Teens (13-17)
s955,Black Lightning,TV Show,United States,2019,2020,TV-14,Teens (13-17)
s956,Black Man White Skin,Movie,Spain,2015,2016,TV-PG,Kids & Family
s957,Black Mirror,TV Show,United Kingdom,2019,2019,TV-MA,Adult (18+)
s958,Black Mirror: Bandersnatch,Movie,United States,2018,2018,TV-MA,Adult (18+)
s959,Black Money Love,TV Show,Turkey,2014,2019,TV-MA,Adult (18+)
s960,Black Panther,Movie,United States,2018,2018,PG-13,Teens (13-17)
s961,Black Rose,Movie,Russia,2014,2017,TV-MA,Adult (18+)
s961,Black Rose,Movie,United States,2014,2017,TV-MA,Adult (18+)
s962,Black Sea,Movie,United Kingdom,2015,2019,R,Adult (18+)
s962,Black Sea,Movie,Russia,2015,2019,R,Adult (18+)
s962,Black Sea,Movie,United States,2015,2019,R,Adult (18+)
s963,Black Site Delta,Movie,United States,2017,2017,TV-MA,Adult (18+)
s964,Black Snake Moan,Movie,United States,2007,2019,R,Adult (18+)
s965,Black Snow,Movie,Argentina,2017,2017,TV-MA,Adult (18+)
s965,Black Snow,Movie,Spain,2017,2017,TV-MA,Adult (18+)
s966,Black Spot,TV Show,France,2019,2019,TV-MA,Adult (18+)
s966,Black Spot,TV Show,Belgium,2019,2019,TV-MA,Adult (18+)
s967,Black Summer,TV Show,Canada,2019,2019,TV-MA,Adult (18+)
s967,Black Summer,TV Show,United States,2019,2019,TV-MA,Adult (18+)
s968,Blackfish,Movie,United States,2013,2020,PG-13,Teens (13-17)
s969,BLACKPINK: Light Up the Sky,Movie,United States,2020,2020,TV-14,Teens (13-17)
s970,Blackway,Movie,United States,2015,2017,PG-13,Teens (13-17)
s971,BLAME!,Movie,Japan,2017,2017,TV-14,Teens (13-17)
s972,Blaze,Movie,United States,2018,2020,R,Adult (18+)
s973,Blazing Transfer Students,TV Show,Japan,2017,2017,TV-MA,Adult (18+)
s974,Bleach,TV Show,Japan,2006,2020,TV-14,Teens (13-17)
s975,Bleach The Movie: Fade to Black,Movie,Japan,2008,2016,TV-PG,Kids & Family
s976,Bleach the Movie: Hell Verse,Movie,Japan,2010,2016,TV-14,Teens (13-17)
s977,Bleed for This,Movie,United States,2016,2020,R,Adult (18+)
s978,Blessed Benefit,Movie,Germany,2016,2017,TV-14,Teens (13-17)
s978,Blessed Benefit,Movie,Jordan,2016,2017,TV-14,Teens (13-17)
s978,Blessed Benefit,Movie,Netherlands,2016,2017,TV-14,Teens (13-17)
s979,Blind Date,Movie,France,2015,2016,TV-14,Teens (13-17)
s980,Blind Detective,Movie,Hong Kong,2013,2018,TV-MA,Adult (18+)
s980,Blind Detective,Movie,China,2013,2018,TV-MA,Adult (18+)
s981,Bling Empire,TV Show,Unknown Country,2021,2021,TV-MA,Adult (18+)
s982,Blinky Bill: The Movie,Movie,Australia,2015,2017,PG,Kids & Family
s982,Blinky Bill: The Movie,Movie,United States,2015,2017,PG,Kids & Family
s983,Blitz Patrollie,Movie,South Africa,2013,2019,TV-MA,Adult (18+)
s984,Blockbuster,Movie,France,2017,2018,TV-MA,Adult (18+)
s985,Blood & Treasures,TV Show,Thailand,2016,2018,TV-14,Teens (13-17)
s986,Blood & Water,TV Show,South Africa,2020,2020,TV-MA,Adult (18+)
s987,Blood Father,Movie,France,2016,2020,R,Adult (18+)
s988,Blood Money,Movie,India,2012,2020,TV-14,Teens (13-17)
s989,Blood of Zeus,TV Show,United States,2020,2020,TV-MA,Adult (18+)
s990,Blood Pact,TV Show,Brazil,2018,2018,TV-MA,Adult (18+)
s991,Blood Will Tell,Movie,Argentina,2019,2019,TV-MA,Adult (18+)
s991,Blood Will Tell,Movie,United States,2019,2019,TV-MA,Adult (18+)
s992,Bloodline,TV Show,United States,2017,2017,TV-MA,Adult (18+)
s993,Bloodride,TV Show,Norway,2020,2020,TV-MA,Adult (18+)
s994,Blow,Movie,United States,2001,2019,R,Adult (18+)
s995,Blown Away,TV Show,Canada,2019,2019,TV-14,Teens (13-17)
s996,Blue Exorcist,TV Show,Japan,2017,2020,TV-MA,Adult (18+)
s997,Blue Is the Warmest Color,Movie,France,2013,2016,NC-17,Adult (18+)
s997,Blue Is the Warmest Color,Movie,Belgium,2013,2016,NC-17,Adult (18+)
s997,Blue Is the Warmest Color,Movie,Spain,2013,2016,NC-17,Adult (18+)
s998,Blue Jasmine,Movie,United States,2013,2019,PG-13,Teens (13-17)
s999,Blue Jay,Movie,United States,2016,2016,TV-MA,Adult (18+)
s1000,Blue Mountain State: The Rise of Thadland,Movie,United States,2016,2016,R,Adult (18+)
s1001,Blue Planet II,TV Show,United Kingdom,2017,2018,TV-G,Kids & Family
s1002,Blue Ruin,Movie,United States,2013,2019,R,Adult (18+)
s1002,Blue Ruin,Movie,France,2013,2019,R,Adult (18+)
s1003,Blue Streak,Movie,Germany,1999,2021,PG-13,Teens (13-17)
s1003,Blue Streak,Movie,United States,1999,2021,PG-13,Teens (13-17)
s1004,Blue Valentine,Movie,United States,2010,2018,R,Adult (18+)
s1005,BluffMaster!,Movie,India,2005,2021,TV-14,Teens (13-17)
s1006,Blurred Lines: Inside the Art World,Movie,Canada,2017,2017,TV-MA,Adult (18+)
s1007,BNA,TV Show,Japan,2020,2020,TV-14,Teens (13-17)
s1008,BNK48: Girls Don't Cry,Movie,Thailand,2018,2019,TV-14,Teens (13-17)
s1009,Bo Burnham: Make Happy,Movie,United States,2016,2016,TV-MA,Adult (18+)
s1010,Bo Burnham: what.,Movie,United States,2013,2018,TV-MA,Adult (18+)
s1011,Bo on the Go!,TV Show,Canada,2007,2019,TV-Y,Kids & Family
s1012,Bob Lazar: Area 51 & Flying Saucers,Movie,United States,2018,2019,TV-MA,Adult (18+)
s1013,Bob Ross: Beauty Is Everywhere,TV Show,Unknown Country,1991,2016,TV-G,Kids & Family
s1014,Bob's Broken Sleigh,Movie,Canada,2015,2015,TV-G,Kids & Family
s1015,Bobbi Jene,Movie,Denmark,2017,2018,TV-MA,Adult (18+)
s1015,Bobbi Jene,Movie,Sweden,2017,2018,TV-MA,Adult (18+)
s1015,Bobbi Jene,Movie,Israel,2017,2018,TV-MA,Adult (18+)
s1015,Bobbi Jene,Movie,United States,2017,2018,TV-MA,Adult (18+)
s1016,Bobbleheads The Movie,Movie,United States,2020,2020,PG,Kids & Family
s1017,Bobby,Movie,India,1973,2019,TV-14,Teens (13-17)
s1018,Bobby Jasoos,Movie,India,2014,2020,TV-14,Teens (13-17)
s1019,Bobby Kennedy for President,TV Show,Unknown Country,2018,2018,TV-MA,Adult (18+)
s1020,Bobby Robson: More Than a Manager,Movie,United Kingdom,2018,2018,TV-14,Teens (13-17)
s1021,Bobby Sands: 66 Days,Movie,Ireland,2016,2017,TV-14,Teens (13-17)
s1021,Bobby Sands: 66 Days,Movie,United Kingdom,2016,2017,TV-14,Teens (13-17)
s1022,Boca Juniors Confidential,TV Show,Unknown Country,2018,2018,TV-PG,Kids & Family
s1023,Bodyguard,Movie,India,2011,2020,TV-14,Teens (13-17)
s1024,Bogda,Movie,India,2018,2019,TV-PG,Kids & Family
s1025,Boi,Movie,Spain,2018,2019,TV-MA,Adult (18+)
s1026,BoJack Horseman,TV Show,United States,2020,2019,TV-MA,Adult (18+)
s1027,BoJack Horseman Christmas Special: Sabrina's Christmas Wish,Movie,United States,2014,2014,TV-MA,Adult (18+)
s1028,Bokeh,Movie,United States,2017,2017,TV-14,Teens (13-17)
s1028,Bokeh,Movie,Iceland,2017,2017,TV-14,Teens (13-17)
s1029,Bolívar,TV Show,Colombia,2019,2019,TV-MA,Adult (18+)
s1030,Bollywood Calling,Movie,India,2001,2019,TV-MA,Adult (18+)
s1031,Bolt,Movie,United States,2008,2018,PG,Kids & Family
s1032,Bomb Scared,Movie,Spain,2017,2017,TV-MA,Adult (18+)
s1033,Bombairiya,Movie,United Arab Emirates,2018,2019,TV-MA,Adult (18+)
s1033,Bombairiya,Movie,United Kingdom,2018,2019,TV-MA,Adult (18+)
s1033,Bombairiya,Movie,India,2018,2019,TV-MA,Adult (18+)
s1034,Bombay Talkies,Movie,India,2013,2020,TV-MA,Adult (18+)
s1035,Bombshell,Movie,New Zealand,2016,2016,TV-MA,Adult (18+)
s1036,Bombshell: The Hedy Lamarr Story,Movie,United States,2017,2018,TV-14,Teens (13-17)
s1037,Bon Bini Holland,Movie,Netherlands,2015,2016,TV-MA,Adult (18+)
s1038,Bon Cop Bad Cop 2,Movie,Canada,2017,2017,TV-MA,Adult (18+)
s1039,"Bon Cop, Bad Cop",Movie,Canada,2006,2017,TV-MA,Adult (18+)
s1040,Bondi Rescue,TV Show,Australia,2016,2019,TV-PG,Kids & Family
s1041,BONDING,TV Show,United States,2019,2019,TV-MA,Adult (18+)
s1042,Bonnie and Clyde,Movie,United States,1967,2021,R,Adult (18+)
s1043,Bonus Family,TV Show,Sweden,2019,2019,TV-MA,Adult (18+)
s1044,Booba,TV Show,Russia,2019,2020,TV-Y7,Kids & Family
s1045,Bookmarks,TV Show,United States,2020,2020,TV-Y,Kids & Family
s1046,Boom,Movie,India,2003,2018,TV-MA,Adult (18+)
s1047,Border Patrol,TV Show,Unknown Country,2016,2019,TV-PG,Kids & Family
s1048,Border Security: America's Front Line,TV Show,Canada,2018,2020,TV-14,Teens (13-17)
s1049,Borderline,TV Show,United Kingdom,2017,2017,TV-14,Teens (13-17)
s1050,Borderliner,TV Show,Norway,2017,2018,TV-MA,Adult (18+)
s1050,Borderliner,TV Show,Germany,2017,2018,TV-MA,Adult (18+)
s1050,Borderliner,TV Show,Sweden,2017,2018,TV-MA,Adult (18+)
s1051,Bordertown,TV Show,Finland,2019,2020,TV-MA,Adult (18+)
s1051,Bordertown,TV Show,France,2019,2020,TV-MA,Adult (18+)
s1052,Borgen,TV Show,Denmark,2012,2020,TV-MA,Adult (18+)
s1053,Borges,TV Show,Brazil,2018,2018,TV-MA,Adult (18+)
s1054,Born Beautiful,Movie,Philippines,2019,2020,TV-MA,Adult (18+)
s1055,Born in Gaza,Movie,Spain,2014,2019,TV-14,Teens (13-17)
s1056,Born in Syria,Movie,Denmark,2016,2019,TV-14,Teens (13-17)
s1056,Born in Syria,Movie,Spain,2016,2019,TV-14,Teens (13-17)
s1057,Born Racer,Movie,New Zealand,2018,2020,R,Adult (18+)
s1058,Born Strong,Movie,United States,2017,2017,TV-MA,Adult (18+)
s1059,Born to Be Free,Movie,United Kingdom,2016,2017,TV-14,Teens (13-17)
s1059,Born to Be Free,Movie,Russia,2016,2017,TV-14,Teens (13-17)
s1060,Boss,Movie,India,2013,2020,TV-14,Teens (13-17)
s1061,Bosta,Movie,Lebanon,2005,2020,TV-14,Teens (13-17)
s1062,Botched Up Bodies,TV Show,United Kingdom,2013,2019,TV-MA,Adult (18+)
s1063,Bottersnikes & Gumbles,TV Show,United States,2017,2017,TV-Y7,Kids & Family
s1063,Bottersnikes & Gumbles,TV Show,United Kingdom,2017,2017,TV-Y7,Kids & Family
s1063,Bottersnikes & Gumbles,TV Show,Australia,2017,2017,TV-Y7,Kids & Family
s1064,Bottom of the World,Movie,Canada,2017,2020,TV-MA,Adult (18+)
s1064,Bottom of the World,Movie,United States,2017,2020,TV-MA,Adult (18+)
s1065,Bountiful Blessings,TV Show,Singapore,2011,2017,TV-14,Teens (13-17)
s1066,Boushkash,Movie,Egypt,2008,2020,TV-MA,Adult (18+)
s1067,Boy and the World,Movie,Brazil,2013,2017,PG,Kids & Family
s1068,Boy Bye,Movie,United States,2016,2019,TV-MA,Adult (18+)
s1069,Boy Missing,Movie,Spain,2016,2017,TV-MA,Adult (18+)
s1070,Boyka: Undisputed,Movie,Bulgaria,2016,2019,R,Adult (18+)
s1070,Boyka: Undisputed,Movie,United States,2016,2019,R,Adult (18+)
s1071,Boys Over Flowers,TV Show,South Korea,2009,2020,TV-14,Teens (13-17)
s1072,Brad Paisley's Comedy Rodeo,Movie,United States,2017,2017,TV-MA,Adult (18+)
s1073,Brahman Naman,Movie,India,2016,2016,TV-MA,Adult (18+)
s1073,Brahman Naman,Movie,United Kingdom,2016,2016,TV-MA,Adult (18+)
s1074,Brain Games,TV Show,United States,2016,2019,TV-G,Kids & Family
s1075,Brain on Fire,Movie,United States,2016,2018,PG-13,Teens (13-17)
s1075,Brain on Fire,Movie,Canada,2016,2018,PG-13,Teens (13-17)
s1075,Brain on Fire,Movie,Ireland,2016,2018,PG-13,Teens (13-17)
s1076,Brainchild,TV Show,Unknown Country,2018,2018,TV-G,Kids & Family
s1077,Brampton's Own,Movie,United States,2018,2019,TV-MA,Adult (18+)
s1078,Bratz: The Movie,Movie,United States,2007,2020,PG,Kids & Family
s1079,Brave Blue World: Racing to Solve Our Water Crisis,Movie,Canada,2020,2020,TV-PG,Kids & Family
s1079,Brave Blue World: Racing to Solve Our Water Crisis,Movie,United Kingdom,2020,2020,TV-PG,Kids & Family
s1080,Brave Miss World,TV Show,United States,2013,2018,TV-14,Teens (13-17)
s1080,Brave Miss World,TV Show,Israel,2013,2018,TV-14,Teens (13-17)
s1080,Brave Miss World,TV Show,Italy,2013,2018,TV-14,Teens (13-17)
s1080,Brave Miss World,TV Show,South Africa,2013,2018,TV-14,Teens (13-17)
s1081,Brave New Jersey,Movie,United States,2016,2017,TV-MA,Adult (18+)
s1082,Braven,Movie,Canada,2018,2020,R,Adult (18+)
s1083,Braxton Family Values,TV Show,United States,2014,2020,TV-PG,Kids & Family
s1084,Bread Barbershop,TV Show,Unknown Country,2020,2020,TV-Y,Kids & Family
s1085,Break,Movie,France,2018,2020,TV-MA,Adult (18+)
s1085,Break,Movie,Belgium,2018,2020,TV-MA,Adult (18+)
s1086,BREAK IT ALL: The History of Rock in Latin America,TV Show,Unknown Country,2020,2020,TV-MA,Adult (18+)
s1087,Break Ke Baad,Movie,India,2010,2020,TV-14,Teens (13-17)
s1088,Break Up 100,Movie,Hong Kong,2014,2018,TV-14,Teens (13-17)
s1089,"Breakfast, Lunch & Dinner",TV Show,United States,2019,2019,TV-MA,Adult (18+)
s1090,Breaking Bad,TV Show,United States,2013,2013,TV-MA,Adult (18+)
s1091,Breaking Free,Movie,India,2015,2017,TV-MA,Adult (18+)
s1092,Breaking the Bank,Movie,United Kingdom,2014,2020,TV-PG,Kids & Family
s1093,Breakout,TV Show,Unknown Country,2010,2017,TV-14,Teens (13-17)
s1094,Breath,Movie,Australia,2018,2018,TV-MA,Adult (18+)
s1095,Brené Brown: The Call to Courage,Movie,Unknown Country,2019,2019,TV-14,Teens (13-17)
s1096,Brews Brothers,TV Show,United States,2020,2020,TV-MA,Adult (18+)
s1097,Brian Regan: Nunchucks and Flamethrowers,Movie,United States,2017,2017,TV-PG,Kids & Family
s1098,Brick,Movie,United States,2005,2018,R,Adult (18+)
s1099,Bride For Rent,Movie,Philippines,2014,2019,TV-PG,Kids & Family
s1100,Bridezilla,Movie,Indonesia,2019,2020,TV-MA,Adult (18+)
s1101,Bridgerton,TV Show,United States,2020,2020,TV-MA,Adult (18+)
s1102,Bridget Christie: Stand Up for Her,Movie,United Kingdom,2016,2017,TV-MA,Adult (18+)
s1103,Bright,Movie,United States,2017,2017,TV-MA,Adult (18+)
s1104,Bright: The Music Videos,TV Show,Unknown Country,2017,2017,TV-MA,Adult (18+)
s1105,Brij Mohan Amar Rahe,Movie,India,2018,2018,TV-MA,Adult (18+)
s1106,"Bring It On, Ghost",TV Show,South Korea,2016,2019,TV-14,Teens (13-17)
s1107,Bring It On: Worldwide Showdown,Movie,United States,2017,2017,PG-13,Teens (13-17)
s1108,Bringing Sexy Back,TV Show,Unknown Country,2015,2019,TV-14,Teens (13-17)
s1109,Broadchurch,TV Show,United Kingdom,2017,2017,TV-MA,Adult (18+)
s1110,Broken,TV Show,United States,2019,2019,TV-14,Teens (13-17)
s1111,Bromance,TV Show,Taiwan,2015,2016,TV-PG,Kids & Family
s1112,Brooklyn's Finest,Movie,United States,2009,2018,R,Adult (18+)
s1113,Brother,Movie,France,2019,2019,TV-MA,Adult (18+)
s1114,Brother in Love,Movie,Turkey,2019,2019,TV-MA,Adult (18+)
s1115,Brother's Shadow,Movie,United States,2006,2017,TV-MA,Adult (18+)
s1116,Brotherhood,TV Show,Brazil,2019,2019,TV-MA,Adult (18+)
s1117,Brotherhood of Blades II: The Infernal Battlefield,Movie,China,2017,2018,TV-MA,Adult (18+)
s1118,Brothers,Movie,India,2015,2020,TV-14,Teens (13-17)
s1118,Brothers,Movie,United States,2015,2020,TV-14,Teens (13-17)
s1119,Brown Nation,TV Show,United States,2016,2016,TV-14,Teens (13-17)
s1120,Bruno and Boots: Go Jump in the Pool,Movie,Canada,2016,2017,TV-PG,Kids & Family
s1121,Bruno and Boots: The Wizzle War,Movie,Canada,2017,2017,TV-PG,Kids & Family
s1122,Bruno and Boots: This Can't Be Happening at Macdonald Hall,Movie,Canada,2017,2017,TV-PG,Kids & Family
s1123,Bucket List,Movie,India,2018,2018,TV-14,Teens (13-17)
s1124,Budapest,Movie,France,2018,2019,TV-MA,Adult (18+)
s1124,Budapest,Movie,Belgium,2018,2019,TV-MA,Adult (18+)
s1125,Buddha,TV Show,Unknown Country,2013,2018,TV-PG,Kids & Family
s1126,Buddi,TV Show,United Kingdom,2020,2020,TV-Y,Kids & Family
s1126,Buddi,TV Show,China,2020,2020,TV-Y,Kids & Family
s1127,Buddies,Movie,Brazil,2012,2019,TV-MA,Adult (18+)
s1128,Buddy Thunderstruck,TV Show,United States,2017,2017,TV-Y7,Kids & Family
s1129,Buddy Thunderstruck: The Maybe Pile,Movie,United States,2017,2017,TV-Y7,Kids & Family
s1130,Budhia Singh: Born to Run,Movie,India,2016,2020,TV-MA,Adult (18+)
s1131,Buffalo Boys,Movie,Indonesia,2018,2019,TV-MA,Adult (18+)
s1131,Buffalo Boys,Movie,Singapore,2018,2019,TV-MA,Adult (18+)
s1132,Bugs,Movie,Netherlands,2016,2018,TV-G,Kids & Family
s1132,Bugs,Movie,Denmark,2016,2018,TV-G,Kids & Family
s1132,Bugs,Movie,France,2016,2018,TV-G,Kids & Family
s1132,Bugs,Movie,Germany,2016,2018,TV-G,Kids & Family
s1133,Bulbbul,Movie,India,2020,2020,TV-MA,Adult (18+)
s1134,Bulbul Can Sing,Movie,India,2018,2020,TV-14,Teens (13-17)
s1135,Bullet Head,Movie,Bulgaria,2017,2018,R,Adult (18+)
s1135,Bullet Head,Movie,United States,2017,2018,R,Adult (18+)
s1136,Bulletproof 2,Movie,United States,2020,2020,TV-MA,Adult (18+)
s1137,Bullitt County,Movie,United States,2018,2019,TV-MA,Adult (18+)
s1138,Bully,Movie,United States,2012,2020,PG-13,Teens (13-17)
s1139,Bumping Mics with Jeff Ross & Dave Attell,TV Show,United States,2018,2018,TV-MA,Adult (18+)
s1140,Bunk'd,TV Show,United States,2020,2020,TV-G,Kids & Family
s1141,"Bure Kaam Bura Natija, Kyun Bhai Chacha Haan Bhatija",TV Show,Unknown Country,2017,2018,TV-PG,Kids & Family
s1142,Burlesque,Movie,United States,2010,2019,PG-13,Teens (13-17)
s1143,Burlesque: Heart of the Glitter Tribe,Movie,United States,2017,2017,TV-MA,Adult (18+)
s1144,Burn Out,Movie,France,2017,2019,TV-MA,Adult (18+)
s1144,Burn Out,Movie,Belgium,2017,2019,TV-MA,Adult (18+)
s1145,Burned Cocoon,TV Show,Turkey,2005,2017,TV-MA,Adult (18+)
s1146,Burning,Movie,South Korea,2018,2019,TV-MA,Adult (18+)
s1146,Burning,Movie,Japan,2018,2019,TV-MA,Adult (18+)
s1147,Burning Cane,Movie,United States,2019,2019,TV-MA,Adult (18+)
s1148,Burning Sands,Movie,United States,2017,2017,TV-MA,Adult (18+)
s1149,Burnistoun,TV Show,United Kingdom,2012,2019,TV-MA,Adult (18+)
s1150,Bushwick,Movie,United States,2017,2017,TV-MA,Adult (18+)
s1151,Busted!,TV Show,South Korea,2019,2019,TV-14,Teens (13-17)
s1152,Buster's Mal Heart,Movie,United States,2016,2017,TV-MA,Adult (18+)
s1153,Butterfield 8,Movie,United States,1960,2019,TV-14,Teens (13-17)
s1154,BuyBust,Movie,Philippines,2018,2018,TV-MA,Adult (18+)
s1155,Bwakaw,Movie,Philippines,2012,2020,TV-MA,Adult (18+)
s1155,Bwakaw,Movie,Canada,2012,2020,TV-MA,Adult (18+)
s1155,Bwakaw,Movie,United Kingdom,2012,2020,TV-MA,Adult (18+)
s1155,Bwakaw,Movie,United States,2012,2020,TV-MA,Adult (18+)
s1156,By the Sea,Movie,France,2015,2020,R,Adult (18+)
s1156,By the Sea,Movie,Malta,2015,2020,R,Adult (18+)
s1156,By the Sea,Movie,United States,2015,2020,R,Adult (18+)
s1157,Bye Bye London,Movie,Kuwait,1981,2020,TV-14,Teens (13-17)
s1158,Bygones Be Bygones,Movie,Turkey,2017,2019,TV-MA,Adult (18+)
s1159,Bypass Road,Movie,India,2019,2020,TV-14,Teens (13-17)
s1160,C Kkompany,Movie,India,2008,2019,TV-14,Teens (13-17)
s1161,Cézanne et moi,Movie,Belgium,2016,2017,R,Adult (18+)
s1161,Cézanne et moi,Movie,France,2016,2017,R,Adult (18+)
s1162,Cabin Fever,Movie,United States,2016,2019,R,Adult (18+)
s1163,Cabins in the Wild with Dick Strawbridge,TV Show,United Kingdom,2017,2018,TV-PG,Kids & Family
s1164,Cable Girls,TV Show,Spain,2019,2020,TV-MA,Adult (18+)
s1165,Cadaver,Movie,Norway,2020,2020,TV-MA,Adult (18+)
s1166,Cagaster of an Insect Cage,TV Show,Japan,2020,2020,TV-MA,Adult (18+)
s1167,Cahaya Dari Timur Beta Maluku,Movie,Indonesia,2014,2018,TV-14,Teens (13-17)
s1168,Caida del Cielo,Movie,Argentina,2016,2017,TV-MA,Adult (18+)
s1169,Cain and Abel,TV Show,South Korea,2009,2019,TV-MA,Adult (18+)
s1170,Cairo Station,Movie,Egypt,1958,2020,TV-14,Teens (13-17)
s1171,Cake,Movie,United Kingdom,2018,2019,TV-MA,Adult (18+)
s1171,Cake,Movie,Pakistan,2018,2019,TV-MA,Adult (18+)
s1172,Calendar Girls,Movie,India,2015,2017,TV-14,Teens (13-17)
s1173,Calibre,Movie,United Kingdom,2018,2018,TV-MA,Adult (18+)
s1174,Calico Critters,TV Show,Unknown Country,2018,2018,TV-Y,Kids & Family
s1175,Calico Critters Mini Episodes Clover,TV Show,Unknown Country,2020,2020,TV-Y,Kids & Family
s1176,Calico Critters: A Town of Dreams,Movie,Unknown Country,2017,2018,TV-Y,Kids & Family
s1177,Calico Critters: Everyone's Big Dream Flying in the Sky,Movie,Unknown Country,2019,2020,TV-Y,Kids & Family
s1178,Calico Critters: The Treasure of Calico Village,Movie,Unknown Country,2017,2018,TV-Y,Kids & Family
s1179,Caliphate,TV Show,Sweden,2020,2020,TV-MA,Adult (18+)
s1180,Call Me Francis,TV Show,Italy,2016,2016,TV-14,Teens (13-17)
s1181,Call My Agent!,TV Show,France,2018,2019,TV-MA,Adult (18+)
s1182,Call the Midwife,TV Show,United Kingdom,2020,2020,TV-MA,Adult (18+)
s1183,Calum von Moger: Unbroken,Movie,United States,2019,2019,TV-MA,Adult (18+)
s1184,Cam,Movie,United States,2018,2018,TV-MA,Adult (18+)
s1185,Camarón Revolution,TV Show,Unknown Country,2018,2018,TV-14,Teens (13-17)
s1186,Camarón: The Film,Movie,Spain,2018,2018,TV-14,Teens (13-17)
s1187,Camelia la Texana,TV Show,Mexico,2014,2017,TV-14,Teens (13-17)
s1187,Camelia la Texana,TV Show,United States,2014,2017,TV-14,Teens (13-17)
s1188,Camera Store,Movie,United States,2016,2017,TV-MA,Adult (18+)
s1189,Camp Cool Kids,Movie,United States,2017,2018,TV-G,Kids & Family
s1190,Camp X,TV Show,Canada,2014,2019,TV-MA,Adult (18+)
s1191,Camp X-Ray,Movie,United States,2014,2017,R,Adult (18+)
s1192,Can We Get Married?,TV Show,South Korea,2012,2017,TV-14,Teens (13-17)
s1193,Can You Hear Me?,TV Show,Canada,2020,2020,TV-MA,Adult (18+)
s1194,"Can't Cope, Won't Cope",TV Show,Ireland,2018,2020,TV-MA,Adult (18+)
s1195,Can't Hardly Wait,Movie,United States,1998,2021,PG-13,Teens (13-17)
s1196,Can't Help Falling in Love,Movie,Philippines,2017,2019,TV-14,Teens (13-17)
s1197,Can’t Complain,Movie,Egypt,2007,2020,TV-MA,Adult (18+)
s1198,Candy Jar,Movie,United States,2018,2018,TV-14,Teens (13-17)
s1199,Candy Online,TV Show,Taiwan,2019,2019,TV-MA,Adult (18+)
s1200,Candyflip,Movie,India,2017,2019,TV-MA,Adult (18+)
s1201,Candyman,Movie,United States,1992,2019,R,Adult (18+)
s1201,Candyman,Movie,United Kingdom,1992,2019,R,Adult (18+)
s1202,Cannabis,TV Show,France,2016,2016,TV-MA,Adult (18+)
s1203,Cannon Busters,TV Show,United States,2019,2019,TV-MA,Adult (18+)
s1203,Cannon Busters,TV Show,Japan,2019,2019,TV-MA,Adult (18+)
s1204,Canvas,Movie,United States,2020,2020,G,Kids & Family
s1205,Capital in the Twenty-First Century,Movie,France,2019,2020,TV-14,Teens (13-17)
s1205,Capital in the Twenty-First Century,Movie,New Zealand,2019,2020,TV-14,Teens (13-17)
s1206,Cappuccino,Movie,India,2017,2018,TV-PG,Kids & Family
s1207,Captain Underpants Epic Choice-o-Rama,Movie,United States,2020,2020,TV-Y7,Kids & Family
s1208,Captain Underpants Mega Blissmas,Movie,United States,2020,2020,TV-Y7,Kids & Family
s1209,Captive,TV Show,United Kingdom,2016,2016,TV-MA,Adult (18+)
s1210,Car Masters: Rust to Riches,TV Show,Unknown Country,2020,2020,TV-PG,Kids & Family
s1211,Carbon,Movie,France,2017,2018,TV-MA,Adult (18+)
s1211,Carbon,Movie,Belgium,2017,2018,TV-MA,Adult (18+)
s1212,Cardboard Gangsters,Movie,Ireland,2016,2018,TV-MA,Adult (18+)
s1213,Cardcaptor Sakura,TV Show,Japan,1999,2020,TV-Y7,Kids & Family
s1214,Care Bears & Cousins,TV Show,United States,2016,2016,TV-Y,Kids & Family
s1215,Care Bears: Welcome to Care-a-Lot,TV Show,United States,2012,2019,TV-Y,Kids & Family
s1216,Care of Kancharapalem,Movie,India,2018,2019,TV-14,Teens (13-17)
s1217,Caregiver,Movie,Philippines,2008,2019,TV-14,Teens (13-17)
s1218,Cargo,Movie,India,2020,2020,TV-14,Teens (13-17)
s1219,Carlos Almaraz: Playing with Fire,Movie,United States,2019,2020,TV-14,Teens (13-17)
s1220,Carlos Ballarta: El amor es de putos,Movie,Mexico,2016,2016,TV-MA,Adult (18+)
s1221,Carlos Ballarta: Furia Ñera,Movie,Mexico,2018,2018,TV-MA,Adult (18+)
s1222,Carmel: Who Killed Maria Marta?,TV Show,Argentina,2020,2020,TV-14,Teens (13-17)
s1223,Carmen Sandiego,TV Show,United States,2021,2021,TV-Y7,Kids & Family
s1224,Carmen Sandiego: To Steal or Not to Steal,Movie,Canada,2020,2020,TV-Y7,Kids & Family
s1224,Carmen Sandiego: To Steal or Not to Steal,Movie,United States,2020,2020,TV-Y7,Kids & Family
s1225,Carol,Movie,United Kingdom,2015,2020,R,Adult (18+)
s1225,Carol,Movie,United States,2015,2020,R,Adult (18+)
s1225,Carol,Movie,Australia,2015,2020,R,Adult (18+)
s1226,CAROLE & TUESDAY,TV Show,Japan,2019,2019,TV-MA,Adult (18+)
s1227,Carrie,Movie,United States,1976,2019,R,Adult (18+)
s1228,Carrie Pilby,Movie,United States,2016,2017,TV-MA,Adult (18+)
s1229,Carriers,Movie,United States,2009,2019,PG-13,Teens (13-17)
s1230,Casa de mi Padre,Movie,United States,2012,2012,R,Adult (18+)
s1230,Casa de mi Padre,Movie,Mexico,2012,2012,R,Adult (18+)
s1231,Casablancas: The Man Who Loved Women,Movie,France,2016,2017,TV-14,Teens (13-17)
s1232,Case,TV Show,Iceland,2015,2016,TV-MA,Adult (18+)
s1233,Case 39,Movie,United States,2009,2021,R,Adult (18+)
s1233,Case 39,Movie,Canada,2009,2021,R,Adult (18+)
s1234,Case Closed,TV Show,Japan,2015,2019,TV-14,Teens (13-17)
s1235,Casino Royale,Movie,United Kingdom,2006,2020,PG-13,Teens (13-17)
s1235,Casino Royale,Movie,Czech Republic,2006,2020,PG-13,Teens (13-17)
s1235,Casino Royale,Movie,United States,2006,2020,PG-13,Teens (13-17)
s1235,Casino Royale,Movie,Germany,2006,2020,PG-13,Teens (13-17)
s1235,Casino Royale,Movie,Bahamas,2006,2020,PG-13,Teens (13-17)
s1236,Casino Tycoon,Movie,Hong Kong,1992,2018,TV-MA,Adult (18+)
s1237,Casino Tycoon 2,Movie,Hong Kong,1992,2018,TV-MA,Adult (18+)
s1238,Casting JonBenet,Movie,United States,2017,2017,TV-14,Teens (13-17)
s1238,Casting JonBenet,Movie,Australia,2017,2017,TV-14,Teens (13-17)
s1238,Casting JonBenet,Movie,China,2017,2017,TV-14,Teens (13-17)
s1239,Castle and Castle,TV Show,Nigeria,2018,2020,TV-MA,Adult (18+)
s1240,Castle of Stars,TV Show,Unknown Country,2015,2018,TV-MA,Adult (18+)
s1241,Castlevania,TV Show,United States,2020,2020,TV-MA,Adult (18+)
s1242,Cat on a Hot Tin Roof,Movie,United States,1958,2019,NR,Not Rated (NR)
s1243,Catch Me If You Can,Movie,United States,2002,2021,PG-13,Teens (13-17)
s1243,Catch Me If You Can,Movie,Canada,2002,2021,PG-13,Teens (13-17)
s1244,Catching Feelings,Movie,South Africa,2018,2018,TV-MA,Adult (18+)
s1245,Catching the Sun,Movie,China,2015,2016,TV-14,Teens (13-17)
s1245,Catching the Sun,Movie,Germany,2015,2016,TV-14,Teens (13-17)
s1245,Catching the Sun,Movie,India,2015,2016,TV-14,Teens (13-17)
s1245,Catching the Sun,Movie,United States,2015,2016,TV-14,Teens (13-17)
s1246,Catfight,Movie,United States,2016,2017,TV-MA,Adult (18+)
s1247,Cathedral of the Sea,TV Show,Spain,2017,2018,TV-MA,Adult (18+)
s1248,Cats & Dogs: The Revenge of Kitty Galore,Movie,United States,2010,2019,PG,Kids & Family
s1248,Cats & Dogs: The Revenge of Kitty Galore,Movie,Australia,2010,2019,PG,Kids & Family
s1249,Catwalk: Tales from the Cat Show Circuit,Movie,Canada,2018,2019,TV-PG,Kids & Family
s1250,Caught on Camera,TV Show,United Kingdom,2015,2016,TV-MA,Adult (18+)
s1251,Cave,Movie,Norway,2016,2017,TV-MA,Adult (18+)
s1252,Cedric the Entertainer: Live from the Ville,Movie,United States,2016,2016,TV-MA,Adult (18+)
s1253,Celebrity Marriage,Movie,Unknown Country,2017,2019,TV-PG,Kids & Family
s1254,Cells at Work!,TV Show,Japan,2018,2020,TV-PG,Kids & Family
s1255,Celluloid Man,Movie,India,2012,2017,TV-PG,Kids & Family
s1256,Cemara's Family,Movie,Indonesia,2018,2020,TV-G,Kids & Family
s1257,Center Stage,Movie,United States,2000,2020,PG-13,Teens (13-17)
s1258,Chaahat,Movie,India,1996,2017,TV-14,Teens (13-17)
s1259,Chaar Sahibzaade,Movie,India,2014,2018,TV-PG,Kids & Family
s1260,Chadi Jawani Budhe Nu,Movie,India,1976,2017,TV-PG,Kids & Family
s1261,Chal Bhaag,Movie,India,2014,2018,TV-14,Teens (13-17)
s1262,Chal Dhar Pakad,Movie,India,2010,2018,TV-14,Teens (13-17)
s1263,Chal Mere Bhai,Movie,India,2000,2019,TV-14,Teens (13-17)
s1264,Chalay Thay Saath,Movie,Pakistan,2017,2018,TV-14,Teens (13-17)
s1265,Challenger,TV Show,United States,2020,2020,TV-14,Teens (13-17)
s1266,Chalte Chalte,Movie,India,2003,2018,TV-14,Teens (13-17)
s1267,Chaman Bahaar,Movie,India,2020,2020,TV-MA,Adult (18+)
s1268,Chamatkar,Movie,India,1992,2017,TV-14,Teens (13-17)
s1269,Chambers,TV Show,United States,2019,2019,TV-MA,Adult (18+)
s1270,Chameli,Movie,India,2004,2019,TV-14,Teens (13-17)
s1271,Champions,TV Show,United States,2018,2019,TV-14,Teens (13-17)
s1272,Chance Pe Dance,Movie,India,2010,2018,TV-14,Teens (13-17)
s1273,Chandani: The Daughter of the Elephant Whisperer,Movie,Germany,2010,2017,TV-G,Kids & Family
s1273,Chandani: The Daughter of the Elephant Whisperer,Movie,Sri Lanka,2010,2017,TV-G,Kids & Family
s1274,Change in the Air,Movie,United States,2018,2020,PG,Kids & Family
s1275,Chaotic Love Poems,Movie,Indonesia,2016,2019,TV-14,Teens (13-17)
s1276,Chappaquiddick,Movie,United States,2017,2018,PG-13,Teens (13-17)
s1276,Chappaquiddick,Movie,Sweden,2017,2018,PG-13,Teens (13-17)
s1277,Chappie,Movie,South Africa,2015,2019,R,Adult (18+)
s1277,Chappie,Movie,United States,2015,2019,R,Adult (18+)
s1278,Charité,TV Show,Germany,2017,2018,TV-MA,Adult (18+)
s1279,Charité at War,TV Show,Unknown Country,2019,2019,TV-MA,Adult (18+)
s1280,Charlie and the Chocolate Factory,Movie,United Kingdom,2005,2020,PG,Kids & Family
s1280,Charlie and the Chocolate Factory,Movie,United States,2005,2020,PG,Kids & Family
s1281,Charlie's Angels,Movie,United States,2000,2019,PG-13,Teens (13-17)
s1281,Charlie's Angels,Movie,Germany,2000,2019,PG-13,Teens (13-17)
s1282,Charlie's Angels: Full Throttle,Movie,United States,2003,2019,PG-13,Teens (13-17)
s1283,Charlie's Colorforms City,TV Show,United States,2019,2019,TV-Y,Kids & Family
s1284,Charlotte's Web,Movie,United States,1973,2019,G,Kids & Family
s1285,Charmed,TV Show,United States,2019,2020,TV-14,Teens (13-17)
s1286,Charming,Movie,Canada,2021,2021,TV-Y7,Kids & Family
s1286,Charming,Movie,United States,2021,2021,TV-Y7,Kids & Family
s1286,Charming,Movie,Cayman Islands,2021,2021,TV-Y7,Kids & Family
s1287,Chashme Baddoor,Movie,India,2013,2020,TV-14,Teens (13-17)
s1288,Chashme Buddoor,Movie,India,2013,2017,TV-PG,Kids & Family
s1289,Chasing Amy,Movie,United States,1997,2020,R,Adult (18+)
s1290,Chasing Cameron,TV Show,United States,2016,2016,TV-14,Teens (13-17)
s1291,Chasing Coral,Movie,United States,2017,2017,TV-PG,Kids & Family
s1292,Chasing Monsters,TV Show,Canada,2016,2017,TV-PG,Kids & Family
s1293,Chasing the Dragon,Movie,Hong Kong,2017,2018,TV-MA,Adult (18+)
s1293,Chasing the Dragon,Movie,China,2017,2018,TV-MA,Adult (18+)
s1294,Chasing Trane,Movie,United States,2016,2017,TV-PG,Kids & Family
s1295,Chatô: The King of Brazil,Movie,Brazil,2015,2016,TV-MA,Adult (18+)
s1296,Chauthi Koot,Movie,India,2015,2017,TV-14,Teens (13-17)
s1296,Chauthi Koot,Movie,France,2015,2017,TV-14,Teens (13-17)
s1297,Cheapest Weddings,TV Show,Australia,2016,2017,TV-14,Teens (13-17)
s1298,Check The Store Next Door: The Next Chapter,TV Show,Indonesia,2020,2020,TV-14,Teens (13-17)
s1299,Cheer,TV Show,United States,2020,2020,TV-MA,Adult (18+)
s1300,Cheer Squad,TV Show,United States,2016,2017,TV-PG,Kids & Family
s1301,Cheers,TV Show,United States,1992,2017,TV-PG,Kids & Family
s1302,Cheese in the Trap,TV Show,South Korea,2016,2019,TV-14,Teens (13-17)
s1303,Chef,Movie,United States,2014,2020,R,Adult (18+)
s1304,Chef & My Fridge,TV Show,South Korea,2017,2017,TV-PG,Kids & Family
s1305,Chef's Table,TV Show,United States,2019,2019,TV-MA,Adult (18+)
s1306,Chef's Table: BBQ,TV Show,United States,2020,2020,TV-14,Teens (13-17)
s1307,Chef's Table: France,TV Show,Unknown Country,2016,2016,TV-14,Teens (13-17)
s1308,Chelsea,TV Show,United States,2017,2017,TV-MA,Adult (18+)
s1309,Chelsea Does,TV Show,United States,2016,2016,TV-MA,Adult (18+)
s1310,Chelsea Handler: Uganda Be Kidding Me Live,Movie,United States,2014,2014,TV-MA,Adult (18+)
s1311,Chelsea Peretti: One of the Greats,Movie,United States,2014,2014,TV-MA,Adult (18+)
s1312,Chennai Express,Movie,India,2013,2018,TV-14,Teens (13-17)
s1313,Chernobyl Diaries,Movie,United States,2012,2018,R,Adult (18+)
s1314,Cheuk Wan-Chi: Two Night Stand,TV Show,Unknown Country,2015,2017,TV-MA,Adult (18+)
s1315,Chewin' the Fat,TV Show,United Kingdom,1999,2016,TV-14,Teens (13-17)
s1316,Chewing Gum,TV Show,United Kingdom,2017,2017,TV-MA,Adult (18+)
s1317,Chhota Bheem,TV Show,India,2019,2019,TV-Y,Kids & Family
s1318,Chhota Bheem and the Curse of Damyaan,Movie,India,2012,2020,TV-Y7,Kids & Family
s1319,Chhota Bheem Aur Kaala Yodha,Movie,Unknown Country,2018,2019,TV-Y7,Kids & Family
s1320,Chhota Bheem Ka Romani Adventure,Movie,Unknown Country,2018,2019,TV-Y7,Kids & Family
s1321,Chhota Bheem Ka Troll Se Takkar,Movie,Unknown Country,2018,2019,TV-Y7,Kids & Family
s1322,Chhota Bheem Kung Fu Dhamaka Series,TV Show,Unknown Country,2019,2020,TV-Y7,Kids & Family
s1323,Chhota Bheem Kungfu Dhamaka,Movie,India,2019,2019,TV-Y7,Kids & Family
s1324,Chicago Typewriter,TV Show,South Korea,2017,2019,TV-14,Teens (13-17)
s1325,Chicken Kokkachi,Movie,India,2017,2018,TV-14,Teens (13-17)
s1326,Chicken Little,Movie,United States,2005,2016,G,Kids & Family
s1327,Chicken Soup for the Soul's Being Dad,TV Show,United States,2018,2018,TV-MA,Adult (18+)
s1328,Chico Bon Bon and the Very Berry Holiday,Movie,Unknown Country,2020,2020,TV-Y,Kids & Family
s1329,Chico Bon Bon: Monkey with a Tool Belt,TV Show,United States,2020,2020,TV-Y,Kids & Family
s1330,Chief Daddy,Movie,Nigeria,2018,2019,TV-MA,Adult (18+)
s1331,Chief of Staff,TV Show,South Korea,2019,2019,TV-14,Teens (13-17)
s1332,Child's Play,Movie,United States,1988,2019,R,Adult (18+)
s1333,Children of Adam,TV Show,Lebanon,2020,2020,TV-14,Teens (13-17)
s1334,Children of God,Movie,United Kingdom,1994,2016,TV-MA,Adult (18+)
s1335,Children of the Sea,Movie,Japan,2019,2020,TV-PG,Kids & Family
s1336,Children of the Whales,TV Show,Japan,2017,2018,TV-14,Teens (13-17)
s1337,Chill with Bob Ross,TV Show,Unknown Country,1994,2016,TV-G,Kids & Family
s1338,Chillar Party,Movie,India,2011,2018,TV-PG,Kids & Family
s1339,Chilling Adventures of Sabrina,TV Show,United States,2020,2020,TV-14,Teens (13-17)
s1340,China Salesman,Movie,China,2017,2018,TV-MA,Adult (18+)
s1341,Chingo Bling: They Can't Deport Us All,Movie,Unknown Country,2017,2017,TV-MA,Adult (18+)
s1342,Chip and Potato,TV Show,United Kingdom,2019,2019,TV-Y,Kids & Family
s1342,Chip and Potato,TV Show,Canada,2019,2019,TV-Y,Kids & Family
s1343,Chippa,Movie,India,2020,2020,TV-14,Teens (13-17)
s1344,Chittagong,Movie,United States,2012,2018,NR,Not Rated (NR)
s1344,Chittagong,Movie,India,2012,2018,NR,Not Rated (NR)
s1344,Chittagong,Movie,Bangladesh,2012,2018,NR,Not Rated (NR)
s1345,Chitty Chitty Bang Bang,Movie,United Kingdom,1968,2020,G,Kids & Family
s1345,Chitty Chitty Bang Bang,Movie,United States,1968,2020,G,Kids & Family
s1346,Chloe,Movie,United States,2009,2020,R,Adult (18+)
s1346,Chloe,Movie,Canada,2009,2020,R,Adult (18+)
s1346,Chloe,Movie,France,2009,2020,R,Adult (18+)
s1347,Chocolate,TV Show,South Korea,2019,2019,TV-14,Teens (13-17)
s1348,Chocolate City: Vegas Strip,Movie,United States,2017,2017,TV-MA,Adult (18+)
s1349,Choked: Paisa Bolta Hai,Movie,India,2020,2020,TV-14,Teens (13-17)
s1350,Chopsticks,Movie,India,2019,2019,TV-MA,Adult (18+)
s1351,Chosen,TV Show,China,2019,2019,TV-14,Teens (13-17)
s1352,Chris Brown: Welcome to My Life,Movie,United States,2017,2017,TV-MA,Adult (18+)
s1353,Chris D'Elia: Incorrigible,Movie,United States,2015,2015,TV-MA,Adult (18+)
s1354,Chris D'Elia: Man on Fire,Movie,United States,2017,2017,TV-MA,Adult (18+)
s1355,Chris D'Elia: No Pain,Movie,United States,2020,2020,TV-MA,Adult (18+)
s1356,Chris Rock Total Blackout: The Tamborine Extended Cut,Movie,Unknown Country,2021,2021,TV-MA,Adult (18+)
s1357,Chris Rock: Tamborine,Movie,United States,2018,2018,TV-MA,Adult (18+)
s1358,Chris Tucker Live,Movie,United States,2015,2015,TV-MA,Adult (18+)
s1359,Christian Mingle,Movie,United States,2014,2019,PG,Kids & Family
s1360,Christiane Amanpour: Sex & Love Around the World,TV Show,United States,2018,2018,TV-MA,Adult (18+)
s1361,Christina P: Mother Inferior,Movie,United States,2017,2017,TV-MA,Adult (18+)
s1362,Christine,Movie,United Kingdom,2016,2020,R,Adult (18+)
s1362,Christine,Movie,United States,2016,2020,R,Adult (18+)
s1363,Christmas Break-In,Movie,United States,2019,2020,TV-PG,Kids & Family
s1364,Christmas Crossfire,Movie,Germany,2020,2020,TV-MA,Adult (18+)
s1365,Christmas Crush,Movie,Canada,2012,2019,TV-PG,Kids & Family
s1365,Christmas Crush,Movie,United States,2012,2019,TV-PG,Kids & Family
s1366,Christmas in the Heartland,Movie,United States,2017,2019,TV-PG,Kids & Family
s1367,Christmas in the Smokies,Movie,United States,2015,2019,TV-G,Kids & Family
s1368,Christmas Inheritance,Movie,United States,2017,2017,TV-G,Kids & Family
s1369,Christmas Survival,Movie,United Kingdom,2018,2019,TV-MA,Adult (18+)
s1370,Christmas Wedding Planner,Movie,Canada,2017,2018,PG,Kids & Family
s1371,Christmas with a Prince,Movie,Canada,2018,2020,TV-PG,Kids & Family
s1372,Christmas With A View,Movie,Canada,2018,2018,TV-PG,Kids & Family
s1373,Christmas with the Kranks,Movie,United States,2004,2019,PG,Kids & Family
s1374,Christopher Robin,Movie,United States,2018,2019,PG,Kids & Family
s1375,Chronically Metropolitan,Movie,United States,2016,2020,TV-MA,Adult (18+)
s1376,Chronicle of an Escape,Movie,Argentina,2006,2018,R,Adult (18+)
s1377,"ChuChu TV Kids Songs, Learning Videos & Bedtime Stories",TV Show,Unknown Country,2019,2019,TV-Y,Kids & Family
s1378,ChuChu TV Nursery Rhymes & Kids Songs (Hindi),TV Show,India,2019,2020,TV-Y,Kids & Family
s1379,ChuChuTV Bedtime Stories & Moral Stories for Kids (English),Movie,Unknown Country,2019,2019,TV-Y,Kids & Family
s1380,ChuChuTV Bedtime Stories & Moral Stories for Kids (Hindi),Movie,Unknown Country,2019,2019,TV-Y,Kids & Family
s1381,ChuChuTV Surprise Eggs Learning Videos (English),Movie,Unknown Country,2019,2019,TV-Y,Kids & Family
s1382,ChuChuTV Surprise Eggs Learning Videos (Hindi),Movie,Unknown Country,2019,2019,TV-Y,Kids & Family
s1383,Chuck Chicken,TV Show,Malaysia,2017,2017,TV-Y7,Kids & Family
s1384,Chup Chup Ke,Movie,India,2006,2018,TV-PG,Kids & Family
s1385,Chupan Chupai,Movie,Pakistan,2017,2019,TV-14,Teens (13-17)
s1386,Chupke Chupke,Movie,India,1975,2019,TV-PG,Kids & Family
s1387,Churchill’s Secret Agents: The New Recruits,TV Show,United Kingdom,2018,2018,TV-MA,Adult (18+)
s1388,CIA: Comrade in America,Movie,India,2017,2018,TV-14,Teens (13-17)
s1389,Cinar Agaci,Movie,Turkey,2011,2020,TV-14,Teens (13-17)
s1390,Cinderella and the Four Knights,TV Show,South Korea,2016,2019,TV-PG,Kids & Family
s1391,Cinta 100KG,TV Show,Unknown Country,2016,2019,TV-14,Teens (13-17)
s1392,Cinta Iris,TV Show,Unknown Country,2015,2019,TV-PG,Kids & Family
s1393,Cinta Si Wedding Planner,TV Show,Unknown Country,2015,2019,TV-14,Teens (13-17)
s1394,Cinta Teruna Kimchi,TV Show,Unknown Country,2016,2019,TV-PG,Kids & Family
s1395,Circle,Movie,United States,2015,2015,TV-MA,Adult (18+)
s1396,Circus of Books,Movie,United States,2020,2020,TV-MA,Adult (18+)
s1397,Cirque du Freak: The Vampire's Assistant,Movie,United States,2009,2018,PG-13,Teens (13-17)
s1398,Citation,Movie,Nigeria,2020,2020,TV-MA,Adult (18+)
s1399,Cities of Last Things,Movie,Taiwan,2018,2019,TV-MA,Adult (18+)
s1399,Cities of Last Things,Movie,China,2018,2019,TV-MA,Adult (18+)
s1399,Cities of Last Things,Movie,France,2018,2019,TV-MA,Adult (18+)
s1399,Cities of Last Things,Movie,United States,2018,2019,TV-MA,Adult (18+)
s1400,City in the Sky,TV Show,United Kingdom,2016,2017,TV-PG,Kids & Family
s1401,City of God,Movie,Brazil,2002,2020,R,Adult (18+)
s1401,City of God,Movie,France,2002,2020,R,Adult (18+)
s1401,City of God,Movie,Germany,2002,2020,R,Adult (18+)
s1402,City of God: 10 Years Later,Movie,Brazil,2013,2018,TV-MA,Adult (18+)
s1403,City of Joy,Movie,United States,2018,2018,TV-MA,Adult (18+)
s1404,City of Tiny Lights,Movie,United Kingdom,2016,2017,TV-MA,Adult (18+)
s1405,Civilizations,TV Show,United Kingdom,2018,2018,TV-14,Teens (13-17)
s1406,Clair Obscur,Movie,Turkey,2016,2017,TV-MA,Adult (18+)
s1406,Clair Obscur,Movie,France,2016,2017,TV-MA,Adult (18+)
s1406,Clair Obscur,Movie,Germany,2016,2017,TV-MA,Adult (18+)
s1406,Clair Obscur,Movie,Poland,2016,2017,TV-MA,Adult (18+)
s1407,CLANNAD,TV Show,Japan,2008,2019,TV-PG,Kids & Family
s1408,Clarence Clemons: Who Do I Think I Am?,Movie,United States,2019,2019,TV-MA,Adult (18+)
s1409,Clash of the Titans,Movie,United States,2010,2019,PG-13,Teens (13-17)
s1409,Clash of the Titans,Movie,United Kingdom,2010,2019,PG-13,Teens (13-17)
s1409,Clash of the Titans,Movie,Australia,2010,2019,PG-13,Teens (13-17)
s1410,Class of '61,Movie,United States,1993,2018,TV-PG,Kids & Family
s1411,Class of '83,Movie,India,2020,2020,TV-14,Teens (13-17)
s1412,Class Rank,Movie,United States,2018,2018,TV-MA,Adult (18+)
s1413,Classic Legends,TV Show,India,2012,2017,TV-PG,Kids & Family
s1414,Cleo & Cuquin,TV Show,Spain,2020,2020,TV-Y,Kids & Family
s1415,Cleopatra Jones,Movie,United States,1973,2019,PG,Kids & Family
s1416,Cleverman,TV Show,Australia,2017,2020,TV-MA,Adult (18+)
s1416,Cleverman,TV Show,New Zealand,2017,2020,TV-MA,Adult (18+)
s1416,Cleverman,TV Show,United States,2017,2020,TV-MA,Adult (18+)
s1417,Click,Movie,United States,2006,2020,PG-13,Teens (13-17)
s1418,Click for Murder,TV Show,United Kingdom,2017,2017,TV-14,Teens (13-17)
s1419,Clinical,Movie,United States,2017,2017,TV-MA,Adult (18+)
s1420,Clive Davis: The Soundtrack of Our Lives,Movie,United States,2017,2019,TV-MA,Adult (18+)
s1421,Close,Movie,United Kingdom,2019,2019,TV-MA,Adult (18+)
s1421,Close,Movie,United States,2019,2019,TV-MA,Adult (18+)
s1422,Close Enemies,Movie,France,2018,2020,TV-MA,Adult (18+)
s1422,Close Enemies,Movie,Belgium,2018,2020,TV-MA,Adult (18+)
s1423,Close Your Eyes Before It’s Dark,TV Show,Taiwan,2016,2017,TV-14,Teens (13-17)
s1424,Closed Circuit,Movie,United Kingdom,2013,2017,R,Adult (18+)
s1424,Closed Circuit,Movie,United States,2013,2017,R,Adult (18+)
s1425,Cloud Atlas,Movie,Germany,2012,2017,R,Adult (18+)
s1425,Cloud Atlas,Movie,United States,2012,2017,R,Adult (18+)
s1425,Cloud Atlas,Movie,Hong Kong,2012,2017,R,Adult (18+)
s1425,Cloud Atlas,Movie,Singapore,2012,2017,R,Adult (18+)
s1426,Clouds of Sils Maria,Movie,France,2014,2017,R,Adult (18+)
s1426,Clouds of Sils Maria,Movie,Germany,2014,2017,R,Adult (18+)
s1426,Clouds of Sils Maria,Movie,Switzerland,2014,2017,R,Adult (18+)
s1427,Cloudy with a Chance of Meatballs,Movie,United States,2009,2021,PG,Kids & Family
s1428,Cloudy with a Chance of Meatballs 2,Movie,United States,2013,2020,PG,Kids & Family
s1429,Cloverfield,Movie,United States,2008,2020,PG-13,Teens (13-17)
s1430,"Club de Cuervos Presents: I, Potro",Movie,Mexico,2018,2018,TV-MA,Adult (18+)
s1430,"Club de Cuervos Presents: I, Potro",Movie,Argentina,2018,2018,TV-MA,Adult (18+)
s1431,Club de Cuervos Presents: The Ballad of Hugo Sánchez,TV Show,United States,2018,2018,TV-MA,Adult (18+)
s1432,Club Friday The Series 6,TV Show,Unknown Country,2015,2019,TV-MA,Adult (18+)
s1433,Club Friday The Series 7,TV Show,Unknown Country,2016,2018,TV-MA,Adult (18+)
s1434,Club Friday The Series 8,TV Show,Unknown Country,2017,2019,TV-MA,Adult (18+)
s1435,Club Friday To Be Continued - Friend & Enemy,TV Show,Unknown Country,2016,2018,TV-MA,Adult (18+)
s1436,Club Friday To Be Continued - My Beautiful Tomboy,TV Show,Unknown Country,2016,2018,TV-MA,Adult (18+)
s1437,Club Friday To Be Continued - The Promise,TV Show,Unknown Country,2016,2018,TV-MA,Adult (18+)
s1438,Club of Crows,TV Show,Mexico,2019,2019,TV-MA,Adult (18+)
s1439,Coach Carter,Movie,United States,2005,2020,PG-13,Teens (13-17)
s1439,Coach Carter,Movie,Germany,2005,2020,PG-13,Teens (13-17)
s1440,Coach Snoop,TV Show,United States,2018,2018,TV-MA,Adult (18+)
s1441,Cobra Kai,TV Show,United States,2021,2021,TV-14,Teens (13-17)
s1442,Cocaine,TV Show,United Kingdom,2005,2016,TV-14,Teens (13-17)
s1443,Cocaine Coast,TV Show,Spain,2018,2018,TV-MA,Adult (18+)
s1444,Coco y Raulito: Carrusel de ternura,Movie,Mexico,2018,2018,TV-MA,Adult (18+)
s1445,Cocomelon,TV Show,United States,2020,2020,TV-Y,Kids & Family
s1446,Cocomong,TV Show,United States,2015,2019,TV-Y,Kids & Family
s1447,Code 8,Movie,Canada,2019,2020,TV-MA,Adult (18+)
s1448,Code Geass: Lelouch of the Rebellion,TV Show,Japan,2008,2019,TV-MA,Adult (18+)
s1449,Code Lyoko,TV Show,France,2007,2020,TV-Y7,Kids & Family
s1449,Code Lyoko,TV Show,Belgium,2007,2020,TV-Y7,Kids & Family
s1450,Code Name: The Cleaner,Movie,United States,2007,2019,PG-13,Teens (13-17)
s1451,Coffee & Kareem,Movie,United States,2020,2020,TV-MA,Adult (18+)
s1452,Coffee for All,Movie,Italy,2017,2018,TV-PG,Kids & Family
s1452,Coffee for All,Movie,United States,2017,2018,TV-PG,Kids & Family
s1452,Coffee for All,Movie,Argentina,2017,2018,TV-PG,Kids & Family
s1453,Coffee with D,Movie,India,2017,2017,TV-PG,Kids & Family
s1454,Coin Heist,Movie,United States,2017,2017,TV-14,Teens (13-17)
s1455,Cold Case Files,TV Show,United States,2017,2019,TV-14,Teens (13-17)
s1456,Cold Case Files Classic,TV Show,United States,1999,2020,TV-MA,Adult (18+)
s1457,Cold Feet,Movie,Nigeria,2019,2020,TV-14,Teens (13-17)
s1458,Cold Harbour,Movie,South Africa,2013,2020,TV-MA,Adult (18+)
s1459,Colin Quinn: Red State Blue State,Movie,Unknown Country,2019,2019,TV-14,Teens (13-17)
s1460,Colin Quinn: The New York Story,Movie,United States,2016,2016,TV-MA,Adult (18+)
s1461,Colin Quinn: Unconstitutional,Movie,United States,2015,2017,TV-MA,Adult (18+)
s1462,Colkatay Columbus,Movie,India,2016,2017,TV-14,Teens (13-17)
s1463,Collateral,TV Show,United Kingdom,2018,2018,TV-MA,Adult (18+)
s1463,Collateral,TV Show,United States,2018,2018,TV-MA,Adult (18+)
s1464,College Romance,TV Show,India,2018,2019,TV-MA,Adult (18+)
s1465,Colonia,Movie,Germany,2015,2018,R,Adult (18+)
s1465,Colonia,Movie,France,2015,2018,R,Adult (18+)
s1465,Colonia,Movie,Luxembourg,2015,2018,R,Adult (18+)
s1465,Colonia,Movie,United Kingdom,2015,2018,R,Adult (18+)
s1465,Colonia,Movie,United States,2015,2018,R,Adult (18+)
s1466,Colony,TV Show,United States,2018,2019,TV-14,Teens (13-17)
s1467,Color of Woman,TV Show,South Korea,2012,2016,TV-PG,Kids & Family
s1468,Colours of Passion,Movie,India,2008,2018,TV-14,Teens (13-17)
s1469,Come and Find Me,Movie,Canada,2016,2019,R,Adult (18+)
s1469,Come and Find Me,Movie,United States,2016,2019,R,Adult (18+)
s1469,Come and Find Me,Movie,United Kingdom,2016,2019,R,Adult (18+)
s1470,Come Sunday,Movie,United States,2018,2018,TV-14,Teens (13-17)
s1471,Comedians in Cars Getting Coffee,TV Show,United States,2019,2019,TV-14,Teens (13-17)
s1472,COMEDIANS of the world,TV Show,United States,2019,2019,TV-MA,Adult (18+)
s1473,Comedy Bang! Bang!,TV Show,United States,2016,2016,TV-14,Teens (13-17)
s1474,Comedy High School,TV Show,Unknown Country,2018,2018,TV-14,Teens (13-17)
s1475,Command and Control,Movie,United States,2017,2017,TV-PG,Kids & Family
s1476,Community,TV Show,United States,2015,2020,TV-14,Teens (13-17)
s1477,Como caído del cielo,Movie,Mexico,2019,2019,TV-14,Teens (13-17)
s1478,Company,Movie,India,2002,2018,TV-MA,Adult (18+)
s1479,Compulsion,Movie,United Kingdom,2016,2018,TV-MA,Adult (18+)
s1479,Compulsion,Movie,Canada,2016,2018,TV-MA,Adult (18+)
s1479,Compulsion,Movie,Italy,2016,2018,TV-MA,Adult (18+)
s1480,Conan Without Borders,TV Show,United States,2018,2018,TV-14,Teens (13-17)
s1481,Concrete Football,Movie,Czech Republic,2016,2017,TV-MA,Adult (18+)
s1481,Concrete Football,Movie,France,2016,2017,TV-MA,Adult (18+)
s1482,Concussion,Movie,United States,2013,2018,R,Adult (18+)
s1483,Conjuring Spirit,Movie,Vietnam,2014,2018,TV-MA,Adult (18+)
s1484,Connected,TV Show,United Kingdom,2020,2020,TV-14,Teens (13-17)
s1485,Conor McGregor: Notorious,Movie,Ireland,2017,2018,R,Adult (18+)
s1486,Consequences,Movie,Turkey,2014,2019,TV-MA,Adult (18+)
s1487,Consequences,Movie,Turkey,2014,2019,TV-MA,Adult (18+)
s1488,Conspiracy,TV Show,United Kingdom,2015,2016,TV-14,Teens (13-17)
s1489,Containment,TV Show,United States,2016,2016,TV-MA,Adult (18+)
s1490,Contract,Movie,India,2008,2019,TV-14,Teens (13-17)
s1491,Control Z,TV Show,Mexico,2020,2020,TV-MA,Adult (18+)
s1492,Conversations with a Killer: The Ted Bundy Tapes,TV Show,United States,2019,2019,TV-MA,Adult (18+)
s1493,Convict,Movie,Unknown Country,2014,2019,TV-14,Teens (13-17)
s1494,Cook Off,Movie,Zimbabwe,2017,2020,TV-G,Kids & Family
s1495,Cooked,TV Show,United States,2016,2016,TV-14,Teens (13-17)
s1496,Cooked with Cannabis,TV Show,United States,2020,2020,TV-MA,Adult (18+)
s1497,Cooking on High,TV Show,United States,2018,2018,TV-MA,Adult (18+)
s1498,Cool Hand Luke,Movie,United States,1967,2021,TV-14,Teens (13-17)
s1499,Cop and a Half: New Recruit,Movie,Canada,2017,2017,PG,Kids & Family
s1500,Cop Car,Movie,United States,2015,2019,R,Adult (18+)
s1501,Cop Watchers,Movie,Unknown Country,2016,2017,TV-MA,Adult (18+)
s1502,Cops and Robbers,Movie,United States,2020,2020,PG-13,Teens (13-17)
s1503,Coraline,Movie,United States,2009,2017,PG,Kids & Family
s1504,"Coronavirus, Explained",TV Show,United States,2020,2020,TV-PG,Kids & Family
s1505,Cosmos Laundromat: First Cycle,Movie,Netherlands,2015,2019,TV-MA,Adult (18+)
s1506,Countdown to Death: Pablo Escobar,Movie,Unknown Country,2017,2018,TV-MA,Adult (18+)
s1507,Counterfeiting in Suburbia,Movie,Canada,2018,2018,TV-14,Teens (13-17)
s1508,Counterpunch,Movie,United States,2017,2017,TV-MA,Adult (18+)
s1509,Country Ever After,TV Show,United States,2020,2020,TV-PG,Kids & Family
s1510,Couple of Days,Movie,Nigeria,2016,2020,TV-14,Teens (13-17)
s1511,Couples Counseling,Movie,Brazil,2016,2017,TV-MA,Adult (18+)
s1512,Court Justice,TV Show,Australia,2017,2019,TV-MA,Adult (18+)
s1513,Covered: Alive in Asia,Movie,United States,2016,2016,TV-G,Kids & Family
s1514,Cowspiracy: The Sustainability Secret,Movie,United States,2014,2015,TV-PG,Kids & Family
s1515,"Crack: Cocaine, Corruption & Conspiracy",Movie,United States,2021,2021,TV-MA,Adult (18+)
s1516,Cracked Up: The Darrell Hammond Story,Movie,United States,2018,2020,TV-MA,Adult (18+)
s1517,Craig Ferguson: Tickle Fight,Movie,United States,2017,2017,TV-MA,Adult (18+)
s1518,Crash,Movie,United States,2004,2019,R,Adult (18+)
s1518,Crash,Movie,Germany,2004,2019,R,Adult (18+)
s1519,Crash Landing on You,TV Show,South Korea,2019,2019,TV-14,Teens (13-17)
s1520,Crashing,TV Show,United Kingdom,2016,2017,TV-MA,Adult (18+)
s1521,Crazy Awesome Teachers,Movie,Indonesia,2020,2020,TV-PG,Kids & Family
s1522,Crazy Beautiful You,Movie,Philippines,2015,2019,TV-14,Teens (13-17)
s1523,Crazy Delicious,TV Show,United Kingdom,2020,2020,TV-PG,Kids & Family
s1524,Crazy Ex-Girlfriend,TV Show,United States,2019,2019,TV-MA,Adult (18+)
s1525,Crazy people,Movie,Nigeria,2018,2019,TV-MA,Adult (18+)
s1526,"Crazy, Lovely, Cool",TV Show,Nigeria,2018,2019,TV-MA,Adult (18+)
s1527,Crazyhead,TV Show,United Kingdom,2016,2016,TV-MA,Adult (18+)
s1528,CRD,Movie,India,2016,2019,TV-MA,Adult (18+)
s1529,Creating The Queen's Gambit,Movie,Unknown Country,2021,2021,TV-14,Teens (13-17)
s1530,Creators,TV Show,Argentina,2015,2018,TV-Y,Kids & Family
s1531,Creep,Movie,United States,2014,2015,R,Adult (18+)
s1532,Creep 2,Movie,United States,2017,2017,TV-MA,Adult (18+)
s1533,Creeped Out,TV Show,United Kingdom,2019,2019,TV-PG,Kids & Family
s1533,Creeped Out,TV Show,Canada,2019,2019,TV-PG,Kids & Family
s1534,Cricket Fever: Mumbai Indians,TV Show,India,2019,2019,TV-MA,Adult (18+)
s1535,Crime Diaries: Night Out,TV Show,Mexico,2019,2019,TV-MA,Adult (18+)
s1536,Crime Diaries: The Candidate,TV Show,Mexico,2019,2019,TV-MA,Adult (18+)
s1537,Crime Time,TV Show,France,2017,2019,TV-MA,Adult (18+)
s1538,Criminal Minds,TV Show,United States,2017,2017,TV-14,Teens (13-17)
s1538,Criminal Minds,TV Show,Canada,2017,2017,TV-14,Teens (13-17)
s1539,Criminal: France,TV Show,Unknown Country,2019,2019,TV-MA,Adult (18+)
s1540,Criminal: Germany,TV Show,Germany,2019,2019,TV-MA,Adult (18+)
s1541,Criminal: Spain,TV Show,Spain,2019,2019,TV-MA,Adult (18+)
s1542,Criminal: UK,TV Show,United Kingdom,2020,2020,TV-MA,Adult (18+)
s1542,Criminal: UK,TV Show,France,2020,2020,TV-MA,Adult (18+)
s1542,Criminal: UK,TV Show,Germany,2020,2020,TV-MA,Adult (18+)
s1542,Criminal: UK,TV Show,Spain,2020,2020,TV-MA,Adult (18+)
s1543,Crip Camp: A Disability Revolution,Movie,United States,2020,2020,R,Adult (18+)
s1544,Cristela Alonzo: Lower Classy,Movie,United States,2017,2017,TV-MA,Adult (18+)
s1545,Cristina,Movie,United States,2016,2019,TV-14,Teens (13-17)
s1546,Crossroads: One Two Jaga,Movie,Malaysia,2018,2018,TV-14,Teens (13-17)
s1547,"Crouching Tiger, Hidden Dragon",Movie,Taiwan,2000,2019,PG-13,Teens (13-17)
s1547,"Crouching Tiger, Hidden Dragon",Movie,Hong Kong,2000,2019,PG-13,Teens (13-17)
s1547,"Crouching Tiger, Hidden Dragon",Movie,United States,2000,2019,PG-13,Teens (13-17)
s1547,"Crouching Tiger, Hidden Dragon",Movie,China,2000,2019,PG-13,Teens (13-17)
s1548,"Crouching Tiger, Hidden Dragon: Sword of Destiny",Movie,China,2016,2016,PG-13,Teens (13-17)
s1548,"Crouching Tiger, Hidden Dragon: Sword of Destiny",Movie,United States,2016,2016,PG-13,Teens (13-17)
s1549,Cuba and the Cameraman,Movie,United States,2017,2017,TV-14,Teens (13-17)
s1550,Cuckoo,TV Show,United Kingdom,2019,2019,TV-MA,Adult (18+)
s1551,Cuddle Weather,Movie,Philippines,2019,2020,TV-MA,Adult (18+)
s1552,Cult of Chucky,Movie,United States,2017,2017,R,Adult (18+)
s1553,Cultivating the Seas: History and Future of the Full-Cycle Cultured Kindai Tuna,Movie,Unknown Country,2019,2019,TV-PG,Kids & Family
s1554,Cupcake & Dino - General Services,TV Show,Canada,2019,2019,TV-Y7,Kids & Family
s1554,Cupcake & Dino - General Services,TV Show,Brazil,2019,2019,TV-Y7,Kids & Family
s1555,Curon,TV Show,Italy,2020,2020,TV-MA,Adult (18+)
s1556,Cursed,TV Show,United Kingdom,2020,2020,TV-MA,Adult (18+)
s1556,Cursed,TV Show,Australia,2020,2020,TV-MA,Adult (18+)
s1557,Curtiz,Movie,Hungary,2018,2020,TV-MA,Adult (18+)
s1558,Cut Bank,Movie,United States,2014,2019,R,Adult (18+)
s1559,Cutie and the Boxer,Movie,United States,2013,2018,R,Adult (18+)
s1560,Cuties,Movie,France,2020,2020,TV-MA,Adult (18+)
s1561,Cyborg 009 VS Devilman,TV Show,Japan,2015,2016,TV-MA,Adult (18+)
s1561,Cyborg 009 VS Devilman,TV Show,United States,2015,2016,TV-MA,Adult (18+)
s1562,Cyborg 009: Call of Justice,TV Show,Japan,2017,2017,TV-14,Teens (13-17)
s1563,Cycle,Movie,India,2018,2020,TV-PG,Kids & Family
s1564,D.L. Hughley: Clear,Movie,United States,2014,2017,TV-MA,Adult (18+)
s1565,D.L. Hughley: Contrarian,Movie,United States,2018,2019,TV-MA,Adult (18+)
s1566,Déjà Vu,TV Show,Unknown Country,2013,2019,TV-14,Teens (13-17)
s1567,Dérè: An African Tale,TV Show,Unknown Country,2016,2020,TV-PG,Kids & Family
s1568,Düğün Dernek,Movie,Turkey,2013,2017,TV-PG,Kids & Family
s1569,Dügün Dernek 2: Sünnet,Movie,Turkey,2015,2017,TV-MA,Adult (18+)
s1570,Da 5 Bloods,Movie,United States,2020,2020,R,Adult (18+)
s1571,Da Kath & Kim Code,Movie,Australia,2005,2018,TV-PG,Kids & Family
s1572,Daagdi Chaawl,Movie,India,2015,2018,TV-14,Teens (13-17)
s1573,Dabbe 5: Zehr-i Cin,Movie,Turkey,2014,2019,TV-MA,Adult (18+)
s1574,Dabbe 6: The Return,Movie,Turkey,2015,2019,TV-MA,Adult (18+)
s1575,Dabbe: The Possession,Movie,Turkey,2013,2019,TV-MA,Adult (18+)
s1576,Dad,Movie,United States,1989,2018,PG,Kids & Family
s1577,Dad Wanted,Movie,Mexico,2020,2020,TV-14,Teens (13-17)
s1578,Dad's Army,TV Show,United Kingdom,1977,2018,TV-PG,Kids & Family
s1579,Daddy Day Care,Movie,United States,2003,2019,PG,Kids & Family
s1580,Daddy Issues,Movie,United States,2019,2019,TV-MA,Adult (18+)
s1581,Daemonium,Movie,Argentina,2015,2016,NR,Not Rated (NR)
s1582,Daffedar,Movie,India,2017,2018,TV-14,Teens (13-17)
s1583,Dagh Ujala,Movie,United States,2015,2018,TV-MA,Adult (18+)
s1583,Dagh Ujala,Movie,India,2015,2018,TV-MA,Adult (18+)
s1584,Dallas Buyers Club,Movie,United States,2013,2018,R,Adult (18+)
s1585,Damnation,TV Show,United States,2017,2018,TV-MA,Adult (18+)
s1586,"Dana Carvey: Straight White Male, 60",Movie,United States,2016,2016,TV-MA,Adult (18+)
s1587,Dance & Sing with True,TV Show,Unknown Country,2018,2018,TV-Y,Kids & Family
s1588,Dance Academy,TV Show,Australia,2013,2017,TV-PG,Kids & Family
s1589,Dance Academy: The Comeback,Movie,Germany,2017,2018,TV-PG,Kids & Family
s1589,Dance Academy: The Comeback,Movie,Australia,2017,2018,TV-PG,Kids & Family
s1590,Dance Dreams: Hot Chocolate Nutcracker,Movie,United States,2020,2020,TV-G,Kids & Family
s1591,Dancing Angels,TV Show,Unknown Country,2016,2018,TV-PG,Kids & Family
s1592,Dancing Queen,TV Show,Unknown Country,2018,2018,TV-14,Teens (13-17)
s1593,Dancing Quietly,Movie,Germany,2016,2017,TV-MA,Adult (18+)
s1594,Dancing with the Birds,Movie,United States,2019,2019,TV-PG,Kids & Family
s1595,Dandy,TV Show,Mexico,2016,2018,TV-MA,Adult (18+)
s1596,Dangal,Movie,India,2016,2017,TV-PG,Kids & Family
s1597,Danger Mouse,TV Show,United Kingdom,2016,2016,TV-Y7,Kids & Family
s1598,Danger Mouse: Classic Collection,TV Show,United Kingdom,1992,2015,TV-Y,Kids & Family
s1599,Dangerous Lies,Movie,United States,2020,2020,TV-14,Teens (13-17)
s1600,Dangerous Roads,TV Show,United Kingdom,2012,2019,TV-MA,Adult (18+)
s1601,Daniel Sloss: Live Shows,TV Show,United States,2018,2018,TV-MA,Adult (18+)
s1602,Daniel Sosa: Maleducado,Movie,Mexico,2019,2019,TV-MA,Adult (18+)
s1603,Daniel Sosa: Sosafado,Movie,Mexico,2017,2017,TV-MA,Adult (18+)
s1604,Danny Says,Movie,United States,2015,2017,TV-MA,Adult (18+)
s1605,Dante's Peak,Movie,United States,1997,2019,PG-13,Teens (13-17)
s1606,Danur: I Can See Ghosts,Movie,Indonesia,2017,2019,TV-MA,Adult (18+)
s1607,Dany Boon: Des Hauts De France,Movie,France,2018,2018,TV-MA,Adult (18+)
s1608,Darc,Movie,United States,2018,2018,TV-MA,Adult (18+)
s1609,Dare Me,TV Show,United States,2019,2020,TV-MA,Adult (18+)
s1610,Dare to Be Wild,Movie,Ireland,2015,2018,TV-PG,Kids & Family
s1611,Dark,TV Show,Germany,2020,2020,TV-MA,Adult (18+)
s1611,Dark,TV Show,United States,2020,2020,TV-MA,Adult (18+)
s1612,Dark Chocolate (Bengali Version),Movie,India,2016,2017,TV-MA,Adult (18+)
s1613,Dark Crimes,Movie,United Kingdom,2016,2019,R,Adult (18+)
s1613,Dark Crimes,Movie,Poland,2016,2019,R,Adult (18+)
s1613,Dark Crimes,Movie,United States,2016,2019,R,Adult (18+)
s1614,Dark Desire,TV Show,Mexico,2020,2020,TV-MA,Adult (18+)
s1615,Dark Forces,Movie,Mexico,2020,2020,TV-MA,Adult (18+)
s1616,Dark Light,Movie,United States,2019,2020,TV-MA,Adult (18+)
s1617,Dark Matter,TV Show,Canada,2017,2017,TV-PG,Kids & Family
s1618,Dark Places,Movie,United States,2015,2018,R,Adult (18+)
s1618,Dark Places,Movie,United Kingdom,2015,2018,R,Adult (18+)
s1618,Dark Places,Movie,France,2015,2018,R,Adult (18+)
s1619,Dark Skies,Movie,United States,2013,2020,PG-13,Teens (13-17)
s1620,Dark Tourist,TV Show,New Zealand,2018,2018,TV-MA,Adult (18+)
s1621,Dark Waters,Movie,Egypt,1956,2020,TV-14,Teens (13-17)
s1622,Darna Mana Hai,Movie,India,2003,2019,TV-MA,Adult (18+)
s1623,Darr Sabko Lagta Hai,TV Show,India,2015,2018,TV-MA,Adult (18+)
s1624,Darra,Movie,India,2016,2017,TV-14,Teens (13-17)
s1625,DASH & LILY,TV Show,United States,2020,2020,TV-14,Teens (13-17)
s1626,Dating Around,TV Show,Unknown Country,2020,2020,TV-MA,Adult (18+)
s1627,Dating Around: Brazil,TV Show,Brazil,2020,2020,TV-14,Teens (13-17)
s1628,Daughters of Destiny,TV Show,United States,2017,2017,TV-14,Teens (13-17)
s1629,Daughters of the Dust,Movie,United Kingdom,1991,2017,NR,Not Rated (NR)
s1629,Daughters of the Dust,Movie,United States,1991,2017,NR,Not Rated (NR)
s1630,Dave Chappelle,TV Show,United States,2017,2017,TV-MA,Adult (18+)
s1631,Dave Chappelle: Equanimity & The Bird Revelation,TV Show,United States,2017,2017,TV-MA,Adult (18+)
s1632,Dave Chappelle: Sticks & Stones,Movie,United States,2019,2019,TV-MA,Adult (18+)
s1633,Dave Chappelle: The Kennedy Center Mark Twain Prize for American Humor,Movie,United States,2020,2020,TV-MA,Adult (18+)
s1634,David Attenborough: A Life on Our Planet,Movie,United States,2020,2020,PG,Kids & Family
s1634,David Attenborough: A Life on Our Planet,Movie,United Kingdom,2020,2020,PG,Kids & Family
s1635,David Batra: Elefanten i rummet,Movie,Sweden,2020,2020,TV-MA,Adult (18+)
s1636,David Brent: Life on the Road,Movie,United Kingdom,2016,2017,TV-MA,Adult (18+)
s1636,David Brent: Life on the Road,Movie,United States,2016,2017,TV-MA,Adult (18+)
s1637,David Cross: Making America Great Again!,Movie,United States,2016,2016,TV-MA,Adult (18+)
s1638,David Foster: Off the Record,Movie,Canada,2019,2020,TV-MA,Adult (18+)
s1639,Dawai Asmara,TV Show,Unknown Country,2016,2017,TV-14,Teens (13-17)
s1640,Dawn of the Croods,TV Show,United States,2017,2017,TV-Y7,Kids & Family
s1641,Dawson's Creek,TV Show,United States,2002,2020,TV-14,Teens (13-17)
s1642,Day and Night,TV Show,China,2017,2018,TV-MA,Adult (18+)
s1643,Day of the Dead: Bloodline,Movie,Bulgaria,2018,2018,R,Adult (18+)
s1644,Daybreak,TV Show,United States,2019,2019,TV-MA,Adult (18+)
s1645,Days We Stared at the Sun,TV Show,Taiwan,2017,2018,TV-MA,Adult (18+)
s1646,Dayveon,Movie,United States,2017,2018,TV-MA,Adult (18+)
s1647,DC Super Hero Girls,TV Show,United States,2019,2019,TV-Y7,Kids & Family
s1648,DC's Legends of Tomorrow,TV Show,United States,2020,2020,TV-14,Teens (13-17)
s1649,De Film van Dylan Haegens,Movie,Netherlands,2018,2019,TV-PG,Kids & Family
s1650,De Palma,Movie,United States,2015,2018,R,Adult (18+)
s1651,Dead in a Week (Or Your Money Back),Movie,United Kingdom,2018,2019,TV-MA,Adult (18+)
s1652,Dead Kids,Movie,Philippines,2019,2019,TV-MA,Adult (18+)
s1652,Dead Kids,Movie,United States,2019,2019,TV-MA,Adult (18+)
s1653,Dead Set,TV Show,United Kingdom,2008,2016,TV-MA,Adult (18+)
s1654,Dead to Me,TV Show,United States,2020,2020,TV-MA,Adult (18+)
s1655,Deadcon,Movie,United States,2019,2020,TV-14,Teens (13-17)
s1656,Deadline: Sirf 24 Ghante,Movie,India,2006,2019,TV-14,Teens (13-17)
s1657,Deadly Scholars,Movie,United States,2018,2019,TV-14,Teens (13-17)
s1658,Deadly Switch,Movie,United States,2019,2019,TV-PG,Kids & Family
s1659,Deadwind,TV Show,Finland,2020,2020,TV-MA,Adult (18+)
s1659,Deadwind,TV Show,Germany,2020,2020,TV-MA,Adult (18+)
s1660,Deaf U,TV Show,United States,2020,2020,TV-MA,Adult (18+)
s1661,Dean,Movie,United States,2016,2020,PG-13,Teens (13-17)
s1662,Dear Dad,Movie,India,2016,2019,TV-14,Teens (13-17)
s1663,Dear Dracula,Movie,United States,2012,2016,TV-Y7-FV,Kids & Family
s1664,Dear Ex,Movie,Taiwan,2018,2019,TV-MA,Adult (18+)
s1665,Dear My Friends,TV Show,South Korea,2016,2020,TV-MA,Adult (18+)
s1666,Dear Santa,Movie,Canada,2011,2019,TV-PG,Kids & Family
s1667,Dear White People,TV Show,United States,2019,2019,TV-MA,Adult (18+)
s1668,Dear Zindagi,Movie,India,2016,2017,TV-14,Teens (13-17)
s1669,Death at a Funeral,Movie,United States,2010,2020,R,Adult (18+)
s1670,Death by Magic,TV Show,United States,2018,2018,TV-PG,Kids & Family
s1671,Death Can Wait,Movie,Colombia,2020,2020,TV-14,Teens (13-17)
s1672,Death House,Movie,United States,2017,2019,R,Adult (18+)
s1673,Death Note,Movie,United States,2017,2017,TV-MA,Adult (18+)
s1674,Death of Me,Movie,United States,2020,2021,R,Adult (18+)
s1674,Death of Me,Movie,Thailand,2020,2021,R,Adult (18+)
s1675,Death Race: Beyond Anarchy,Movie,United States,2017,2018,R,Adult (18+)
s1675,Death Race: Beyond Anarchy,Movie,Bulgaria,2017,2018,R,Adult (18+)
s1676,Death to 2020,Movie,United States,2020,2020,TV-MA,Adult (18+)
s1677,Deathgrip,Movie,United Kingdom,2017,2018,TV-MA,Adult (18+)
s1678,Dedemin Fisi,Movie,Turkey,2016,2017,TV-14,Teens (13-17)
s1679,Dedh Ishqiya,Movie,India,2014,2020,TV-14,Teens (13-17)
s1680,Deep,Movie,Spain,2017,2017,PG,Kids & Family
s1680,Deep,Movie,Belgium,2017,2017,PG,Kids & Family
s1680,Deep,Movie,Switzerland,2017,2017,PG,Kids & Family
s1680,Deep,Movie,United States,2017,2017,PG,Kids & Family
s1680,Deep,Movie,China,2017,2017,PG,Kids & Family
s1680,Deep,Movie,United Kingdom,2017,2017,PG,Kids & Family
s1681,Deep Undercover Collection,TV Show,United States,2017,2018,TV-MA,Adult (18+)
s1682,Deep Water,TV Show,Australia,2016,2017,TV-MA,Adult (18+)
s1683,Deewana Main Deewana,Movie,India,2013,2018,TV-14,Teens (13-17)
s1684,Deewangee,Movie,India,2002,2020,TV-MA,Adult (18+)
s1685,Def Comedy Jam 25,Movie,United States,2017,2017,TV-MA,Adult (18+)
s1686,Defiance,Movie,United States,2008,2019,R,Adult (18+)
s1687,Defying the Nazis: The Sharps' War,Movie,United States,2016,2017,TV-14,Teens (13-17)
s1688,Degrassi: Next Class,TV Show,Canada,2017,2017,TV-14,Teens (13-17)
s1689,Deidra & Laney Rob a Train,Movie,United States,2017,2017,TV-14,Teens (13-17)
s1690,Delhi 6,Movie,India,2009,2018,TV-14,Teens (13-17)
s1691,Delhi Belly,Movie,India,2011,2021,TV-MA,Adult (18+)
s1692,Delhi Crime,TV Show,India,2019,2019,TV-MA,Adult (18+)
s1693,Deliha,Movie,Turkey,2014,2017,TV-14,Teens (13-17)
s1694,Deliha 2,Movie,Turkey,2018,2019,TV-PG,Kids & Family
s1695,Delirium,Movie,United States,2018,2018,R,Adult (18+)
s1696,DeMarcus Family Rules,TV Show,United States,2020,2020,TV-14,Teens (13-17)
s1697,Demetri Martin: Live (At the Time),Movie,United States,2015,2015,TV-MA,Adult (18+)
s1698,Demetri Martin: The Overthinker,Movie,United States,2018,2019,TV-MA,Adult (18+)
s1699,Democrats,Movie,Denmark,2014,2016,NR,Not Rated (NR)
s1699,Democrats,Movie,Zimbabwe,2014,2016,NR,Not Rated (NR)
s1700,Demon's Path,TV Show,Unknown Country,2018,2018,TV-14,Teens (13-17)
s1701,Demonic,Movie,United States,2015,2017,R,Adult (18+)
s1702,Den of Thieves,Movie,United States,2018,2020,R,Adult (18+)
s1703,Denis Leary: No Cure For Cancer,Movie,United States,1992,2017,R,Adult (18+)
s1704,Dennis and Gnasher Unleashed,TV Show,United Kingdom,2017,2019,TV-Y,Kids & Family
s1705,Deon Cole: Cole Hearted,Movie,United States,2019,2019,TV-MA,Adult (18+)
s1706,DeRay Davis: How to Act Black,Movie,United States,2017,2017,TV-MA,Adult (18+)
s1707,Derek,TV Show,United Kingdom,2015,2019,TV-MA,Adult (18+)
s1708,Derren Brown: Miracle,Movie,United Kingdom,2018,2018,TV-MA,Adult (18+)
s1709,Derren Brown: Sacrifice,Movie,Unknown Country,2018,2018,TV-MA,Adult (18+)
s1710,Derren Brown: The Push,Movie,United Kingdom,2018,2018,TV-MA,Adult (18+)
s1711,Derry Girls,TV Show,United Kingdom,2019,2019,TV-MA,Adult (18+)
s1712,Designated Survivor,TV Show,United States,2019,2019,TV-MA,Adult (18+)
s1713,Designated Survivor: 60 Days,TV Show,South Korea,2019,2019,TV-14,Teens (13-17)
s1714,Desire,Movie,Argentina,2017,2017,TV-MA,Adult (18+)
s1715,Desolate,Movie,Unknown Country,2018,2020,TV-MA,Adult (18+)
s1716,Desolation,Movie,United States,2017,2018,TV-MA,Adult (18+)
s1717,Desperados,Movie,United States,2020,2020,TV-MA,Adult (18+)
s1718,Despido Procedente,Movie,Argentina,2017,2018,TV-MA,Adult (18+)
s1718,Despido Procedente,Movie,Spain,2017,2018,TV-MA,Adult (18+)
s1719,Despite Everything,Movie,Spain,2019,2019,TV-MA,Adult (18+)
s1720,Destiny,Movie,France,1997,2020,TV-14,Teens (13-17)
s1720,Destiny,Movie,Egypt,1997,2020,TV-14,Teens (13-17)
s1721,Detention,TV Show,Taiwan,2020,2020,TV-MA,Adult (18+)
s1722,Detention Letter,Movie,Egypt,2017,2019,TV-14,Teens (13-17)
s1723,Detour,Movie,United Kingdom,2016,2017,R,Adult (18+)
s1723,Detour,Movie,South Africa,2016,2017,R,Adult (18+)
s1724,Deuces,Movie,United States,2016,2017,TV-MA,Adult (18+)
s1725,Dev.D,Movie,India,2009,2018,TV-MA,Adult (18+)
s1726,Deviant Love,Movie,United States,2019,2019,TV-14,Teens (13-17)
s1727,Devil's Bride,Movie,Finland,2016,2017,TV-MA,Adult (18+)
s1727,Devil's Bride,Movie,Sweden,2016,2017,TV-MA,Adult (18+)
s1727,Devil's Bride,Movie,Norway,2016,2017,TV-MA,Adult (18+)
s1727,Devil's Bride,Movie,Latvia,2016,2017,TV-MA,Adult (18+)
s1727,Devil's Bride,Movie,Germany,2016,2017,TV-MA,Adult (18+)
s1728,Devil's Gate,Movie,Canada,2017,2020,TV-MA,Adult (18+)
s1729,Devilman Crybaby,TV Show,Japan,2018,2018,TV-MA,Adult (18+)
s1730,Devlok with Devdutt Pattanaik,TV Show,India,2017,2018,TV-PG,Kids & Family
s1731,Devrai,Movie,India,2004,2018,TV-PG,Kids & Family
s1732,Dexter,TV Show,United States,2013,2018,TV-MA,Adult (18+)
s1733,Dhamaal,Movie,India,2007,2019,TV-14,Teens (13-17)
s1734,Dhan Dhana Dhan Goal,Movie,United Kingdom,2007,2018,TV-14,Teens (13-17)
s1734,Dhan Dhana Dhan Goal,Movie,India,2007,2018,TV-14,Teens (13-17)
s1735,Dhanak,Movie,India,2015,2016,TV-PG,Kids & Family
s1736,Dharam Sankat Mein,Movie,India,2015,2020,TV-PG,Kids & Family
s1737,Dharmakshetra,TV Show,India,2014,2018,TV-PG,Kids & Family
s1738,Dhh,Movie,India,2017,2020,TV-G,Kids & Family
s1739,Dhia Sofea,TV Show,Malaysia,2015,2017,TV-14,Teens (13-17)
s1740,Dhobi Ghat (Mumbai Diaries),Movie,India,2010,2021,TV-MA,Adult (18+)
s1741,Dhoondte Reh Jaoge,Movie,India,2009,2018,TV-14,Teens (13-17)
s1742,Di Renjie zhi Sidatianwang,Movie,China,2018,2019,TV-14,Teens (13-17)
s1742,Di Renjie zhi Sidatianwang,Movie,Hong Kong,2018,2019,TV-14,Teens (13-17)
s1743,Diablero,TV Show,Mexico,2020,2020,TV-MA,Adult (18+)
s1744,Diagnosis,TV Show,United States,2019,2019,TV-14,Teens (13-17)
s1745,Diamond City,TV Show,Unknown Country,2019,2020,TV-MA,Adult (18+)
s1746,Diamond Lover,TV Show,China,2015,2017,TV-PG,Kids & Family
s1747,Diamonds in the Sky,Movie,Unknown Country,2018,2020,TV-14,Teens (13-17)
s1748,Diana: 7 Days That Shook the World,Movie,United Kingdom,2017,2017,TV-PG,Kids & Family
s1749,Diana: In Her Own Words,Movie,United Kingdom,2017,2017,TV-PG,Kids & Family
s1750,Diary of a Chambermaid,Movie,France,2015,2016,NR,Not Rated (NR)
s1750,Diary of a Chambermaid,Movie,Belgium,2015,2016,NR,Not Rated (NR)
s1751,Dick Johnson Is Dead,Movie,United States,2020,2020,PG-13,Teens (13-17)
s1752,Die Another Day,Movie,United Kingdom,2002,2019,PG-13,Teens (13-17)
s1752,Die Another Day,Movie,United States,2002,2019,PG-13,Teens (13-17)
s1753,Die Ontwaking,Movie,South Africa,2015,2020,TV-MA,Adult (18+)
s1754,Dieter Nuhr: Nuhr in Berlin,Movie,Germany,2016,2016,TV-MA,Adult (18+)
s1755,Digs & Discoveries: All Track's Lead to Rome,Movie,Unknown Country,2019,2020,TV-Y,Kids & Family
s1756,Digs & Discoveries: Mines of Mystery,Movie,Unknown Country,2019,2020,TV-Y,Kids & Family
s1757,Dil,Movie,India,1990,2020,TV-14,Teens (13-17)
s1758,Dil Chahta Hai,Movie,India,2001,2019,TV-14,Teens (13-17)
s1759,Dil Dhadakne Do,Movie,India,2015,2019,TV-MA,Adult (18+)
s1760,Dil Hai Tumhaara,Movie,India,2002,2018,TV-14,Teens (13-17)
s1761,Dil Se,Movie,India,1998,2018,TV-14,Teens (13-17)
s1762,Dil Vil Pyaar Vyaar,Movie,India,2014,2018,TV-PG,Kids & Family
s1763,Dilan 1990,Movie,Indonesia,2018,2020,TV-14,Teens (13-17)
s1764,Dilan 1991,Movie,Indonesia,2019,2020,TV-14,Teens (13-17)
s1765,Dilwale,Movie,India,2015,2017,TV-PG,Kids & Family
s1766,Dinner for Five,TV Show,United States,2007,2008,TV-MA,Adult (18+)
s1767,Dinner for Schmucks,Movie,United States,2010,2020,PG-13,Teens (13-17)
s1768,Dino Girl Gauko,TV Show,United States,2020,2020,TV-Y7,Kids & Family
s1768,Dino Girl Gauko,TV Show,Japan,2020,2020,TV-Y7,Kids & Family
s1769,Dino Hunt,TV Show,Canada,2016,2017,TV-G,Kids & Family
s1770,Dinosaur King,TV Show,Japan,2008,2018,TV-Y7,Kids & Family
s1771,Dinotrux,TV Show,United States,2017,2017,TV-Y7,Kids & Family
s1772,Dinotrux Supercharged,TV Show,Unknown Country,2018,2018,TV-Y7,Kids & Family
s1773,Dirty John,TV Show,United States,2018,2019,TV-MA,Adult (18+)
s1774,Dirty Money,TV Show,United States,2020,2020,TV-MA,Adult (18+)
s1775,Disappearance,TV Show,Egypt,2018,2019,TV-MA,Adult (18+)
s1776,Disciples Of The 36th Chamber,Movie,Hong Kong,1985,2018,TV-14,Teens (13-17)
s1777,Disclosure,Movie,United States,2020,2020,TV-MA,Adult (18+)
s1778,Disco Dancer,Movie,India,1982,2020,TV-14,Teens (13-17)
s1779,Disconnect,Movie,Kenya,2018,2020,TV-MA,Adult (18+)
s1780,Discovering Bigfoot,Movie,United States,2017,2017,TV-MA,Adult (18+)
s1781,Disenchantment,TV Show,United States,2021,2021,TV-14,Teens (13-17)
s1782,Disjointed,TV Show,United States,2018,2018,TV-MA,Adult (18+)
s1783,Dismissed,Movie,United States,2017,2018,TV-14,Teens (13-17)
s1784,District 9,Movie,South Africa,2009,2019,R,Adult (18+)
s1784,District 9,Movie,United States,2009,2019,R,Adult (18+)
s1784,District 9,Movie,New Zealand,2009,2019,R,Adult (18+)
s1784,District 9,Movie,Canada,2009,2019,R,Adult (18+)
s1785,Diva Brides,TV Show,Unknown Country,2017,2019,TV-MA,Adult (18+)
s1786,Divines,Movie,France,2016,2016,TV-MA,Adult (18+)
s1786,Divines,Movie,Qatar,2016,2016,TV-MA,Adult (18+)
s1787,DJ Cinderella,Movie,Brazil,2019,2019,TV-PG,Kids & Family
s1788,Django Unchained,Movie,United States,2012,2020,R,Adult (18+)
s1789,DNA,Movie,France,2020,2020,TV-MA,Adult (18+)
s1789,DNA,Movie,Algeria,2020,2020,TV-MA,Adult (18+)
s1790,Do Do Sol Sol La La Sol,TV Show,South Korea,2020,2020,TV-14,Teens (13-17)
s1791,Do Dooni Chaar,Movie,India,2010,2018,TV-PG,Kids & Family
s1792,Do Paise Ki Dhoop Chaar Aane Ki Baarish,Movie,India,2009,2019,TV-MA,Adult (18+)
s1793,Doctor Foster,TV Show,United Kingdom,2017,2018,TV-MA,Adult (18+)
s1794,Doctor Zhivago,Movie,United States,1965,2019,PG-13,Teens (13-17)
s1794,Doctor Zhivago,Movie,Italy,1965,2019,PG-13,Teens (13-17)
s1794,Doctor Zhivago,Movie,United Kingdom,1965,2019,PG-13,Teens (13-17)
s1794,Doctor Zhivago,Movie,Liechtenstein,1965,2019,PG-13,Teens (13-17)
s1795,Documentary Now!,TV Show,United States,2019,2019,TV-14,Teens (13-17)
s1796,Dog Eat Dog,Movie,United States,2016,2016,TV-MA,Adult (18+)
s1797,Dogs,TV Show,United States,2018,2018,TV-PG,Kids & Family
s1798,Dogs of Berlin,TV Show,Germany,2018,2018,TV-MA,Adult (18+)
s1799,Dolemite Is My Name,Movie,United States,2019,2019,R,Adult (18+)
s1800,Dollar,TV Show,Lebanon,2019,2019,TV-MA,Adult (18+)
s1801,Dolly Kitty Aur Woh Chamakte Sitare,Movie,India,2020,2020,TV-MA,Adult (18+)
s1802,Dolly Parton: Here I Am,Movie,United Kingdom,2019,2020,TV-14,Teens (13-17)
s1803,Dolly Parton's Heartstrings,TV Show,United States,2019,2019,TV-14,Teens (13-17)
s1804,Dolly Parton’s Christmas on the Square,Movie,United States,2020,2020,TV-PG,Kids & Family
s1805,Dolphin Kick,Movie,United States,2019,2019,TV-PG,Kids & Family
s1806,Dolphin Tale 2,Movie,United States,2014,2019,PG,Kids & Family
s1807,Domino,Movie,Denmark,2019,2019,R,Adult (18+)
s1807,Domino,Movie,France,2019,2019,R,Adult (18+)
s1807,Domino,Movie,Belgium,2019,2019,R,Adult (18+)
s1807,Domino,Movie,Italy,2019,2019,R,Adult (18+)
s1807,Domino,Movie,Netherlands,2019,2019,R,Adult (18+)
s1807,Domino,Movie,United States,2019,2019,R,Adult (18+)
s1807,Domino,Movie,United Kingdom,2019,2019,R,Adult (18+)
s1808,Don,Movie,India,2006,2019,TV-14,Teens (13-17)
s1809,Don 2,Movie,India,2011,2019,TV-14,Teens (13-17)
s1809,Don 2,Movie,Germany,2011,2019,TV-14,Teens (13-17)
s1810,Don Quixote: The Ingenious Gentleman of La Mancha,Movie,United States,2015,2018,TV-14,Teens (13-17)
s1811,Don Verdean,Movie,United States,2015,2020,PG-13,Teens (13-17)
s1812,Don't Be Afraid of the Dark,Movie,United States,2010,2019,R,Adult (18+)
s1812,Don't Be Afraid of the Dark,Movie,Australia,2010,2019,R,Adult (18+)
s1812,Don't Be Afraid of the Dark,Movie,Mexico,2010,2019,R,Adult (18+)
s1813,Don't Crack Under Pressure,Movie,France,2015,2020,TV-MA,Adult (18+)
s1814,Don't Crack Under Pressure II,Movie,France,2016,2020,TV-MA,Adult (18+)
s1815,Don't Crack Under Pressure III,Movie,France,2017,2020,TV-14,Teens (13-17)
s1816,Don't F**k with Cats: Hunting an Internet Killer,TV Show,United Kingdom,2019,2019,TV-MA,Adult (18+)
s1816,Don't F**k with Cats: Hunting an Internet Killer,TV Show,United States,2019,2019,TV-MA,Adult (18+)
s1817,Don't Go Breaking My Heart,Movie,Hong Kong,2011,2018,TV-PG,Kids & Family
s1818,Don't Go Breaking My Heart 2,Movie,Hong Kong,2014,2018,TV-14,Teens (13-17)
s1818,Don't Go Breaking My Heart 2,Movie,China,2014,2018,TV-14,Teens (13-17)
s1819,Don't Knock Twice,Movie,United Kingdom,2016,2019,R,Adult (18+)
s1820,Don't Look Down,Movie,United Kingdom,2016,2017,TV-MA,Adult (18+)
s1821,Don't Think Twice,Movie,United States,2016,2017,R,Adult (18+)
s1822,Don’t Listen,Movie,Spain,2020,2020,TV-MA,Adult (18+)
s1823,Donald Glover: Weirdo,Movie,United States,2012,2016,TV-MA,Adult (18+)
s1824,Donnie Brasco,Movie,United States,1997,2020,R,Adult (18+)
s1825,Doom,Movie,United Kingdom,2005,2020,R,Adult (18+)
s1825,Doom,Movie,Czech Republic,2005,2020,R,Adult (18+)
s1825,Doom,Movie,Germany,2005,2020,R,Adult (18+)
s1825,Doom,Movie,United States,2005,2020,R,Adult (18+)
s1826,Doom: Annihilation,Movie,United States,2019,2019,R,Adult (18+)
s1827,Doomsday Preppers,TV Show,United States,2013,2019,TV-14,Teens (13-17)
s1828,Door Ke Darshan,Movie,India,2020,2020,TV-14,Teens (13-17)
s1829,Dope,TV Show,United States,2019,2019,TV-MA,Adult (18+)
s1830,Dorasaani,Movie,India,2019,2019,TV-14,Teens (13-17)
s1831,Dorohedoro,TV Show,Japan,2020,2020,TV-MA,Adult (18+)
s1832,Dostana,Movie,India,2008,2020,TV-14,Teens (13-17)
s1832,Dostana,Movie,United States,2008,2020,TV-14,Teens (13-17)
s1833,Double Dad,Movie,Brazil,2020,2021,TV-G,Kids & Family
s1834,Double Jeopardy,Movie,United States,1999,2020,R,Adult (18+)
s1834,Double Jeopardy,Movie,Germany,1999,2020,R,Adult (18+)
s1834,Double Jeopardy,Movie,Canada,1999,2020,R,Adult (18+)
s1835,Double World,Movie,China,2020,2020,TV-14,Teens (13-17)
s1836,Doubles Cause Troubles,Movie,Hong Kong,1989,2018,TV-14,Teens (13-17)
s1837,Doubt,Movie,United States,2008,2019,PG-13,Teens (13-17)
s1838,Dovlatov,Movie,Russia,2018,2018,PG-13,Teens (13-17)
s1838,Dovlatov,Movie,Poland,2018,2018,PG-13,Teens (13-17)
s1838,Dovlatov,Movie,Serbia,2018,2018,PG-13,Teens (13-17)
s1839,Down The Fence,Movie,United States,2017,2018,TV-PG,Kids & Family
s1840,Down to Earth with Zac Efron,TV Show,United States,2020,2020,TV-PG,Kids & Family
s1841,Dr Jason Leong Hashtag Blessed,Movie,Unknown Country,2018,2020,TV-MA,Adult (18+)
s1842,Dr. Seuss' The Cat in the Hat,Movie,United States,2003,2019,PG,Kids & Family
s1843,Dr. Seuss' The Grinch,Movie,France,2018,2019,PG,Kids & Family
s1843,Dr. Seuss' The Grinch,Movie,China,2018,2019,PG,Kids & Family
s1843,Dr. Seuss' The Grinch,Movie,Japan,2018,2019,PG,Kids & Family
s1843,Dr. Seuss' The Grinch,Movie,United States,2018,2019,PG,Kids & Family
s1844,Dr. Seuss' The Lorax,Movie,United States,2012,2020,PG,Kids & Family
s1844,Dr. Seuss' The Lorax,Movie,France,2012,2020,PG,Kids & Family
s1845,Dracula,TV Show,United Kingdom,2020,2020,TV-14,Teens (13-17)
s1846,DRAGON PILOT: Hisone & Masotan,TV Show,Japan,2018,2018,TV-14,Teens (13-17)
s1847,Dragon Quest Your Story,Movie,Japan,2019,2020,TV-PG,Kids & Family
s1848,Dragon Tiger Gate,Movie,Hong Kong,2006,2018,TV-14,Teens (13-17)
s1848,Dragon Tiger Gate,Movie,China,2006,2018,TV-14,Teens (13-17)
s1849,Dragon's Dogma,TV Show,Unknown Country,2020,2020,TV-MA,Adult (18+)
s1850,Dragonheart,Movie,United States,1996,2020,PG-13,Teens (13-17)
s1851,Dragonheart 3: The Sorcerer,Movie,United States,2015,2020,PG-13,Teens (13-17)
s1852,Dragonheart: A New Beginning,Movie,United States,2000,2020,PG,Kids & Family
s1853,Dragonheart: Battle for the Heartfire,Movie,United States,2017,2017,PG-13,Teens (13-17)
s1854,Dragonheart: Vengeance,Movie,United States,2020,2020,PG-13,Teens (13-17)
s1855,Dragonkala Ka Rahasya,Movie,Unknown Country,2018,2019,TV-Y,Kids & Family
s1856,Dragons: Dawn of the Dragon Racers,Movie,United States,2014,2018,TV-PG,Kids & Family
s1857,Dragons: Race to the Edge,TV Show,United States,2018,2018,TV-Y7,Kids & Family
s1858,Dragons: Rescue Riders,TV Show,United States,2020,2020,TV-Y,Kids & Family
s1859,Dragons: Rescue Riders: Hunt for the Golden Dragon,Movie,United States,2020,2020,TV-Y,Kids & Family
s1860,Dragons: Rescue Riders: Huttsgalor Holiday,Movie,United States,2020,2020,TV-Y,Kids & Family
s1861,Dragons: Rescue Riders: Secrets of the Songwing,Movie,United States,2020,2020,TV-Y,Kids & Family
s1862,Dramaworld,TV Show,United States,2016,2016,TV-14,Teens (13-17)
s1862,Dramaworld,TV Show,South Korea,2016,2016,TV-14,Teens (13-17)
s1862,Dramaworld,TV Show,China,2016,2016,TV-14,Teens (13-17)
s1863,Dream Big: Engineering Our World,Movie,United States,2017,2018,TV-G,Kids & Family
s1864,Dream Boat,Movie,Germany,2017,2017,TV-MA,Adult (18+)
s1865,Dream Home Makeover,TV Show,United States,2021,2021,TV-G,Kids & Family
s1866,Dream/Killer,Movie,United States,2015,2019,TV-MA,Adult (18+)
s1867,DreamWorks Happy Holidays from Madagascar,TV Show,United States,2005,2020,TV-PG,Kids & Family
s1868,DreamWorks Holiday Classics,TV Show,United States,2011,2018,TV-PG,Kids & Family
s1869,DreamWorks Home: For the Holidays,Movie,United States,2017,2017,TV-Y,Kids & Family
s1870,DreamWorks How to Train Your Dragon Legends,TV Show,United States,2011,2020,TV-PG,Kids & Family
s1871,DreamWorks Kung Fu Panda Awesome Secrets,TV Show,United States,2008,2019,TV-PG,Kids & Family
s1872,DreamWorks Shrek's Swamp Stories,TV Show,United States,2008,2020,TV-PG,Kids & Family
s1873,DreamWorks Spooky Stories,TV Show,United States,2009,2018,TV-PG,Kids & Family
s1874,DreamWorks Spooky Stories: Volume 2,TV Show,Unknown Country,2011,2020,TV-PG,Kids & Family
s1875,Dries,Movie,Germany,2017,2018,TV-PG,Kids & Family
s1875,Dries,Movie,Belgium,2017,2018,TV-PG,Kids & Family
s1876,DRIFTING DRAGONS,TV Show,Japan,2020,2020,TV-14,Teens (13-17)
s1877,Drink Drank Drunk,Movie,Hong Kong,2016,2019,TV-MA,Adult (18+)
s1878,Drishyam,Movie,India,2015,2020,TV-14,Teens (13-17)
s1879,Drive,Movie,India,2019,2019,TV-14,Teens (13-17)
s1880,Driven to Dance,Movie,United States,2018,2019,TV-PG,Kids & Family
s1881,Droppin' Cash: Los Angeles,TV Show,United States,2019,2019,TV-MA,Adult (18+)
s1882,Drug Lords,TV Show,United States,2018,2018,TV-MA,Adult (18+)
s1883,Drug Squad: Costa del Sol,TV Show,Spain,2019,2019,TV-MA,Adult (18+)
s1884,"Drugs, Inc.",TV Show,United States,2015,2019,TV-MA,Adult (18+)
s1885,Drunk Parents,Movie,United States,2019,2020,R,Adult (18+)
s1886,Dry Martina,Movie,Chile,2018,2019,TV-MA,Adult (18+)
s1886,Dry Martina,Movie,Argentina,2018,2019,TV-MA,Adult (18+)
s1887,DTC Yukemuri Junjo Hen From High & Low,Movie,Japan,2018,2020,TV-PG,Kids & Family
s1888,Duck Butter,Movie,United States,2018,2018,TV-MA,Adult (18+)
s1889,Duck Duck Goose,Movie,China,2018,2018,PG,Kids & Family
s1889,Duck Duck Goose,Movie,United States,2018,2018,PG,Kids & Family
s1889,Duck Duck Goose,Movie,United Kingdom,2018,2018,PG,Kids & Family
s1890,Dude,Movie,United States,2018,2018,TV-MA,Adult (18+)
s1891,Dueños del paraíso,TV Show,United States,2015,2017,TV-14,Teens (13-17)
s1891,Dueños del paraíso,TV Show,Chile,2015,2017,TV-14,Teens (13-17)
s1892,Dukhtar,Movie,Pakistan,2014,2016,TV-14,Teens (13-17)
s1892,Dukhtar,Movie,Norway,2014,2016,TV-14,Teens (13-17)
s1892,Dukhtar,Movie,United States,2014,2016,TV-14,Teens (13-17)
s1893,Dum,Movie,India,2003,2018,TV-14,Teens (13-17)
s1894,Dumb and Dumberer: When Harry Met Lloyd,Movie,United States,2003,2019,PG-13,Teens (13-17)
s1895,Dumplin',Movie,United States,2018,2018,PG-13,Teens (13-17)
s1896,Duniya,Movie,India,1984,2020,TV-14,Teens (13-17)
s1897,Duplicate,Movie,India,1998,2020,TV-14,Teens (13-17)
s1898,Durarara!!,TV Show,Japan,2016,2018,TV-MA,Adult (18+)
s1899,Dushman,Movie,Unknown Country,2017,2018,TV-14,Teens (13-17)
s1900,Dying to Tell,Movie,Spain,2018,2019,TV-MA,Adult (18+)
s1901,Dynasty,TV Show,United States,2019,2020,TV-14,Teens (13-17)
s1902,E-Cigarettes: Miracle or Menace?,Movie,United Kingdom,2016,2019,TV-14,Teens (13-17)
s1903,E-Team,Movie,United States,2014,2014,TV-MA,Adult (18+)
s1904,Earth and Blood,Movie,France,2020,2020,TV-MA,Adult (18+)
s1904,Earth and Blood,Movie,Belgium,2020,2020,TV-MA,Adult (18+)
s1905,Earth to Echo,Movie,United States,2014,2019,PG,Kids & Family
s1906,Earth to Luna!,TV Show,Brazil,2014,2020,TV-Y,Kids & Family
s1907,Earth's Natural Wonders,TV Show,United Kingdom,2015,2017,TV-PG,Kids & Family
s1908,Earth's Natural Wonders: Life at the Extremes,TV Show,Unknown Country,2018,2018,TV-14,Teens (13-17)
s1909,Earthquake Bird,Movie,United Kingdom,2019,2019,R,Adult (18+)
s1909,Earthquake Bird,Movie,Japan,2019,2019,R,Adult (18+)
s1909,Earthquake Bird,Movie,United States,2019,2019,R,Adult (18+)
s1910,East Side Sushi,Movie,United States,2015,2020,PG,Kids & Family
s1911,Eastsiders,TV Show,United States,2018,2019,TV-MA,Adult (18+)
s1912,Easy,TV Show,United States,2019,2019,TV-MA,Adult (18+)
s1913,Easy A,Movie,United States,2010,2020,PG-13,Teens (13-17)
s1914,Easy Fortune Happy Life,TV Show,Taiwan,2009,2016,TV-MA,Adult (18+)
s1915,Eat Pray Love,Movie,United States,2010,2019,PG-13,Teens (13-17)
s1916,Echcharikkai,Movie,India,2018,2019,TV-14,Teens (13-17)
s1917,Echo in the Canyon,Movie,United States,2019,2019,PG-13,Teens (13-17)
s1918,Eddie - Strongman,Movie,United Kingdom,2015,2016,TV-MA,Adult (18+)
s1919,Eddie Murphy: Delirious,Movie,United States,1983,2018,TV-MA,Adult (18+)
s1920,Eddie Murphy: Raw,Movie,United States,1987,2021,R,Adult (18+)
s1921,Edgar Rice Burroughs' Tarzan and Jane,TV Show,Unknown Country,2018,2018,TV-Y7,Kids & Family
s1922,Edge of Fear,Movie,United States,2018,2018,TV-MA,Adult (18+)
s1923,Edge of Seventeen,Movie,United States,1998,2020,TV-MA,Adult (18+)
s1924,Edge of the Universe,TV Show,United Kingdom,2008,2016,TV-G,Kids & Family
s1925,Edha,TV Show,Argentina,2018,2018,TV-MA,Adult (18+)
s1926,"Edmilson Filho: Notas, Comedy about Relationships",Movie,Brazil,2017,2018,TV-MA,Adult (18+)
s1927,Edoardo Ferrario: Temi Caldi,Movie,Italy,2019,2019,TV-MA,Adult (18+)
s1928,Ee Nagaraniki Emaindi,Movie,India,2018,2019,TV-14,Teens (13-17)
s1929,Eeda,Movie,India,2018,2018,TV-14,Teens (13-17)
s1930,Eerie,Movie,Philippines,2019,2019,TV-14,Teens (13-17)
s1930,Eerie,Movie,Singapore,2019,2019,TV-14,Teens (13-17)
s1931,Effie Gray,Movie,United Kingdom,2014,2020,PG-13,Teens (13-17)
s1932,Eggnoid: Love & Time Portal,Movie,Indonesia,2019,2020,TV-14,Teens (13-17)
s1933,Eh Janam Tumhare Lekhe,Movie,India,2015,2017,TV-14,Teens (13-17)
s1934,Einsatzgruppen: The Nazi Death Squads,TV Show,France,2009,2016,TV-MA,Adult (18+)
s1935,Either Me Or My Auntie,Movie,Egypt,2006,2020,TV-PG,Kids & Family
s1936,Ek Cup Chya,Movie,India,2009,2018,TV-PG,Kids & Family
s1937,Ek Hasina Thi,Movie,India,2004,2019,TV-MA,Adult (18+)
s1938,Ek Jaan Hain Hum,Movie,India,1983,2017,TV-14,Teens (13-17)
s1939,Ek Khiladi Ek Haseena,Movie,India,2005,2019,TV-14,Teens (13-17)
s1940,Ek Ladki Ko Dekha Toh Aisa Laga,Movie,India,2019,2019,TV-14,Teens (13-17)
s1941,Ek Main Aur Ekk Tu,Movie,India,2012,2018,TV-14,Teens (13-17)
s1942,Ekşi Elmalar,Movie,Turkey,2016,2020,TV-PG,Kids & Family
s1943,El último testigo,Movie,United States,2012,2018,R,Adult (18+)
s1943,El último testigo,Movie,Canada,2012,2018,R,Adult (18+)
s1943,El último testigo,Movie,Belgium,2012,2018,R,Adult (18+)
s1943,El último testigo,Movie,United Kingdom,2012,2018,R,Adult (18+)
s1944,El Barco,TV Show,Spain,2013,2017,NR,Not Rated (NR)
s1945,El Camino Christmas,Movie,United States,2017,2017,TV-MA,Adult (18+)
s1946,El Camino: A Breaking Bad Movie,Movie,United States,2019,2019,TV-MA,Adult (18+)
s1947,El Cartel,TV Show,Colombia,2008,2018,TV-MA,Adult (18+)
s1948,El Cartel 2,TV Show,Colombia,2010,2018,TV-MA,Adult (18+)
s1949,El Chapo,TV Show,Mexico,2018,2018,TV-MA,Adult (18+)
s1949,El Chapo,TV Show,United States,2018,2018,TV-MA,Adult (18+)
s1950,El Chavo,TV Show,Mexico,1979,2017,TV-PG,Kids & Family
s1951,El Che,Movie,Venezuela,2017,2017,TV-14,Teens (13-17)
s1952,El Clon,TV Show,United States,2010,2017,TV-14,Teens (13-17)
s1953,El club de los buenos infieles,Movie,Spain,2018,2018,TV-MA,Adult (18+)
s1954,El club de los insomnes,Movie,Mexico,2018,2018,TV-MA,Adult (18+)
s1955,El desconocido,TV Show,Unknown Country,2019,2019,TV-MA,Adult (18+)
s1956,El Dragón: Return of a Warrior,TV Show,Mexico,2020,2020,TV-MA,Adult (18+)
s1957,"El Especial de Alex Fernández, el Especial",Movie,Mexico,2017,2017,TV-MA,Adult (18+)
s1958,El fin de ETA,Movie,Spain,2017,2017,TV-14,Teens (13-17)
s1959,El límite infinito,Movie,Unknown Country,2020,2020,TV-PG,Kids & Family
s1960,El Marginal,TV Show,Argentina,2019,2019,TV-MA,Adult (18+)
s1961,"El Pepe, a Supreme Life",Movie,Argentina,2018,2019,TV-14,Teens (13-17)
s1961,"El Pepe, a Supreme Life",Movie,Uruguay,2018,2019,TV-14,Teens (13-17)
s1961,"El Pepe, a Supreme Life",Movie,Serbia,2018,2019,TV-14,Teens (13-17)
s1962,El Potro: Unstoppable,Movie,Unknown Country,2018,2019,TV-MA,Adult (18+)
s1963,El Reemplazante,TV Show,Chile,2013,2020,TV-MA,Adult (18+)
s1964,El señor de los Cielos,TV Show,United States,2019,2020,TV-MA,Adult (18+)
s1964,El señor de los Cielos,TV Show,Mexico,2019,2020,TV-MA,Adult (18+)
s1964,El señor de los Cielos,TV Show,Colombia,2019,2020,TV-MA,Adult (18+)
s1965,El sendero de la anaconda,Movie,Colombia,2019,2019,TV-14,Teens (13-17)
s1966,El silencio es bienvenido,Movie,Mexico,2017,2020,TV-14,Teens (13-17)
s1967,El testigo,Movie,Colombia,2018,2019,TV-14,Teens (13-17)
s1967,El testigo,Movie,Peru,2018,2019,TV-14,Teens (13-17)
s1967,El testigo,Movie,United Kingdom,2018,2019,TV-14,Teens (13-17)
s1968,El Vato,TV Show,United States,2017,2018,TV-MA,Adult (18+)
s1969,El Viaje: Márama y Rombai,Movie,Unknown Country,2016,2017,TV-PG,Kids & Family
s1970,El-Khawaga's Dilemma,Movie,Egypt,2018,2020,TV-14,Teens (13-17)
s1971,Elaan,Movie,India,1971,2017,TV-14,Teens (13-17)
s1972,Elena,Movie,Brazil,2012,2019,TV-14,Teens (13-17)
s1972,Elena,Movie,United States,2012,2019,TV-14,Teens (13-17)
s1973,Elephants Dream 4 Hour,Movie,Netherlands,2006,2018,TV-MA,Adult (18+)
s1974,Elevator Baby,Movie,Nigeria,2019,2020,TV-MA,Adult (18+)
s1975,Elf Pets: A Fox Cub’s Christmas Tale,Movie,United States,2020,2020,TV-Y,Kids & Family
s1976,Elf Pets: Santa’s Reindeer Rescue,Movie,United States,2020,2020,TV-Y,Kids & Family
s1977,Eli,Movie,United States,2019,2019,TV-MA,Adult (18+)
s1978,Elisa & Marcela,Movie,Spain,2019,2019,TV-MA,Adult (18+)
s1979,Elite,TV Show,Spain,2020,2020,TV-MA,Adult (18+)
s1980,Elizabeth at 90: A Family Tribute,Movie,United Kingdom,2016,2017,TV-G,Kids & Family
s1981,Elizabeth Harvest,Movie,United States,2019,2020,R,Adult (18+)
s1982,Ellen DeGeneres: Relatable,TV Show,United States,2018,2018,TV-MA,Adult (18+)
s1983,Elles étaient en guerre (1914-1918),Movie,France,2014,2017,TV-14,Teens (13-17)
s1984,Elles étaient en guerre 1939-1945,Movie,Unknown Country,2015,2018,TV-MA,Adult (18+)
s1985,Elles ont toutes une histoire,Movie,Unknown Country,2016,2017,TV-PG,Kids & Family
s1986,Elliot the Littlest Reindeer,Movie,Canada,2018,2020,PG,Kids & Family
s1987,Elstree 1976,Movie,United Kingdom,2015,2016,TV-PG,Kids & Family
s1988,Emelie,Movie,United States,2016,2018,TV-MA,Adult (18+)
s1989,EMI: Liya Hai To Chukana Padega,Movie,India,2008,2019,TV-14,Teens (13-17)
s1990,Emicida: AmarElo - It’s All For Yesterday,Movie,Brazil,2020,2020,TV-MA,Adult (18+)
s1991,Emily in Paris,TV Show,United States,2020,2020,TV-MA,Adult (18+)
s1992,Emily's Wonder Lab,TV Show,United States,2020,2020,TV-Y,Kids & Family
s1993,Emma' (Mother),Movie,Indonesia,2016,2018,TV-PG,Kids & Family
s1994,Emo the Musical,Movie,Australia,2016,2018,TV-MA,Adult (18+)
s1995,Emogenius,TV Show,United States,2017,2018,TV-PG,Kids & Family
s1996,Empire Games,TV Show,Czech Republic,2018,2018,TV-14,Teens (13-17)
s1996,Empire Games,TV Show,United States,2018,2018,TV-14,Teens (13-17)
s1997,Empire of Scents,Movie,Canada,2014,2018,TV-14,Teens (13-17)
s1997,Empire of Scents,Movie,France,2014,2018,TV-14,Teens (13-17)
s1997,Empire of Scents,Movie,Italy,2014,2018,TV-14,Teens (13-17)
s1997,Empire of Scents,Movie,Morocco,2014,2018,TV-14,Teens (13-17)
s1997,Empire of Scents,Movie,United States,2014,2018,TV-14,Teens (13-17)
s1998,Employee of the Month,Movie,United States,2006,2020,PG-13,Teens (13-17)
s1999,Encerrados,TV Show,Unknown Country,2018,2018,TV-MA,Adult (18+)
s2000,Encounter: The Killing,Movie,India,2002,2019,TV-14,Teens (13-17)
s2001,Encounters with Evil,TV Show,United Kingdom,2016,2019,TV-14,Teens (13-17)
s2002,End Game,Movie,United States,2018,2018,TV-PG,Kids & Family
s2003,End of Watch,Movie,United States,2012,2019,R,Adult (18+)
s2004,Enemigo íntimo,TV Show,Unknown Country,2018,2018,TV-MA,Adult (18+)
s2005,Enemy,Movie,Canada,2013,2018,R,Adult (18+)
s2005,Enemy,Movie,Spain,2013,2018,R,Adult (18+)
s2005,Enemy,Movie,France,2013,2018,R,Adult (18+)
s2006,Engineering Girls,TV Show,India,2018,2019,TV-MA,Adult (18+)
s2007,English Babu Desi Mem,Movie,India,1996,2017,TV-14,Teens (13-17)
s2008,Enissa Amani: Ehrenwort,Movie,Germany,2018,2018,TV-MA,Adult (18+)
s2009,Enlighten Us,Movie,United States,2016,2017,TV-14,Teens (13-17)
s2010,Enola Holmes,Movie,United Kingdom,2020,2020,PG-13,Teens (13-17)
s2011,Entangled,TV Show,South Korea,2014,2017,TV-14,Teens (13-17)
s2012,Entanglement,Movie,Canada,2018,2018,TV-MA,Adult (18+)
s2013,Enter the Anime,Movie,United States,2019,2019,TV-MA,Adult (18+)
s2013,Enter the Anime,Movie,Japan,2019,2019,TV-MA,Adult (18+)
s2014,Enter the Dragon,Movie,Hong Kong,1973,2021,R,Adult (18+)
s2014,Enter the Dragon,Movie,United States,1973,2021,R,Adult (18+)
s2015,Enter the Warriors Gate,Movie,France,2016,2017,PG-13,Teens (13-17)
s2015,Enter the Warriors Gate,Movie,Canada,2016,2017,PG-13,Teens (13-17)
s2015,Enter the Warriors Gate,Movie,China,2016,2017,PG-13,Teens (13-17)
s2015,Enter the Warriors Gate,Movie,Cambodia,2016,2017,PG-13,Teens (13-17)
s2016,Episodes,TV Show,United Kingdom,2017,2018,TV-MA,Adult (18+)
s2016,Episodes,TV Show,United States,2017,2018,TV-MA,Adult (18+)
s2017,Equals,Movie,United States,2015,2018,PG-13,Teens (13-17)
s2017,Equals,Movie,Indonesia,2015,2018,PG-13,Teens (13-17)
s2018,Equestria Girls: Tales of Canterlot High,TV Show,United States,2017,2017,TV-Y7,Kids & Family
s2018,Equestria Girls: Tales of Canterlot High,TV Show,Canada,2017,2017,TV-Y7,Kids & Family
s2019,Equilibrium,Movie,United States,2002,2019,R,Adult (18+)
s2020,Equinox,TV Show,Denmark,2020,2020,TV-MA,Adult (18+)
s2020,Equinox,TV Show,United States,2020,2020,TV-MA,Adult (18+)
s2021,Erased,TV Show,Japan,2016,2020,TV-14,Teens (13-17)
s2022,Eric Andre: Legalize Everything,Movie,United States,2020,2020,TV-MA,Adult (18+)
s2023,Eric ldle's What About Dick?,Movie,United States,2012,2018,TV-MA,Adult (18+)
s2024,Errementari: The Blacksmith and the Devil,Movie,Spain,2018,2018,TV-MA,Adult (18+)
s2024,Errementari: The Blacksmith and the Devil,Movie,France,2018,2018,TV-MA,Adult (18+)
s2025,Escape from Mr. Lemoncello’s Library,Movie,United States,2017,2019,TV-Y,Kids & Family
s2026,"Escape from the ""Liberty"" Cinema",Movie,Poland,1990,2019,TV-MA,Adult (18+)
s2027,Escaping Tel Aviv,Movie,Egypt,2009,2020,TV-14,Teens (13-17)
s2028,Especial 20 años Fútbol de Primera,TV Show,Unknown Country,2020,2020,TV-14,Teens (13-17)
s2029,Esperando La Carroza,Movie,Argentina,1985,2018,NR,Not Rated (NR)
s2030,Estar o no estar,Movie,Mexico,2016,2017,TV-14,Teens (13-17)
s2031,Eternal Love,TV Show,China,2017,2018,TV-14,Teens (13-17)
s2032,Ethirmarai,Movie,India,2018,2018,TV-14,Teens (13-17)
s2033,Ethos,TV Show,Turkey,2020,2020,TV-MA,Adult (18+)
s2034,Eugenie Nights,TV Show,Egypt,2018,2019,TV-14,Teens (13-17)
s2035,Euphoria,Movie,Italy,2018,2019,R,Adult (18+)
s2036,Eurovision Song Contest,TV Show,Unknown Country,2019,2019,TV-PG,Kids & Family
s2037,Eurovision Song Contest: The Story of Fire Saga,Movie,United States,2020,2020,PG-13,Teens (13-17)
s2038,Evan Almighty,Movie,United States,2007,2019,PG,Kids & Family
s2039,EVANGELION: DEATH (TRUE)²,Movie,Japan,1998,2019,TV-MA,Adult (18+)
s2040,Eve's Apple,Movie,Spain,2017,2018,TV-MA,Adult (18+)
s2041,Evelyn,Movie,United Kingdom,2019,2019,TV-MA,Adult (18+)
s2042,Even the Rain,Movie,Spain,2010,2011,TV-MA,Adult (18+)
s2042,Even the Rain,Movie,Mexico,2010,2011,TV-MA,Adult (18+)
s2042,Even the Rain,Movie,France,2010,2011,TV-MA,Adult (18+)
s2043,Evening Shadows,Movie,India,2018,2019,TV-PG,Kids & Family
s2044,Event Horizon,Movie,United Kingdom,1997,2020,R,Adult (18+)
s2044,Event Horizon,Movie,United States,1997,2020,R,Adult (18+)
s2045,Ever After High,TV Show,Canada,2016,2020,TV-Y7,Kids & Family
s2046,Every Time I Die,Movie,United States,2019,2020,TV-MA,Adult (18+)
s2047,Everybody Knows,Movie,Spain,2019,2019,R,Adult (18+)
s2047,Everybody Knows,Movie,France,2019,2019,R,Adult (18+)
s2047,Everybody Knows,Movie,Italy,2019,2019,R,Adult (18+)
s2048,Everyday I Love You,Movie,Philippines,2015,2019,TV-14,Teens (13-17)
s2049,Everyday Miracles,TV Show,United Kingdom,2014,2017,TV-PG,Kids & Family
s2050,Everything About Her,Movie,Philippines,2016,2019,TV-MA,Adult (18+)
s2051,Everything Sucks!,TV Show,United States,2018,2018,TV-14,Teens (13-17)
s2052,Evil,TV Show,United States,2019,2020,TV-14,Teens (13-17)
s2053,Evil Genius,TV Show,United States,2018,2018,TV-MA,Adult (18+)
s2054,Evolution,Movie,United States,2001,2019,PG-13,Teens (13-17)
s2055,Evvarikee Cheppoddu,Movie,India,2019,2019,TV-14,Teens (13-17)
s2056,Ex Machina,Movie,United Kingdom,2015,2018,R,Adult (18+)
s2057,Ex-Boyfriend,TV Show,China,2011,2017,TV-14,Teens (13-17)
s2058,Examination of Conscience,TV Show,Spain,2019,2019,TV-MA,Adult (18+)
s2059,Exclusive Edition,TV Show,Unknown Country,2008,2017,TV-14,Teens (13-17)
s2060,Executive Decision,Movie,United States,1996,2019,R,Adult (18+)
s2061,Exes Baggage,Movie,Philippines,2018,2020,TV-MA,Adult (18+)
s2062,Exhibit A,TV Show,United States,2019,2019,TV-MA,Adult (18+)
s2063,Exit Afghanistan,Movie,Norway,2013,2016,TV-MA,Adult (18+)
s2064,Exit Strategy,Movie,United States,2012,2019,NR,Not Rated (NR)
s2065,Exit Wounds,Movie,United States,2001,2019,R,Adult (18+)
s2066,Expedition China,Movie,Unknown Country,2017,2018,TV-G,Kids & Family
s2067,Expedition Happiness,Movie,Germany,2017,2018,TV-PG,Kids & Family
s2068,Expelled from Paradise,Movie,Japan,2014,2018,TV-MA,Adult (18+)
s2069,Explained,TV Show,United States,2019,2019,TV-MA,Adult (18+)
s2070,Expo,Movie,United States,2019,2019,TV-14,Teens (13-17)
s2071,Extinction,Movie,United States,2018,2018,TV-MA,Adult (18+)
s2072,Extraction,Movie,United States,2020,2020,R,Adult (18+)
s2073,Extracurricular,TV Show,South Korea,2020,2020,TV-MA,Adult (18+)
s2074,Extras,TV Show,United Kingdom,2006,2017,TV-MA,Adult (18+)
s2074,Extras,TV Show,United States,2006,2017,TV-MA,Adult (18+)
s2075,Extreme Engagement,TV Show,Unknown Country,2019,2019,TV-MA,Adult (18+)
s2076,"Extremely Wicked, Shockingly Evil and Vile",Movie,United States,2019,2019,R,Adult (18+)
s2077,Extremis,Movie,United States,2016,2016,TV-PG,Kids & Family
s2078,Eye For An Eye,Movie,Spain,2019,2020,TV-MA,Adult (18+)
s2078,Eye For An Eye,Movie,France,2019,2020,TV-MA,Adult (18+)
s2078,Eye For An Eye,Movie,United States,2019,2020,TV-MA,Adult (18+)
s2079,Eyyvah Eyyvah,Movie,Turkey,2010,2017,TV-MA,Adult (18+)
s2080,Eyyvah Eyyvah 2,Movie,Turkey,2011,2017,TV-PG,Kids & Family
s2081,Eyyvah Eyyvah 3,Movie,Turkey,2014,2017,TV-PG,Kids & Family
s2082,Ezel,TV Show,Turkey,2009,2016,TV-14,Teens (13-17)
s2083,海的儿子,TV Show,Unknown Country,2016,2018,TV-14,Teens (13-17)
s2084,F is for Family,TV Show,United States,2020,2020,TV-MA,Adult (18+)
s2084,F is for Family,TV Show,France,2020,2020,TV-MA,Adult (18+)
s2084,F is for Family,TV Show,Canada,2020,2020,TV-MA,Adult (18+)
s2085,F the Prom,Movie,United States,2017,2018,TV-MA,Adult (18+)
s2086,F.R.E.D.I.,Movie,United States,2018,2018,TV-PG,Kids & Family
s2087,Fabrizio Copano: Solo pienso en mi,Movie,Chile,2017,2017,TV-MA,Adult (18+)
s2088,Fabulous Lives of Bollywood Wives,TV Show,India,2020,2020,TV-MA,Adult (18+)
s2089,Face 2 Face,Movie,United States,2017,2018,TV-MA,Adult (18+)
s2090,Fadily Camara : La plus drôle de tes copines,Movie,France,2019,2019,TV-MA,Adult (18+)
s2091,Fairy Tail,TV Show,Japan,2009,2017,TV-MA,Adult (18+)
s2092,"Faith, Hope & Love",Movie,United States,2019,2020,PG,Kids & Family
s2093,Fake or Fortune?,TV Show,United Kingdom,2015,2019,TV-G,Kids & Family
s2094,Fakkah Fuzz: Almost Banned,Movie,Singapore,2018,2018,TV-MA,Adult (18+)
s2095,Fakta Ladh Mhana,Movie,India,2011,2018,TV-14,Teens (13-17)
s2096,Fall Girls,Movie,United States,2019,2020,TV-14,Teens (13-17)
s2097,Fall in Love with Me,TV Show,Taiwan,2014,2016,TV-14,Teens (13-17)
s2098,Fallen,Movie,United States,1998,2019,R,Adult (18+)
s2099,Fallet,TV Show,Sweden,2017,2018,TV-MA,Adult (18+)
s2100,Falling Inn Love,Movie,United States,2019,2019,TV-PG,Kids & Family
s2101,Falsa identidad,TV Show,Mexico,2018,2019,TV-MA,Adult (18+)
s2101,Falsa identidad,TV Show,United States,2018,2019,TV-MA,Adult (18+)
s2102,Falz Experience,Movie,Unknown Country,2018,2019,TV-MA,Adult (18+)
s2103,Familiar Wife,TV Show,South Korea,2018,2020,TV-MA,Adult (18+)
s2104,Familiye,Movie,Germany,2017,2019,TV-MA,Adult (18+)
s2105,Family Blood,Movie,United States,2018,2018,TV-MA,Adult (18+)
s2106,Family Business,TV Show,France,2020,2020,TV-MA,Adult (18+)
s2107,Family Reunion,TV Show,United States,2020,2020,TV-PG,Kids & Family
s2108,Famous in Ahmedabad,Movie,India,2015,2016,TV-14,Teens (13-17)
s2109,Fan of Amoory,Movie,United Arab Emirates,2018,2020,TV-G,Kids & Family
s2110,Fanatic,Movie,United States,2019,2019,TV-14,Teens (13-17)
s2111,Fanatyk,Movie,Poland,2017,2020,TV-MA,Adult (18+)
s2112,Fandry,Movie,India,2014,2018,NR,Not Rated (NR)
s2113,Fangbone,TV Show,Canada,2016,2017,TV-Y7,Kids & Family
s2114,Fantastica,Movie,Philippines,2018,2020,TV-PG,Kids & Family
s2115,Faraar,Movie,Australia,2015,2018,TV-14,Teens (13-17)
s2116,Farce,Movie,Egypt,2017,2019,TV-MA,Adult (18+)
s2117,Fartsa,TV Show,Russia,2015,2017,TV-14,Teens (13-17)
s2118,Fary : Hexagone,TV Show,France,2020,2020,TV-MA,Adult (18+)
s2119,Fary Is the New Black,Movie,France,2018,2018,TV-MA,Adult (18+)
s2120,Fashion,Movie,India,2008,2018,TV-MA,Adult (18+)
s2121,Fast & Furious Spy Racers,TV Show,United States,2020,2020,TV-Y7,Kids & Family
s2122,Fastest Car,TV Show,United States,2019,2019,TV-MA,Adult (18+)
s2123,Fat Ballerina - David A. Arnold,Movie,United States,2020,2020,TV-MA,Adult (18+)
s2124,Fatal Affair,Movie,United States,2020,2020,TV-14,Teens (13-17)
s2125,Fatal Destiny,TV Show,Unknown Country,2016,2018,TV-MA,Adult (18+)
s2126,Fate/Apocrypha,TV Show,Japan,2017,2017,TV-MA,Adult (18+)
s2127,Fate/EXTRA Last Encore,TV Show,Japan,2018,2018,TV-MA,Adult (18+)
s2128,Fate/Grand Order -First Order-,Movie,Japan,2016,2020,TV-14,Teens (13-17)
s2129,Fate/stay night: Unlimited Blade Works,TV Show,Japan,2015,2018,TV-14,Teens (13-17)
s2130,Fate/Zero,TV Show,Japan,2012,2019,TV-MA,Adult (18+)
s2131,Father Brown,TV Show,United Kingdom,2017,2018,TV-14,Teens (13-17)
s2132,Father of the Year,Movie,United States,2018,2018,TV-MA,Adult (18+)
s2133,Father Soldier Son,Movie,United States,2020,2020,R,Adult (18+)
s2134,Fatso,Movie,India,2012,2019,TV-14,Teens (13-17)
s2135,Fauda,TV Show,Israel,2020,2020,TV-MA,Adult (18+)
s2136,Fear and Loathing in Las Vegas,Movie,United States,1998,2019,R,Adult (18+)
s2137,Fear City: New York vs The Mafia,TV Show,United States,2020,2020,TV-MA,Adult (18+)
s2138,Fear Files... Har Mod Pe Darr,TV Show,India,2015,2017,TV-MA,Adult (18+)
s2139,Fearless,Movie,Canada,2020,2020,TV-Y7,Kids & Family
s2140,Feel Good,TV Show,United Kingdom,2020,2020,TV-MA,Adult (18+)
s2141,Feel Rich,Movie,United States,2017,2017,TV-MA,Adult (18+)
s2142,Feel the Beat,Movie,United States,2020,2020,TV-G,Kids & Family
s2143,Felipe Esparza: Bad Decisions,TV Show,United States,2020,2020,TV-MA,Adult (18+)
s2144,Felipe Esparza: They're Not Going to Laugh at You,Movie,United States,2012,2018,TV-MA,Adult (18+)
s2145,Felipe Neto: My Life Makes No Sense,Movie,Brazil,2017,2017,TV-MA,Adult (18+)
s2146,Felix Lobrecht: Hype,Movie,Germany,2020,2020,TV-MA,Adult (18+)
s2147,Feminists: What Were They Thinking?,Movie,United States,2018,2018,TV-MA,Adult (18+)
s2148,Feo pero sabroso,Movie,Colombia,2018,2019,TV-MA,Adult (18+)
s2149,Fernando Sanjiao: Hombre,Movie,Argentina,2018,2018,TV-MA,Adult (18+)
s2150,Ferrari Ki Sawaari,Movie,India,2012,2019,TV-PG,Kids & Family
s2151,Ferris Bueller's Day Off,Movie,United States,1986,2020,PG-13,Teens (13-17)
s2152,Fida,Movie,India,2004,2020,TV-14,Teens (13-17)
s2153,Fiddler on the Roof,Movie,United States,1971,2020,G,Kids & Family
s2154,Fierce,Movie,Poland,2020,2020,TV-MA,Adult (18+)
s2155,Fifty,Movie,Nigeria,2015,2015,NR,Not Rated (NR)
s2156,Fifty Year Old Teenager,Movie,Unknown Country,1996,2020,TV-14,Teens (13-17)
s2157,Fifty: The Series,TV Show,Nigeria,2018,2020,TV-14,Teens (13-17)
s2158,Figaro Pho,Movie,United Kingdom,2008,2016,TV-Y7,Kids & Family
s2159,FIGHTWORLD,TV Show,Unknown Country,2018,2018,TV-MA,Adult (18+)
s2160,Figures of Speech,Movie,United States,2016,2016,TV-PG,Kids & Family
s2161,Filinta,TV Show,Turkey,2015,2017,TV-14,Teens (13-17)
s2162,Filmworker,Movie,United States,2017,2018,TV-MA,Adult (18+)
s2163,Filosofi Kopi The Movie,Movie,Indonesia,2015,2018,TV-PG,Kids & Family
s2164,Final Destination,Movie,United States,2000,2020,R,Adult (18+)
s2165,Final Destination 2,Movie,United States,2003,2020,R,Adult (18+)
s2165,Final Destination 2,Movie,Canada,2003,2020,R,Adult (18+)
s2166,Final Destination 3,Movie,United States,2006,2020,R,Adult (18+)
s2166,Final Destination 3,Movie,Germany,2006,2020,R,Adult (18+)
s2167,FINAL FANTASY XIV Dad of Light,TV Show,Japan,2017,2017,TV-PG,Kids & Family
s2168,Finally Found Someone,Movie,Philippines,2017,2019,TV-14,Teens (13-17)
s2169,Find Yourself,TV Show,Unknown Country,2020,2020,TV-14,Teens (13-17)
s2170,Finding Agnes,Movie,Philippines,2020,2020,TV-PG,Kids & Family
s2171,Fire at Sea,Movie,Italy,2016,2017,TV-14,Teens (13-17)
s2171,Fire at Sea,Movie,France,2016,2017,TV-14,Teens (13-17)
s2172,Fire Chasers,TV Show,United States,2017,2017,TV-MA,Adult (18+)
s2173,Fire in Paradise,Movie,United States,2019,2019,TV-MA,Adult (18+)
s2174,Fire in the Blood,Movie,India,2012,2020,TV-14,Teens (13-17)
s2175,Firebrand,Movie,India,2019,2019,TV-MA,Adult (18+)
s2176,Fireflies,Movie,India,2013,2019,TV-MA,Adult (18+)
s2177,Fireman Sam,TV Show,United Kingdom,2018,2020,TV-Y,Kids & Family
s2178,Fireplace 4K: Classic Crackling Fireplace from Fireplace for Your Home,Movie,Unknown Country,2015,2015,TV-G,Kids & Family
s2179,Fireplace 4K: Crackling Birchwood from Fireplace for Your Home,Movie,Unknown Country,2015,2015,TV-G,Kids & Family
s2180,Fireworks,Movie,Japan,2017,2019,TV-PG,Kids & Family
s2181,First and Last,TV Show,Unknown Country,2018,2018,TV-MA,Adult (18+)
s2182,First Impression,Movie,United States,2018,2019,TV-14,Teens (13-17)
s2183,First Kill,Movie,United Kingdom,2017,2019,R,Adult (18+)
s2183,First Kill,Movie,Canada,2017,2019,R,Adult (18+)
s2183,First Kill,Movie,United States,2017,2019,R,Adult (18+)
s2184,First Kiss,Movie,Netherlands,2018,2019,TV-14,Teens (13-17)
s2185,First Love,Movie,Philippines,2018,2020,TV-MA,Adult (18+)
s2186,First Match,Movie,United States,2018,2018,TV-MA,Adult (18+)
s2187,First Team: Juventus,TV Show,United States,2018,2018,TV-PG,Kids & Family
s2188,First They Killed My Father,Movie,Cambodia,2017,2017,TV-MA,Adult (18+)
s2188,First They Killed My Father,Movie,United States,2017,2017,TV-MA,Adult (18+)
s2189,FirstBorn,Movie,United Kingdom,2016,2017,TV-MA,Adult (18+)
s2190,Fisherman's Friends,Movie,United Kingdom,2019,2020,PG-13,Teens (13-17)
s2191,Fishpeople,Movie,Unknown Country,2017,2018,TV-14,Teens (13-17)
s2192,Fishtail,Movie,United States,2015,2018,NR,Not Rated (NR)
s2193,Fishtronaut: The Movie,Movie,Brazil,2018,2018,TV-Y,Kids & Family
s2194,Fit for Fashion,TV Show,Unknown Country,2015,2018,TV-14,Teens (13-17)
s2195,Fitoor,Movie,India,2016,2018,TV-14,Teens (13-17)
s2196,Fittest in Dubai,Movie,United Arab Emirates,2019,2020,TV-14,Teens (13-17)
s2197,Five Came Back,TV Show,United States,2017,2017,TV-MA,Adult (18+)
s2198,Five Elements Ninjas,Movie,Hong Kong,1982,2019,R,Adult (18+)
s2199,Five Nights in Maine,Movie,United States,2015,2017,TV-MA,Adult (18+)
s2200,Fix It and Finish It,TV Show,United States,2014,2018,TV-G,Kids & Family
s2201,Fiza,Movie,India,2000,2018,TV-14,Teens (13-17)
s2202,Flaked,TV Show,United States,2017,2017,TV-MA,Adult (18+)
s2203,Flash of Genius,Movie,Canada,2008,2017,PG-13,Teens (13-17)
s2203,Flash of Genius,Movie,United States,2008,2017,PG-13,Teens (13-17)
s2204,Flavorful Origins,TV Show,China,2020,2020,TV-G,Kids & Family
s2205,Flavors of Youth: International Version,Movie,China,2018,2018,TV-PG,Kids & Family
s2205,Flavors of Youth: International Version,Movie,Japan,2018,2018,TV-PG,Kids & Family
s2206,Flimflam,Movie,Egypt,2016,2019,TV-14,Teens (13-17)
s2207,Flinch,TV Show,United Kingdom,2019,2019,TV-PG,Kids & Family
s2208,Flint Town,TV Show,United States,2018,2018,TV-MA,Adult (18+)
s2209,Flock of Four,Movie,United States,2018,2018,TV-MA,Adult (18+)
s2210,Floor Is Lava,TV Show,United States,2020,2020,TV-PG,Kids & Family
s2211,Flowering Heart,TV Show,South Korea,2016,2019,TV-Y7,Kids & Family
s2212,Flowers,TV Show,United Kingdom,2018,2018,TV-MA,Adult (18+)
s2213,Flying Guillotine 2,Movie,Hong Kong,1978,2018,TV-MA,Adult (18+)
s2214,Follow Me,Movie,United Arab Emirates,2017,2018,TV-MA,Adult (18+)
s2214,Follow Me,Movie,United States,2017,2018,TV-MA,Adult (18+)
s2214,Follow Me,Movie,United Kingdom,2017,2018,TV-MA,Adult (18+)
s2215,Follow This,TV Show,United States,2018,2018,TV-MA,Adult (18+)
s2216,Followers,TV Show,Japan,2020,2020,TV-MA,Adult (18+)
s2217,Food on the Go,Movie,Argentina,2017,2018,TV-MA,Adult (18+)
s2217,Food on the Go,Movie,Italy,2017,2018,TV-MA,Adult (18+)
s2218,Food Wars!: Shokugeki no Soma,TV Show,Japan,2016,2020,TV-MA,Adult (18+)
s2219,Food: Delicious Science,TV Show,Unknown Country,2017,2017,TV-PG,Kids & Family
s2220,Footprints in the Sand,TV Show,United States,2011,2017,TV-14,Teens (13-17)
s2221,Footprints: The Path of Your Life,Movie,Spain,2015,2017,PG,Kids & Family
s2222,For Colored Girls,Movie,United States,2010,2020,R,Adult (18+)
s2223,For Grace,Movie,United States,2015,2016,TV-PG,Kids & Family
s2224,For Greater Glory,Movie,Mexico,2012,2019,R,Adult (18+)
s2225,For Here or to Go?,Movie,United States,2015,2018,TV-MA,Adult (18+)
s2225,For Here or to Go?,Movie,India,2015,2018,TV-MA,Adult (18+)
s2226,For Love or Money,Movie,United Kingdom,2019,2019,TV-MA,Adult (18+)
s2227,For the Birds,Movie,United States,2018,2019,TV-MA,Adult (18+)
s2228,For the Broken Hearted,Movie,Philippines,2018,2020,TV-14,Teens (13-17)
s2229,For the Love of Benji,Movie,United States,1977,2018,G,Kids & Family
s2230,For the Love of Spock,Movie,Canada,2016,2016,TV-14,Teens (13-17)
s2230,For the Love of Spock,Movie,United States,2016,2016,TV-14,Teens (13-17)
s2231,For the Win,TV Show,United States,2017,2018,TV-14,Teens (13-17)
s2232,For Your Own Good,Movie,Spain,2017,2017,TV-MA,Adult (18+)
s2233,Forbidden Games: The Justin Fashanu Story,Movie,United Kingdom,2017,2017,TV-14,Teens (13-17)
s2234,Forbidden Planet,Movie,United States,1956,2019,G,Kids & Family
s2235,Force 2,Movie,India,2016,2017,TV-14,Teens (13-17)
s2236,Forces of Nature,TV Show,United Kingdom,2016,2017,TV-PG,Kids & Family
s2237,Forensic,Movie,India,2020,2020,TV-14,Teens (13-17)
s2238,Forensic Files,TV Show,United States,2011,2016,TV-MA,Adult (18+)
s2239,Forest of Piano,TV Show,Japan,2019,2019,TV-14,Teens (13-17)
s2240,Forever Chape,Movie,Brazil,2018,2018,TV-MA,Adult (18+)
s2241,Forever Pure,Movie,United Kingdom,2016,2017,TV-MA,Adult (18+)
s2241,Forever Pure,Movie,Israel,2016,2017,TV-MA,Adult (18+)
s2241,Forever Pure,Movie,Russia,2016,2017,TV-MA,Adult (18+)
s2242,Forged in Fire,TV Show,United States,2019,2020,TV-14,Teens (13-17)
s2243,Forget Me Not,TV Show,United Kingdom,2011,2017,TV-MA,Adult (18+)
s2244,Forgive Us Our Debts,Movie,Italy,2018,2018,TV-MA,Adult (18+)
s2244,Forgive Us Our Debts,Movie,Switzerland,2018,2018,TV-MA,Adult (18+)
s2244,Forgive Us Our Debts,Movie,Albania,2018,2018,TV-MA,Adult (18+)
s2244,Forgive Us Our Debts,Movie,Poland,2018,2018,TV-MA,Adult (18+)
s2245,Forgotten,Movie,South Korea,2017,2018,TV-MA,Adult (18+)
s2246,Forks Over Knives,Movie,United States,2011,2019,PG,Kids & Family
s2247,Formula 1: Drive to Survive,TV Show,United Kingdom,2020,2020,TV-MA,Adult (18+)
s2248,Fortune Feimster: Sweet & Salty,Movie,United States,2020,2020,TV-MA,Adult (18+)
s2249,Four Christmases,Movie,Germany,2008,2021,PG-13,Teens (13-17)
s2249,Four Christmases,Movie,United States,2008,2021,PG-13,Teens (13-17)
s2250,Four Seasons in Havana,TV Show,Spain,2016,2016,TV-MA,Adult (18+)
s2250,Four Seasons in Havana,TV Show,Cuba,2016,2016,TV-MA,Adult (18+)
s2251,Four Sisters and a Wedding,Movie,Philippines,2013,2019,TV-14,Teens (13-17)
s2252,Four Weddings and a Funeral,Movie,United Kingdom,1994,2019,R,Adult (18+)
s2253,Fracture,Movie,United States,2007,2019,R,Adult (18+)
s2253,Fracture,Movie,Germany,2007,2019,R,Adult (18+)
s2254,Fractured,Movie,United States,2019,2019,TV-MA,Adult (18+)
s2255,Franca: Chaos and Creation,Movie,United States,2016,2017,TV-MA,Adult (18+)
s2255,Franca: Chaos and Creation,Movie,Italy,2016,2017,TV-MA,Adult (18+)
s2256,Frances Ha,Movie,United States,2012,2017,R,Adult (18+)
s2256,Frances Ha,Movie,Brazil,2012,2017,R,Adult (18+)
s2257,Francesco De Carlo: Cose di Questo Mondo,Movie,Italy,2019,2019,TV-MA,Adult (18+)
s2258,Franco Escamilla: Bienvenido al mundo,Movie,Mexico,2019,2019,TV-MA,Adult (18+)
s2259,Franco Escamilla: Por la anécdota,Movie,Mexico,2018,2018,TV-MA,Adult (18+)
s2260,Frank & Lola,Movie,United States,2016,2020,TV-MA,Adult (18+)
s2261,Frank and Cindy,Movie,United States,2007,2016,TV-MA,Adult (18+)
s2262,Frank Elstner: Just One Last Question,TV Show,Germany,2020,2020,TV-MA,Adult (18+)
s2263,"Frankenstein’s Monster’s Monster, Frankenstein",Movie,United States,2019,2019,TV-14,Teens (13-17)
s2264,Frasier,TV Show,United States,2003,,TV-PG,Kids & Family
s2265,Frat Star,Movie,United States,2017,2017,TV-MA,Adult (18+)
s2266,Freak Show,Movie,United States,2018,2020,TV-MA,Adult (18+)
s2267,Freaks,Movie,United States,2018,2020,R,Adult (18+)
s2267,Freaks,Movie,Canada,2018,2020,R,Adult (18+)
s2268,Freaks – You're One of Us,Movie,Germany,2020,2020,TV-MA,Adult (18+)
s2269,Fred Armisen: Standup For Drummers,Movie,Unknown Country,2018,2018,TV-PG,Kids & Family
s2270,Fred Claus,Movie,United States,2007,2021,PG,Kids & Family
s2271,Free Fire,Movie,United Kingdom,2016,2019,R,Adult (18+)
s2272,Free Rein,TV Show,United States,2019,2019,TV-G,Kids & Family
s2273,Free Rein: The Twelve Neighs of Christmas,Movie,Unknown Country,2018,2018,TV-G,Kids & Family
s2274,Free Rein: Valentine's Day,Movie,United States,2019,2019,TV-G,Kids & Family
s2275,Free State of Jones,Movie,United States,2016,2020,R,Adult (18+)
s2276,Free Willy,Movie,United States,1993,2020,PG,Kids & Family
s2276,Free Willy,Movie,France,1993,2020,PG,Kids & Family
s2276,Free Willy,Movie,Mexico,1993,2020,PG,Kids & Family
s2277,Freedom at Midnight,Movie,Unknown Country,2018,2018,TV-MA,Adult (18+)
s2278,Freej Al Taibeen,Movie,United Arab Emirates,2018,2020,TV-PG,Kids & Family
s2279,Freeway: Crack in the System,Movie,United States,2015,2017,R,Adult (18+)
s2279,Freeway: Crack in the System,Movie,Nicaragua,2015,2017,R,Adult (18+)
s2280,Freezer's Campaign,Movie,Egypt,2016,2019,TV-MA,Adult (18+)
s2281,French Dirty,Movie,United States,2015,2016,TV-MA,Adult (18+)
s2282,French Toast,Movie,South Africa,2015,2020,TV-PG,Kids & Family
s2283,Frequency,TV Show,United States,2016,2017,TV-14,Teens (13-17)
s2284,Freshman Year,Movie,United States,2019,2020,TV-PG,Kids & Family
s2285,Freud,TV Show,Austria,2020,2020,TV-MA,Adult (18+)
s2285,Freud,TV Show,Germany,2020,2020,TV-MA,Adult (18+)
s2286,Friday Night Tykes,TV Show,United States,2017,2018,TV-PG,Kids & Family
s2287,Friday the 13th,Movie,United States,2009,2020,R,Adult (18+)
s2288,Friend Request,Movie,Germany,2016,2018,R,Adult (18+)
s2289,Friends,TV Show,United States,2003,,TV-14,Teens (13-17)
s2290,Friends from College,TV Show,United States,2019,2019,TV-MA,Adult (18+)
s2291,Friendship,Movie,India,1980,2020,TV-14,Teens (13-17)
s2292,From A to B,Movie,United Arab Emirates,2014,2020,TV-MA,Adult (18+)
s2292,From A to B,Movie,Jordan,2014,2020,TV-MA,Adult (18+)
s2292,From A to B,Movie,Lebanon,2014,2020,TV-MA,Adult (18+)
s2293,From Dusk Till Dawn,TV Show,United States,2016,2016,TV-MA,Adult (18+)
s2294,From Japan to Egypt,Movie,Egypt,2017,2019,TV-14,Teens (13-17)
s2295,From One Second to the Next,Movie,United States,2013,2014,TV-14,Teens (13-17)
s2296,From Paris with Love,Movie,France,2010,2020,R,Adult (18+)
s2296,From Paris with Love,Movie,United Kingdom,2010,2020,R,Adult (18+)
s2296,From Paris with Love,Movie,United States,2010,2020,R,Adult (18+)
s2297,Froning: The Fittest Man in History,Movie,United States,2016,2018,PG,Kids & Family
s2298,Fronteras,Movie,United States,2018,2020,TV-MA,Adult (18+)
s2299,Frontier,TV Show,Canada,2018,2018,TV-MA,Adult (18+)
s2300,Frozen Planet,TV Show,United Kingdom,2011,2016,TV-PG,Kids & Family
s2300,Frozen Planet,TV Show,United States,2011,2016,TV-PG,Kids & Family
s2300,Frozen Planet,TV Show,Spain,2011,2016,TV-PG,Kids & Family
s2300,Frozen Planet,TV Show,Germany,2011,2016,TV-PG,Kids & Family
s2300,Frozen Planet,TV Show,Greece,2011,2016,TV-PG,Kids & Family
s2300,Frozen Planet,TV Show,Canada,2011,2016,TV-PG,Kids & Family
s2301,Frozen Planet: On Thin Ice,Movie,United Kingdom,2011,2016,TV-PG,Kids & Family
s2301,Frozen Planet: On Thin Ice,Movie,United States,2011,2016,TV-PG,Kids & Family
s2301,Frozen Planet: On Thin Ice,Movie,Spain,2011,2016,TV-PG,Kids & Family
s2301,Frozen Planet: On Thin Ice,Movie,Germany,2011,2016,TV-PG,Kids & Family
s2301,Frozen Planet: On Thin Ice,Movie,Greece,2011,2016,TV-PG,Kids & Family
s2301,Frozen Planet: On Thin Ice,Movie,Canada,2011,2016,TV-PG,Kids & Family
s2302,Frozen Planet: The Epic Journey,Movie,United Kingdom,2011,2016,TV-PG,Kids & Family
s2302,Frozen Planet: The Epic Journey,Movie,United States,2011,2016,TV-PG,Kids & Family
s2302,Frozen Planet: The Epic Journey,Movie,Spain,2011,2016,TV-PG,Kids & Family
s2302,Frozen Planet: The Epic Journey,Movie,Germany,2011,2016,TV-PG,Kids & Family
s2302,Frozen Planet: The Epic Journey,Movie,Greece,2011,2016,TV-PG,Kids & Family
s2302,Frozen Planet: The Epic Journey,Movie,Canada,2011,2016,TV-PG,Kids & Family
s2303,Frozen River,Movie,United States,2008,2019,R,Adult (18+)
s2304,Fruitvale Station,Movie,United States,2013,2020,R,Adult (18+)
s2305,Fugitiva,TV Show,Spain,2018,2018,TV-MA,Adult (18+)
s2306,Fukrey,Movie,India,2013,2019,TV-14,Teens (13-17)
s2307,Fukrey Boyzzz,TV Show,Unknown Country,2020,2020,TV-Y,Kids & Family
s2308,Fukrey Boyzzz: Space Mein Fukrapanti,Movie,India,2020,2020,TV-Y7,Kids & Family
s2309,Full Count,Movie,United States,2019,2020,TV-PG,Kids & Family
s2310,Full Out,Movie,Canada,2015,2016,TV-PG,Kids & Family
s2310,Full Out,Movie,United States,2015,2016,TV-PG,Kids & Family
s2311,Full Out 2: You Got This!,Movie,United States,2020,2021,TV-Y,Kids & Family
s2312,Fuller House,TV Show,United States,2020,2019,TV-PG,Kids & Family
s2313,FullMetal Alchemist,Movie,Japan,2017,2018,TV-PG,Kids & Family
s2314,Fullmetal Alchemist: Brotherhood,TV Show,Japan,2010,2018,TV-14,Teens (13-17)
s2315,Fun Mom Dinner,Movie,United States,2017,2017,R,Adult (18+)
s2316,Funan,Movie,France,2018,2020,TV-14,Teens (13-17)
s2316,Funan,Movie,Belgium,2018,2020,TV-14,Teens (13-17)
s2316,Funan,Movie,Luxembourg,2018,2020,TV-14,Teens (13-17)
s2316,Funan,Movie,Cambodia,2018,2020,TV-14,Teens (13-17)
s2317,Functional Fitness,Movie,United States,2016,2018,TV-MA,Adult (18+)
s2318,Funny Boy,Movie,Canada,2020,2020,TV-MA,Adult (18+)
s2318,Funny Boy,Movie,United States,2020,2020,TV-MA,Adult (18+)
s2319,Furie,Movie,Vietnam,2019,2019,TV-MA,Adult (18+)
s2320,Furthest Witness,Movie,United States,2017,2019,TV-MA,Adult (18+)
s2320,Furthest Witness,Movie,United Kingdom,2017,2019,TV-MA,Adult (18+)
s2321,Futmalls.com,TV Show,Unknown Country,2020,2020,TV-14,Teens (13-17)
s2322,FYRE: The Greatest Party That Never Happened,Movie,United States,2019,2019,TV-MA,Adult (18+)
s2323,İstanbul Kırmızısı,Movie,Italy,2017,2020,TV-MA,Adult (18+)
s2323,İstanbul Kırmızısı,Movie,Turkey,2017,2020,TV-MA,Adult (18+)
s2324,G-Force,Movie,United States,2009,2019,PG,Kids & Family
s2325,G.O.R.A,Movie,Turkey,2004,2017,TV-MA,Adult (18+)
s2326,Görümce,Movie,Turkey,2016,2020,TV-MA,Adult (18+)
s2327,Gabbar Is Back,Movie,India,2015,2020,TV-14,Teens (13-17)
s2328,Gabby's Dollhouse,TV Show,Unknown Country,2021,2021,TV-Y,Kids & Family
s2329,"Gabriel ""Fluffy"" Iglesias: One Show Fits All",Movie,Unknown Country,2019,2019,TV-14,Teens (13-17)
s2330,Gabriel and the Mountain,Movie,Brazil,2017,2018,TV-MA,Adult (18+)
s2330,Gabriel and the Mountain,Movie,France,2017,2018,TV-MA,Adult (18+)
s2331,Gabriel lglesias: I’m Sorry For What I Said When I Was Hungry,Movie,United States,2016,2016,TV-14,Teens (13-17)
s2332,Gabru: Hip Hop Revolution,TV Show,India,2018,2018,TV-14,Teens (13-17)
s2333,Gad Elmaleh: American Dream,Movie,United States,2018,2018,TV-14,Teens (13-17)
s2334,Gad Gone Wild,Movie,France,2017,2017,TV-MA,Adult (18+)
s2335,Gaddar: the Traitor,Movie,India,2015,2018,TV-14,Teens (13-17)
s2336,Gaga: Five Foot Two,Movie,United States,2017,2017,TV-MA,Adult (18+)
s2337,Gagarin: First in Space,Movie,Russia,2013,2017,TV-14,Teens (13-17)
s2338,Galavant,TV Show,United States,2016,2016,TV-PG,Kids & Family
s2339,Galih dan Ratna,Movie,Indonesia,2017,2018,TV-PG,Kids & Family
s2340,Game,Movie,India,2011,2019,TV-14,Teens (13-17)
s2341,GAME ON: A Comedy Crossover Event,TV Show,United States,2020,2020,TV-G,Kids & Family
s2342,Game Over,Movie,Egypt,2012,2020,TV-14,Teens (13-17)
s2343,Game Over (Hindi Version),Movie,Unknown Country,2019,2019,TV-MA,Adult (18+)
s2344,Game Over (Tamil Version),Movie,India,2019,2019,TV-MA,Adult (18+)
s2344,Game Over (Tamil Version),Movie,Turkey,2019,2019,TV-MA,Adult (18+)
s2345,Game Over (Telugu Version),Movie,Unknown Country,2019,2019,TV-MA,Adult (18+)
s2346,"Game Over, Man!",Movie,United States,2018,2018,TV-MA,Adult (18+)
s2347,Game Winning Hit,TV Show,Taiwan,2009,2016,TV-MA,Adult (18+)
s2348,Gameboys Level-Up Edition,TV Show,Unknown Country,2020,2020,TV-14,Teens (13-17)
s2349,Gang of the Caribbean,Movie,France,2016,2020,TV-MA,Adult (18+)
s2350,Gangaajal,Movie,India,2003,2021,TV-MA,Adult (18+)
s2351,Gangs of Hassepur,TV Show,India,2014,2017,TV-PG,Kids & Family
s2352,Gangs of New York,Movie,United States,2002,2019,R,Adult (18+)
s2352,Gangs of New York,Movie,Italy,2002,2019,R,Adult (18+)
s2353,GANTZ:O,Movie,Japan,2016,2017,TV-MA,Adult (18+)
s2354,Garbage,Movie,India,2018,2018,TV-MA,Adult (18+)
s2355,Gardeners of Eden,Movie,Kenya,2014,2020,TV-14,Teens (13-17)
s2355,Gardeners of Eden,Movie,United States,2014,2020,TV-14,Teens (13-17)
s2356,Garfield Gets Real,Movie,United States,2007,2020,TV-Y,Kids & Family
s2357,Garfield's Fun Fest,Movie,United States,2008,2020,TV-Y7,Kids & Family
s2357,Garfield's Fun Fest,Movie,South Korea,2008,2020,TV-Y7,Kids & Family
s2358,Garfield's Pet Force,Movie,South Korea,2009,2020,G,Kids & Family
s2358,Garfield's Pet Force,Movie,United States,2009,2020,G,Kids & Family
s2359,Garfunkel and Oates: Trying to be Special,Movie,United States,2016,2016,TV-MA,Adult (18+)
s2360,Gargantia on the Verdurous Planet,TV Show,Japan,2013,2016,Unknown,Unknown / Unrated
s2361,Garth Brooks: The Road I’m On,TV Show,United States,2019,2020,TV-PG,Kids & Family
s2362,Garuda Di Dadaku,Movie,Indonesia,2009,2018,TV-PG,Kids & Family
s2363,Garuda in My Heart 2,Movie,Indonesia,2011,2018,TV-PG,Kids & Family
s2364,Gatao 2: Rise of the King,Movie,Taiwan,2018,2019,TV-MA,Adult (18+)
s2365,Gbomo Gbomo Express,Movie,Nigeria,2015,2020,TV-MA,Adult (18+)
s2366,Gehenna: Where Death Lives,Movie,Japan,2016,2018,TV-MA,Adult (18+)
s2366,Gehenna: Where Death Lives,Movie,United States,2016,2018,TV-MA,Adult (18+)
s2367,Gelo,Movie,India,2016,2017,TV-MA,Adult (18+)
s2368,Gemini,Movie,India,2018,2018,TV-PG,Kids & Family
s2369,GEN HOSHINO STADIUM TOUR “POP VIRUS”,Movie,Unknown Country,2019,2019,TV-14,Teens (13-17)
s2370,Gender Revolution: A Journey with Katie Couric,Movie,United States,2017,2018,TV-PG,Kids & Family
s2371,Generation Iron 2,Movie,United States,2017,2017,PG-13,Teens (13-17)
s2372,Generation Iron 3,Movie,United States,2018,2019,TV-MA,Adult (18+)
s2373,Genius,Movie,India,2018,2019,TV-14,Teens (13-17)
s2374,Genius of the Ancient World,TV Show,United Kingdom,2015,2017,TV-PG,Kids & Family
s2375,Genius of the Modern World,TV Show,United Kingdom,2016,2017,TV-PG,Kids & Family
s2376,Gentefied,TV Show,United States,2020,2020,TV-MA,Adult (18+)
s2377,Gentlemen and Gangsters,TV Show,Sweden,2016,2016,TV-MA,Adult (18+)
s2378,George Lopez: We'll Do It For Half,Movie,United States,2020,2020,TV-MA,Adult (18+)
s2379,George of the Jungle 2,Movie,United States,2003,2016,PG,Kids & Family
s2379,George of the Jungle 2,Movie,Australia,2003,2016,PG,Kids & Family
s2380,Gerald's Game,Movie,United States,2017,2017,TV-MA,Adult (18+)
s2381,Geronimo Stilton,TV Show,Italy,2011,2017,TV-Y,Kids & Family
s2381,Geronimo Stilton,TV Show,Canada,2011,2017,TV-Y,Kids & Family
s2381,Geronimo Stilton,TV Show,France,2011,2017,TV-Y,Kids & Family
s2382,Get Even,TV Show,United Kingdom,2020,2020,TV-PG,Kids & Family
s2383,Get Him to the Greek,Movie,United States,2010,2020,R,Adult (18+)
s2384,Get In,Movie,France,2019,2020,TV-MA,Adult (18+)
s2384,Get In,Movie,Belgium,2019,2020,TV-MA,Adult (18+)
s2385,Get Me Roger Stone,Movie,United States,2017,2017,TV-MA,Adult (18+)
s2386,Get Organized with The Home Edit,TV Show,United States,2020,2020,TV-PG,Kids & Family
s2387,Get Santa,Movie,United Kingdom,2014,2014,PG,Kids & Family
s2387,Get Santa,Movie,United States,2014,2014,PG,Kids & Family
s2388,Get Shorty,TV Show,United States,2017,2018,TV-MA,Adult (18+)
s2389,Get Smart,Movie,United States,2008,2019,PG-13,Teens (13-17)
s2390,Getaway Plan,Movie,Spain,2016,2017,TV-MA,Adult (18+)
s2391,Getting Played,Movie,United States,2005,2019,PG-13,Teens (13-17)
s2392,Ghadi,Movie,Lebanon,2013,2020,TV-MA,Adult (18+)
s2393,Ghanchakkar,Movie,India,2013,2018,TV-MA,Adult (18+)
s2394,Ghayal,Movie,India,1990,2019,TV-14,Teens (13-17)
s2395,Ghost House,Movie,Thailand,2017,2017,TV-MA,Adult (18+)
s2395,Ghost House,Movie,United States,2017,2017,TV-MA,Adult (18+)
s2396,Ghost in the Shell: SAC_2045,TV Show,Japan,2020,2020,TV-14,Teens (13-17)
s2396,Ghost in the Shell: SAC_2045,TV Show,United States,2020,2020,TV-14,Teens (13-17)
s2397,Ghost of the Mountains,Movie,United States,2017,2017,G,Kids & Family
s2398,Ghost Pain,Movie,Japan,2013,2019,TV-MA,Adult (18+)
s2399,Ghost Patrol,Movie,Canada,2016,2017,TV-Y7,Kids & Family
s2400,Ghost Rider,Movie,United States,2007,2020,PG-13,Teens (13-17)
s2400,Ghost Rider,Movie,Australia,2007,2020,PG-13,Teens (13-17)
s2401,Ghost Stories,Movie,India,2020,2020,TV-MA,Adult (18+)
s2402,Ghost Tears,Movie,Japan,2014,2019,TV-MA,Adult (18+)
s2403,Ghost Town Gold,TV Show,United States,2012,2019,TV-14,Teens (13-17)
s2404,Ghost Whispers,Movie,Japan,2013,2019,TV-14,Teens (13-17)
s2405,Ghosts of Sugar Land,Movie,United States,2019,2019,TV-MA,Adult (18+)
s2406,Ghosts of War,Movie,United Kingdom,2020,2020,R,Adult (18+)
s2407,GHOUL,TV Show,India,2018,2018,TV-MA,Adult (18+)
s2408,Ghulam-E-Musthafa,Movie,India,1997,2019,TV-MA,Adult (18+)
s2409,Gie,Movie,Indonesia,2005,2018,TV-14,Teens (13-17)
s2410,Gigantosaurus,TV Show,United States,2019,2020,TV-Y,Kids & Family
s2411,Gigi,Movie,United States,1958,2019,G,Kids & Family
s2412,Gilmore Girls,TV Show,United States,2006,2017,TV-14,Teens (13-17)
s2413,Gilmore Girls: A Year in the Life,TV Show,United States,2016,2016,TV-14,Teens (13-17)
s2414,Gimme Shelter,Movie,United States,2013,2021,PG-13,Teens (13-17)
s2415,GIMS: On the Record,Movie,France,2020,2020,TV-MA,Adult (18+)
s2416,Gina Yashere: Laughing to America,Movie,Unknown Country,2013,2018,TV-MA,Adult (18+)
s2417,Gina Yashere: Skinny B*tch,Movie,United Kingdom,2008,2018,TV-MA,Adult (18+)
s2418,Ginger & Rosa,Movie,United Kingdom,2012,2018,PG-13,Teens (13-17)
s2418,Ginger & Rosa,Movie,Denmark,2012,2018,PG-13,Teens (13-17)
s2418,Ginger & Rosa,Movie,Canada,2012,2018,PG-13,Teens (13-17)
s2418,Ginger & Rosa,Movie,Croatia,2012,2018,PG-13,Teens (13-17)
s2419,Ginny Weds Sunny,Movie,India,2020,2020,TV-MA,Adult (18+)
s2420,Giri / Haji,TV Show,United Kingdom,2019,2020,TV-MA,Adult (18+)
s2421,Girl,Movie,Netherlands,2018,2019,R,Adult (18+)
s2421,Girl,Movie,Belgium,2018,2019,R,Adult (18+)
s2422,Girl from Nowhere,TV Show,Thailand,2018,2018,TV-MA,Adult (18+)
s2423,Girl on the Third Floor,Movie,United States,2019,2020,TV-MA,Adult (18+)
s2424,"Girl, Boy, Bakla, Tomboy",Movie,Philippines,2013,2019,TV-14,Teens (13-17)
s2425,Girl's Revenge,Movie,Taiwan,2020,2020,TV-MA,Adult (18+)
s2426,Girlboss,TV Show,United States,2017,2017,TV-MA,Adult (18+)
s2427,Girlfriend's Day,Movie,United States,2017,2017,TV-MA,Adult (18+)
s2428,Girlfriends,TV Show,United States,2007,2020,TV-14,Teens (13-17)
s2429,Girlfriends' Guide to Divorce,TV Show,United States,2019,2019,TV-MA,Adult (18+)
s2430,Girls Hostel,TV Show,India,2018,2019,TV-MA,Adult (18+)
s2431,Girls Incarcerated,TV Show,United States,2019,2019,TV-MA,Adult (18+)
s2432,Girls und Panzer,TV Show,Japan,2012,2019,TV-PG,Kids & Family
s2433,Girls und Panzer der Film,Movie,Japan,2015,2019,TV-MA,Adult (18+)
s2434,Girls With Balls,Movie,France,2019,2019,TV-MA,Adult (18+)
s2434,Girls With Balls,Movie,Belgium,2019,2019,TV-MA,Adult (18+)
s2435,Giving Voice,Movie,United States,2020,2020,PG-13,Teens (13-17)
s2436,Glee,TV Show,United States,2015,2015,TV-14,Teens (13-17)
s2437,Glitch,TV Show,Australia,2019,2019,TV-MA,Adult (18+)
s2438,Glitch Techs,TV Show,United States,2020,2020,TV-Y7,Kids & Family
s2439,Glitter Force,TV Show,Japan,2016,2016,TV-Y7,Kids & Family
s2440,Glitter Force Doki Doki,TV Show,Japan,2017,2017,TV-Y7,Kids & Family
s2441,GLOW,TV Show,United States,2019,2019,TV-MA,Adult (18+)
s2442,Glow Up,TV Show,United Kingdom,2020,2020,TV-14,Teens (13-17)
s2443,GLOW: The Story of the Gorgeous Ladies of Wrestling,Movie,United States,2012,2017,NR,Not Rated (NR)
s2444,Glowing Embers,TV Show,Unknown Country,2010,2017,TV-14,Teens (13-17)
s2445,Gnome Alone,Movie,United Kingdom,2018,2018,PG,Kids & Family
s2445,Gnome Alone,Movie,Canada,2018,2018,PG,Kids & Family
s2445,Gnome Alone,Movie,United States,2018,2018,PG,Kids & Family
s2445,Gnome Alone,Movie,Cayman Islands,2018,2018,PG,Kids & Family
s2446,Go Karts,Movie,Australia,2020,2020,TV-PG,Kids & Family
s2447,Go! Go! Cory Carson,TV Show,United States,2020,2020,TV-Y,Kids & Family
s2448,Go! Go! Cory Carson: The Chrissy,Movie,United States,2020,2020,TV-Y,Kids & Family
s2449,Go! Live Your Way,TV Show,Argentina,2019,2019,TV-PG,Kids & Family
s2450,GO! The Unforgettable Party,Movie,Argentina,2019,2019,TV-PG,Kids & Family
s2451,God Bless the Broken Road,Movie,United States,2018,2019,PG,Kids & Family
s2452,God Eater,TV Show,Japan,2015,2019,TV-14,Teens (13-17)
s2453,God Knows Where I Am,Movie,United States,2016,2018,TV-PG,Kids & Family
s2454,God of War,Movie,China,2017,2017,NR,Not Rated (NR)
s2454,God of War,Movie,Hong Kong,2017,2017,NR,Not Rated (NR)
s2455,God's Not Dead,Movie,United States,2014,2020,PG,Kids & Family
s2456,God's Not Dead: A Light in Darkness,Movie,United States,2018,2018,PG,Kids & Family
s2457,God's Own Country,Movie,United Kingdom,2017,2018,TV-MA,Adult (18+)
s2458,Godless,TV Show,United States,2017,2017,TV-MA,Adult (18+)
s2459,Godzilla,TV Show,Japan,2017,2018,TV-14,Teens (13-17)
s2460,GODZILLA City on the Edge of Battle,Movie,Japan,2018,2018,TV-14,Teens (13-17)
s2461,GODZILLA The Planet Eater,Movie,Japan,2018,2019,TV-PG,Kids & Family
s2462,Goedam,TV Show,South Korea,2020,2020,TV-MA,Adult (18+)
s2463,Going for Gold,Movie,Australia,2018,2018,TV-G,Kids & Family
s2464,Gol Maal,Movie,India,1979,2019,TV-PG,Kids & Family
s2465,Golden Time,Movie,Japan,2013,2017,TV-Y,Kids & Family
s2466,GoldenEye,Movie,United Kingdom,1995,2019,PG-13,Teens (13-17)
s2466,GoldenEye,Movie,United States,1995,2019,PG-13,Teens (13-17)
s2467,Goldie,Movie,United States,2019,2020,TV-MA,Adult (18+)
s2468,Goldie & Bear,TV Show,United States,2017,2018,TV-Y,Kids & Family
s2469,Goldstone,Movie,Australia,2016,2018,R,Adult (18+)
s2470,Gollu Aur Pappu,Movie,India,2014,2020,TV-14,Teens (13-17)
s2471,Golmaal Returns,Movie,India,2008,2020,TV-MA,Adult (18+)
s2472,Golmaal: Fun Unlimited,Movie,India,2006,2019,TV-14,Teens (13-17)
s2473,Gomorrah,TV Show,Italy,2016,2017,TV-MA,Adult (18+)
s2473,Gomorrah,TV Show,Germany,2016,2017,TV-MA,Adult (18+)
s2474,Gone are the Days,Movie,United States,2018,2019,R,Adult (18+)
s2475,Gonul,TV Show,Turkey,2015,2017,TV-14,Teens (13-17)
s2476,Good and Prosperous,Movie,Egypt,2017,2019,TV-14,Teens (13-17)
s2477,Good Burger,Movie,United States,1997,2021,PG,Kids & Family
s2478,Good Game: The Beginning,Movie,Turkey,2018,2020,TV-14,Teens (13-17)
s2479,Good Girls,TV Show,United States,2019,2019,TV-MA,Adult (18+)
s2480,Good Hair,Movie,United States,2009,2021,PG-13,Teens (13-17)
s2481,Good Kids,Movie,United States,2016,2017,R,Adult (18+)
s2482,Good Kill,Movie,United States,2014,2017,R,Adult (18+)
s2483,Good Kisser,Movie,United States,2019,2020,TV-MA,Adult (18+)
s2484,Good Luck,Movie,Egypt,2012,2019,TV-MA,Adult (18+)
s2485,Good Luck Chuck,Movie,United States,2007,2019,UR,Adult (18+)
s2485,Good Luck Chuck,Movie,Canada,2007,2019,UR,Adult (18+)
s2486,Good Morning Call,TV Show,Japan,2017,2017,TV-14,Teens (13-17)
s2487,"Good Morning, Verônica",TV Show,Brazil,2020,2020,TV-MA,Adult (18+)
s2488,"Good Night, and Good Luck",Movie,United States,2005,2019,PG,Kids & Family
s2488,"Good Night, and Good Luck",Movie,France,2005,2019,PG,Kids & Family
s2488,"Good Night, and Good Luck",Movie,United Kingdom,2005,2019,PG,Kids & Family
s2488,"Good Night, and Good Luck",Movie,Japan,2005,2019,PG,Kids & Family
s2489,Good People,Movie,United States,2014,2017,R,Adult (18+)
s2489,Good People,Movie,United Kingdom,2014,2017,R,Adult (18+)
s2489,Good People,Movie,Denmark,2014,2017,R,Adult (18+)
s2489,Good People,Movie,Sweden,2014,2017,R,Adult (18+)
s2490,Good Sam,Movie,United States,2019,2019,TV-PG,Kids & Family
s2491,Good Time,Movie,United States,2017,2020,R,Adult (18+)
s2492,Good Witch,TV Show,United States,2019,2020,TV-PG,Kids & Family
s2492,Good Witch,TV Show,Canada,2019,2020,TV-PG,Kids & Family
s2493,Goodbye My Wife,TV Show,South Korea,2012,2016,TV-14,Teens (13-17)
s2494,GoodFellas,Movie,United States,1990,2021,R,Adult (18+)
s2495,Goodnight DJ 1,TV Show,Unknown Country,2016,2018,TV-14,Teens (13-17)
s2496,Gook,Movie,United States,2017,2018,TV-MA,Adult (18+)
s2497,Goon,Movie,United States,2011,2017,R,Adult (18+)
s2497,Goon,Movie,Canada,2011,2017,R,Adult (18+)
s2498,Goon: Last of the Enforcers,Movie,Canada,2016,2017,R,Adult (18+)
s2499,Goosebumps,TV Show,Canada,1998,2014,TV-G,Kids & Family
s2500,Goosebumps 2: Haunted Halloween,Movie,United States,2018,2019,PG,Kids & Family
s2500,Goosebumps 2: Haunted Halloween,Movie,United Kingdom,2018,2019,PG,Kids & Family
s2501,Gori Tere Pyaar Mein,Movie,India,2013,2020,TV-14,Teens (13-17)
s2502,Gormiti,TV Show,Spain,2018,2020,TV-Y,Kids & Family
s2502,Gormiti,TV Show,Italy,2018,2020,TV-Y,Kids & Family
s2503,Gosford Park,Movie,United States,2001,2019,R,Adult (18+)
s2503,Gosford Park,Movie,United Kingdom,2001,2019,R,Adult (18+)
s2503,Gosford Park,Movie,Italy,2001,2019,R,Adult (18+)
s2504,Gossip Girl,TV Show,United States,2012,2013,TV-14,Teens (13-17)
s2505,Gotham,TV Show,United States,2019,2019,TV-MA,Adult (18+)
s2506,Gothika,Movie,United States,2003,2021,R,Adult (18+)
s2506,Gothika,Movie,France,2003,2021,R,Adult (18+)
s2506,Gothika,Movie,Canada,2003,2021,R,Adult (18+)
s2506,Gothika,Movie,Spain,2003,2021,R,Adult (18+)
s2507,Gour Hari Dastaan: The Freedom File,Movie,India,2015,2017,TV-14,Teens (13-17)
s2508,Goyo: The Boy General,Movie,Philippines,2018,2019,TV-MA,Adult (18+)
s2509,Grace and Frankie,TV Show,United States,2020,2020,TV-MA,Adult (18+)
s2510,Graceful Friends,TV Show,South Korea,2020,2020,TV-MA,Adult (18+)
s2511,Gran Torino,Movie,Germany,2008,2020,R,Adult (18+)
s2511,Gran Torino,Movie,United States,2008,2020,R,Adult (18+)
s2512,GRANBLUE FANTASY the Animation,TV Show,Japan,2017,2019,TV-PG,Kids & Family
s2513,Grand Army,TV Show,United States,2020,2020,TV-MA,Adult (18+)
s2514,Grand Designs,TV Show,United Kingdom,2017,2019,TV-14,Teens (13-17)
s2515,Grand Hotel,TV Show,Spain,2013,2017,TV-PG,Kids & Family
s2516,Grand Masti,Movie,India,2013,2018,TV-MA,Adult (18+)
s2517,Grand-Daddy Day Care,Movie,United States,2019,2019,PG-13,Teens (13-17)
s2518,Grandmaster,Movie,India,2012,2018,TV-14,Teens (13-17)
s2519,Grandmother's Farm,Movie,United Arab Emirates,2014,2020,TV-14,Teens (13-17)
s2520,Grandmother's Farm Part 2,Movie,United Arab Emirates,2015,2020,TV-14,Teens (13-17)
s2521,Grass,Movie,United States,2017,2019,TV-MA,Adult (18+)
s2522,Grass Is Greener,Movie,Unknown Country,2019,2019,TV-MA,Adult (18+)
s2523,Grease,Movie,United States,1978,2019,PG,Kids & Family
s2524,Great Interior Design Challenge,TV Show,United Kingdom,2016,2018,TV-PG,Kids & Family
s2525,Great News,TV Show,United States,2017,2018,TV-14,Teens (13-17)
s2526,Great Pretender,TV Show,Japan,2020,2020,TV-MA,Adult (18+)
s2527,Great Yellowstone Thaw,TV Show,United Kingdom,2017,2017,TV-PG,Kids & Family
s2528,Greater,Movie,United States,2016,2020,PG,Kids & Family
s2529,Greatest Events of WWII in Colour,TV Show,United Kingdom,2019,2019,TV-14,Teens (13-17)
s2530,Green Door,TV Show,Taiwan,2019,2019,TV-MA,Adult (18+)
s2531,Green Eggs and Ham,TV Show,United Kingdom,2019,2019,TV-Y7,Kids & Family
s2531,Green Eggs and Ham,TV Show,Canada,2019,2019,TV-Y7,Kids & Family
s2531,Green Eggs and Ham,TV Show,United States,2019,2019,TV-Y7,Kids & Family
s2532,Green Frontier,TV Show,Colombia,2019,2019,TV-MA,Adult (18+)
s2533,Green Room,Movie,United States,2015,2018,R,Adult (18+)
s2534,Green White Green (And All the Beautiful Colours in My Mosaic of Madness),Movie,Nigeria,2016,2018,TV-MA,Adult (18+)
s2535,Greenhouse Academy,TV Show,United States,2020,2020,TV-PG,Kids & Family
s2536,Greenleaf,TV Show,United States,2020,2020,TV-14,Teens (13-17)
s2537,Greg Davies: You Magnificent Beast,Movie,United Kingdom,2018,2018,TV-MA,Adult (18+)
s2538,Grego Rossello: Disculpe las molestias,Movie,Argentina,2019,2019,TV-MA,Adult (18+)
s2539,Grey's Anatomy,TV Show,United States,2019,2020,TV-14,Teens (13-17)
s2540,Gridlocked,Movie,Canada,2015,2016,R,Adult (18+)
s2541,Grillo vs Grillo,Movie,Italy,2017,2017,TV-MA,Adult (18+)
s2542,Gringo: The Dangerous Life of John McAfee,Movie,United States,2016,2018,TV-MA,Adult (18+)
s2543,Grizzlies,Movie,Canada,2018,2020,R,Adult (18+)
s2544,Grizzy et les Lemmings,TV Show,France,2018,2020,TV-Y,Kids & Family
s2545,Growing Up Coy,Movie,United States,2016,2017,TV-PG,Kids & Family
s2546,Growing Up Wild,Movie,United States,2016,2017,G,Kids & Family
s2547,Guatemala: Heart of the Mayan World,Movie,Uruguay,2019,2019,TV-G,Kids & Family
s2547,Guatemala: Heart of the Mayan World,Movie,Guatemala,2019,2019,TV-G,Kids & Family
s2548,Guest House,Movie,United States,2020,2020,R,Adult (18+)
s2549,Guillermo Vilas: Settling the Score,Movie,Argentina,2020,2020,TV-14,Teens (13-17)
s2550,Guilty,Movie,India,2020,2020,TV-MA,Adult (18+)
s2551,Gumrah,Movie,India,1993,2020,TV-14,Teens (13-17)
s2552,Gun City,Movie,Spain,2018,2018,TV-MA,Adult (18+)
s2552,Gun City,Movie,France,2018,2018,TV-MA,Adult (18+)
s2553,Gun Runners,Movie,Canada,2015,2017,TV-PG,Kids & Family
s2554,Guna 369,Movie,India,2019,2019,TV-MA,Adult (18+)
s2555,Gunjan Saxena: The Kargil Girl,Movie,India,2020,2020,TV-14,Teens (13-17)
s2556,Gunslinger Girl,TV Show,Japan,2008,,TV-14,Teens (13-17)
s2557,Gurgaon,Movie,India,2017,2018,TV-14,Teens (13-17)
s2558,Gurren Lagann,TV Show,Japan,2007,2017,TV-14,Teens (13-17)
s2559,Guru,Movie,India,2007,2018,TV-PG,Kids & Family
s2560,Guru Aur Bhole,TV Show,Unknown Country,2018,2019,TV-Y7,Kids & Family
s2561,Guy Martin: Last Flight of the Vulcan Bomber,Movie,United Kingdom,2015,2019,TV-G,Kids & Family
s2562,Guzaarish,Movie,India,2010,2018,TV-14,Teens (13-17)
s2563,Gypsy,TV Show,United States,2017,2017,TV-MA,Adult (18+)
s2563,Gypsy,TV Show,United Kingdom,2017,2017,TV-MA,Adult (18+)
s2564,H,TV Show,France,2002,2020,TV-MA,Adult (18+)
s2565,Héroes,Movie,Chile,2015,2018,TV-MA,Adult (18+)
s2566,Hükümet Kadin,Movie,Turkey,2013,2017,TV-MA,Adult (18+)
s2567,Hükümet Kadin 2,Movie,Turkey,2013,2017,TV-14,Teens (13-17)
s2568,H2O: Just Add Water,TV Show,Australia,2009,2020,TV-PG,Kids & Family
s2569,H2O: Mermaid Adventures,TV Show,Germany,2015,2015,TV-Y7,Kids & Family
s2569,H2O: Mermaid Adventures,TV Show,Australia,2015,2015,TV-Y7,Kids & Family
s2569,H2O: Mermaid Adventures,TV Show,France,2015,2015,TV-Y7,Kids & Family
s2569,H2O: Mermaid Adventures,TV Show,China,2015,2015,TV-Y7,Kids & Family
s2570,Ha Unlimited,TV Show,Unknown Country,2016,2018,TV-MA,Adult (18+)
s2571,Haani,Movie,India,2013,2018,TV-14,Teens (13-17)
s2572,Haapus,Movie,India,2010,2018,TV-14,Teens (13-17)
s2573,Habibie & Ainun,Movie,Indonesia,2012,2019,TV-14,Teens (13-17)
s2573,Habibie & Ainun,Movie,Singapore,2012,2019,TV-14,Teens (13-17)
s2574,Hache,TV Show,Spain,2019,2019,TV-MA,Adult (18+)
s2575,Hadi İnşallah,Movie,Turkey,2014,2018,TV-14,Teens (13-17)
s2576,Haider,Movie,India,2014,2018,TV-MA,Adult (18+)
s2577,Haikyu!!,TV Show,Japan,2015,2019,TV-14,Teens (13-17)
s2578,"Hail, Caesar!",Movie,United States,2016,2020,PG-13,Teens (13-17)
s2578,"Hail, Caesar!",Movie,United Kingdom,2016,2020,PG-13,Teens (13-17)
s2578,"Hail, Caesar!",Movie,Japan,2016,2020,PG-13,Teens (13-17)
s2579,Hairspray,Movie,United States,2007,2020,PG,Kids & Family
s2579,Hairspray,Movie,United Kingdom,2007,2020,PG,Kids & Family
s2579,Hairspray,Movie,Canada,2007,2020,PG,Kids & Family
s2580,Hajwala 2: Mysterious Mission,Movie,United Arab Emirates,2018,2019,TV-14,Teens (13-17)
s2581,Hajwala: The Missing Engine,Movie,United Arab Emirates,2016,2017,TV-PG,Kids & Family
s2582,Hakkunde,Movie,Nigeria,2017,2020,TV-14,Teens (13-17)
s2583,Half & Half,TV Show,United States,2005,2020,TV-14,Teens (13-17)
s2584,Half Girlfriend,Movie,India,2017,2020,TV-14,Teens (13-17)
s2585,Halkaa,Movie,India,2018,2018,TV-14,Teens (13-17)
s2586,HALO Legends,Movie,United States,2009,2017,PG-13,Teens (13-17)
s2586,HALO Legends,Movie,Japan,2009,2017,PG-13,Teens (13-17)
s2587,Halo: The Fall of Reach,Movie,United States,2015,2016,TV-14,Teens (13-17)
s2588,Halt and Catch Fire,TV Show,United States,2017,2017,TV-14,Teens (13-17)
s2589,Hamara Dil Aapke Paas Hai,Movie,India,2000,2018,TV-14,Teens (13-17)
s2590,Hamburger Hill,Movie,United States,1987,2019,R,Adult (18+)
s2591,Hamid,Movie,India,2018,2019,TV-MA,Adult (18+)
s2592,Hamza's Suitcase,Movie,Egypt,2017,2019,TV-14,Teens (13-17)
s2593,Handsome Devil,Movie,Ireland,2016,2017,TV-MA,Adult (18+)
s2594,Handsome Siblings,TV Show,China,2020,2020,TV-14,Teens (13-17)
s2595,Handsome: A Netflix Mystery Movie,Movie,United States,2017,2017,TV-MA,Adult (18+)
s2596,Hangar 1: The UFO Files,TV Show,Unknown Country,2014,2020,TV-PG,Kids & Family
s2597,Hangman,Movie,United States,2017,2020,R,Adult (18+)
s2598,Hank: Five Years from the Brink,Movie,United States,2013,2018,TV-14,Teens (13-17)
s2599,Hannah Gadsby: Douglas,Movie,Australia,2020,2020,TV-MA,Adult (18+)
s2600,Hannah Gadsby: Nanette,Movie,Australia,2018,2018,TV-MA,Adult (18+)
s2601,Hannibal,TV Show,United States,2015,2020,TV-MA,Adult (18+)
s2602,Hannibal Buress: Comedy Camisado,Movie,United States,2016,2016,TV-MA,Adult (18+)
s2603,Hans Teeuwen: Real Rancour,Movie,Netherlands,2018,2017,TV-MA,Adult (18+)
s2604,Hans Zimmer: Live in Prague,Movie,United Kingdom,2017,2018,TV-G,Kids & Family
s2605,Hantu Kak Limah,Movie,Malaysia,2018,2019,TV-PG,Kids & Family
s2606,Hap and Leonard,TV Show,United States,2018,2019,TV-MA,Adult (18+)
s2607,Happy 300 Days,TV Show,Taiwan,2013,2017,TV-14,Teens (13-17)
s2608,Happy And,TV Show,South Korea,2012,2016,TV-14,Teens (13-17)
s2609,Happy Anniversary,Movie,United States,2018,2018,TV-MA,Adult (18+)
s2610,Happy as Lazzaro,Movie,Italy,2018,2018,PG-13,Teens (13-17)
s2610,Happy as Lazzaro,Movie,Switzerland,2018,2018,PG-13,Teens (13-17)
s2610,Happy as Lazzaro,Movie,France,2018,2018,PG-13,Teens (13-17)
s2610,Happy as Lazzaro,Movie,Germany,2018,2018,PG-13,Teens (13-17)
s2611,Happy Go Lucky,Movie,India,2014,2018,TV-14,Teens (13-17)
s2612,Happy Hunting,Movie,United States,2017,2018,TV-MA,Adult (18+)
s2613,Happy Jail,TV Show,Unknown Country,2019,2019,TV-MA,Adult (18+)
s2614,Happy New Year,Movie,India,2014,2017,TV-14,Teens (13-17)
s2615,Happy Old Year,Movie,Thailand,2019,2020,TV-MA,Adult (18+)
s2616,Happy Times,Movie,Mexico,2014,2017,NR,Not Rated (NR)
s2617,Happy Valley,TV Show,United Kingdom,2016,2016,TV-MA,Adult (18+)
s2618,Happy!,TV Show,United States,2019,2020,TV-MA,Adult (18+)
s2619,Happyish,TV Show,United States,2015,2016,TV-MA,Adult (18+)
s2620,Har Kisse Ke Hisse: Kaamyaab,Movie,India,2020,2020,TV-14,Teens (13-17)
s2621,Haraamkhor,Movie,India,2015,2017,TV-14,Teens (13-17)
s2622,Hard Kill,Movie,United States,2020,2020,R,Adult (18+)
s2623,Hard Lessons,Movie,United States,1986,2011,TV-14,Teens (13-17)
s2624,Hard Tide,Movie,United Kingdom,2015,2017,TV-MA,Adult (18+)
s2625,Hardcore Henry,Movie,Russia,2015,2020,R,Adult (18+)
s2625,Hardcore Henry,Movie,United States,2015,2020,R,Adult (18+)
s2625,Hardcore Henry,Movie,China,2015,2020,R,Adult (18+)
s2626,Hardy Bucks,TV Show,Ireland,2018,2019,TV-MA,Adult (18+)
s2627,Hari Kondabolu: Warn Your Relatives,Movie,United States,2018,2018,TV-MA,Adult (18+)
s2628,Harishchandrachi Factory,Movie,India,2009,2018,TV-PG,Kids & Family
s2629,Harith Iskander: I Told You So,Movie,United States,2018,2018,TV-14,Teens (13-17)
s2630,Harlem Globetrotters: The Team That Changed the World,Movie,Unknown Country,2005,2019,TV-14,Teens (13-17)
s2631,Harold & Kumar Escape from Guantanamo Bay,Movie,United States,2008,2019,R,Adult (18+)
s2632,Harold & Kumar Go to White Castle,Movie,United States,2004,2020,R,Adult (18+)
s2632,Harold & Kumar Go to White Castle,Movie,Canada,2004,2020,R,Adult (18+)
s2632,Harold & Kumar Go to White Castle,Movie,Germany,2004,2020,R,Adult (18+)
s2633,Harold and Lillian: A Hollywood Love Story,Movie,United States,2015,2018,TV-14,Teens (13-17)
s2634,Harold Shipman - Driven to Kill,TV Show,United Kingdom,2014,2019,TV-14,Teens (13-17)
s2635,Harriet the Spy: Blog Wars,Movie,United States,2010,2018,TV-G,Kids & Family
s2635,Harriet the Spy: Blog Wars,Movie,Canada,2010,2018,TV-G,Kids & Family
s2636,Harry & Bunnie,TV Show,Malaysia,2017,2017,TV-Y7,Kids & Family
s2637,Harry and Snowman,Movie,United States,2015,2017,TV-PG,Kids & Family
s2638,Harry Benson: Shoot First,Movie,United States,2016,2017,NR,Not Rated (NR)
s2639,Hart of Dixie,TV Show,United States,2014,2015,TV-PG,Kids & Family
s2640,Harud,Movie,India,2010,2016,TV-MA,Adult (18+)
s2641,Harvey Street Kids,TV Show,United States,2020,2020,TV-Y7,Kids & Family
s2642,Hasan Minhaj: Homecoming King,Movie,Unknown Country,2017,2017,TV-MA,Adult (18+)
s2643,Hasee Toh Phasee,Movie,India,2014,2020,TV-14,Teens (13-17)
s2644,Haseena Maan Jaayegi,Movie,India,1999,2018,TV-PG,Kids & Family
s2645,Hashoter Hatov,TV Show,Israel,2015,2018,TV-MA,Adult (18+)
s2646,Hasmukh,TV Show,India,2020,2020,TV-MA,Adult (18+)
s2647,Hasta los dientes,Movie,Mexico,2018,2019,TV-MA,Adult (18+)
s2648,Hatchimals | Adventures in Hatchtopia,TV Show,United States,2018,2019,TV-Y,Kids & Family
s2649,Haters Back Off,TV Show,United States,2017,2017,TV-PG,Kids & Family
s2650,Hati Perempuan,TV Show,Indonesia,2015,2017,TV-14,Teens (13-17)
s2651,Hattrick,Movie,India,2007,2018,TV-14,Teens (13-17)
s2652,Haunted,TV Show,United States,2019,2019,TV-MA,Adult (18+)
s2652,Haunted,TV Show,Czech Republic,2019,2019,TV-MA,Adult (18+)
s2653,Haunted House,TV Show,Unknown Country,2017,2018,TV-G,Kids & Family
s2654,Haunters: The Art of the Scare,Movie,United States,2017,2018,TV-MA,Adult (18+)
s2655,Haunting on Fraternity Row,Movie,United States,2018,2019,TV-MA,Adult (18+)
s2656,Have a Good Trip: Adventures in Psychedelics,Movie,United States,2020,2020,TV-MA,Adult (18+)
s2657,"Have You Ever Fallen in Love, Miss Jiang?",TV Show,Unknown Country,2016,2017,TV-14,Teens (13-17)
s2658,Have You Seen the Listers?,Movie,Australia,2017,2019,TV-MA,Adult (18+)
s2659,Haven,TV Show,Canada,2015,2015,TV-14,Teens (13-17)
s2659,Haven,TV Show,United States,2015,2015,TV-14,Teens (13-17)
s2660,Havenhurst,Movie,United States,2016,2017,TV-MA,Adult (18+)
s2661,Hawaizaada,Movie,India,2015,2020,TV-14,Teens (13-17)
s2662,Hayat Öpücügü,Movie,Turkey,2015,2017,TV-14,Teens (13-17)
s2663,Haywire,Movie,Ireland,2011,2020,R,Adult (18+)
s2663,Haywire,Movie,United States,2011,2020,R,Adult (18+)
s2664,Hazaaron Khwaishein Aisi,Movie,India,2003,2019,TV-MA,Adult (18+)
s2664,Hazaaron Khwaishein Aisi,Movie,France,2003,2019,TV-MA,Adult (18+)
s2665,Hazel Brugger: Tropical,Movie,Germany,2020,2020,TV-MA,Adult (18+)
s2666,He Even Has Your Eyes,Movie,France,2016,2017,TV-MA,Adult (18+)
s2666,He Even Has Your Eyes,Movie,Belgium,2016,2017,TV-MA,Adult (18+)
s2667,He Named Me Malala,Movie,United States,2015,2018,PG-13,Teens (13-17)
s2667,He Named Me Malala,Movie,United Arab Emirates,2015,2018,PG-13,Teens (13-17)
s2668,He Never Died,Movie,Canada,2015,2016,R,Adult (18+)
s2669,He's Out There,Movie,United States,2018,2019,R,Adult (18+)
s2670,Head Count,Movie,United States,2018,2019,TV-MA,Adult (18+)
s2671,Head On,Movie,Australia,1998,2018,TV-MA,Adult (18+)
s2672,Headshot,Movie,Indonesia,2016,2017,TV-MA,Adult (18+)
s2673,Headspace Guide to Meditation,TV Show,United States,2021,2021,TV-G,Kids & Family
s2674,Headwinds,Movie,France,2011,2017,TV-MA,Adult (18+)
s2674,Headwinds,Movie,Belgium,2011,2017,TV-MA,Adult (18+)
s2675,Heal,Movie,United States,2017,2019,TV-14,Teens (13-17)
s2676,Heart & Soul,TV Show,Unknown Country,2019,2020,TV-14,Teens (13-17)
s2677,Heartbreak High,TV Show,Australia,1999,2020,TV-14,Teens (13-17)
s2678,Heartbreakers,Movie,United States,2001,2019,PG-13,Teens (13-17)
s2679,Heartland,TV Show,Canada,2017,2019,TV-14,Teens (13-17)
s2680,Heartthrob,Movie,United States,2017,2018,TV-MA,Adult (18+)
s2681,Heaven Without People,Movie,Lebanon,2017,2020,TV-MA,Adult (18+)
s2682,Heaven's Garden,TV Show,South Korea,2011,2016,TV-MA,Adult (18+)
s2683,Heavy Rescue: 401,TV Show,Canada,2018,2018,TV-MA,Adult (18+)
s2684,Hedgehogs,Movie,United States,2016,2019,PG,Kids & Family
s2684,Hedgehogs,Movie,China,2016,2019,PG,Kids & Family
s2685,Heidi,TV Show,France,2020,2020,TV-Y7,Kids & Family
s2685,Heidi,TV Show,Australia,2020,2020,TV-Y7,Kids & Family
s2685,Heidi,TV Show,Germany,2020,2020,TV-Y7,Kids & Family
s2686,"Heidi, bienvenida a casa",TV Show,Argentina,2017,2019,TV-Y,Kids & Family
s2687,Helios,Movie,Hong Kong,2015,2018,TV-14,Teens (13-17)
s2687,Helios,Movie,China,2015,2018,TV-14,Teens (13-17)
s2687,Helios,Movie,United States,2015,2018,TV-14,Teens (13-17)
s2688,Helix,TV Show,United States,2015,2018,TV-MA,Adult (18+)
s2688,Helix,TV Show,Canada,2015,2018,TV-MA,Adult (18+)
s2689,Hell and Back,Movie,United States,2015,2018,R,Adult (18+)
s2690,Hell on Wheels,TV Show,Canada,2016,2016,TV-14,Teens (13-17)
s2690,Hell on Wheels,TV Show,United Kingdom,2016,2016,TV-14,Teens (13-17)
s2691,Hell or High Water,Movie,United States,2016,2019,R,Adult (18+)
s2692,Hellboy,Movie,United States,2004,2018,PG-13,Teens (13-17)
s2693,Hello Brother,Movie,India,1999,2021,TV-14,Teens (13-17)
s2694,Hello Ninja,TV Show,United States,2020,2020,TV-Y,Kids & Family
s2695,"Hello, Love, Goodbye",Movie,Philippines,2019,2020,TV-14,Teens (13-17)
s2696,"Hello, My Twenties!",TV Show,South Korea,2017,2017,TV-MA,Adult (18+)
s2697,"Hello, Privilege. It's Me, Chelsea",Movie,United States,2019,2019,TV-MA,Adult (18+)
s2698,Hemlock Grove,TV Show,United States,2015,2015,TV-MA,Adult (18+)
s2699,Heneral Luna,Movie,Philippines,2015,2018,R,Adult (18+)
s2700,Henry Danger,TV Show,United States,2016,2021,TV-G,Kids & Family
s2701,Her,Movie,United States,2013,2018,R,Adult (18+)
s2702,Her Mother's Killer,TV Show,Colombia,2020,2020,TV-MA,Adult (18+)
s2703,Her Only Choice,Movie,United States,2018,2019,TV-14,Teens (13-17)
s2704,Hera Pheri,Movie,India,1976,2019,TV-14,Teens (13-17)
s2705,Here Alone,Movie,United States,2016,2017,TV-MA,Adult (18+)
s2706,Here to Heart,TV Show,China,2018,2018,TV-14,Teens (13-17)
s2707,Heritages,Movie,Lebanon,2014,2020,TV-14,Teens (13-17)
s2707,Heritages,Movie,United Arab Emirates,2014,2020,TV-14,Teens (13-17)
s2707,Heritages,Movie,France,2014,2020,TV-14,Teens (13-17)
s2707,Heritages,Movie,Switzerland,2014,2020,TV-14,Teens (13-17)
s2707,Heritages,Movie,Germany,2014,2020,TV-14,Teens (13-17)
s2708,Hero,Movie,Hong Kong,1997,2018,TV-MA,Adult (18+)
s2708,Hero,Movie,China,1997,2018,TV-MA,Adult (18+)
s2709,HERO MASK,TV Show,Unknown Country,2019,2019,TV-14,Teens (13-17)
s2710,Heroes Wanted,Movie,Spain,2016,2017,TV-MA,Adult (18+)
s2711,Heroin(e),Movie,United States,2017,2017,TV-14,Teens (13-17)
s2712,Heroine,Movie,India,2012,2018,TV-MA,Adult (18+)
s2713,Herrens veje,TV Show,Denmark,2018,2019,TV-MA,Adult (18+)
s2714,Hey Arnold! The Jungle Movie,Movie,United States,2017,2019,TV-PG,Kids & Family
s2714,Hey Arnold! The Jungle Movie,Movie,South Korea,2017,2019,TV-PG,Kids & Family
s2714,Hey Arnold! The Jungle Movie,Movie,Japan,2017,2019,TV-PG,Kids & Family
s2715,"Hi Bye, Mama!",TV Show,South Korea,2020,2020,TV-14,Teens (13-17)
s2716,Hi Score Girl,TV Show,Japan,2019,2020,TV-14,Teens (13-17)
s2717,Hibana: Spark,TV Show,Japan,2016,2016,TV-MA,Adult (18+)
s2718,Hickok,Movie,United States,2017,2020,TV-MA,Adult (18+)
s2719,Hidden in Plain Sight,Movie,United States,2019,2020,TV-14,Teens (13-17)
s2720,Hidden Singer,TV Show,South Korea,2015,2017,TV-Y7,Kids & Family
s2721,Hidden Worlds,TV Show,Egypt,2018,2019,TV-14,Teens (13-17)
s2722,Hide & Seek,Movie,India,2010,2018,TV-14,Teens (13-17)
s2723,Hide and Seek,Movie,China,2016,2017,TV-14,Teens (13-17)
s2724,High & Low The Movie,Movie,Japan,2016,2020,TV-MA,Adult (18+)
s2725,High & Low The Movie 2 / End of Sky,Movie,Japan,2017,2020,TV-MA,Adult (18+)
s2726,High & Low The Movie 3 / Final Mission,Movie,Japan,2017,2020,TV-MA,Adult (18+)
s2727,High & Low The Red Rain,Movie,Japan,2016,2020,TV-MA,Adult (18+)
s2728,High & Low The Worst,Movie,Unknown Country,2019,2020,TV-MA,Adult (18+)
s2729,High End Yaariyan,Movie,India,2019,2019,TV-14,Teens (13-17)
s2730,High Flying Bird,Movie,United States,2019,2019,TV-MA,Adult (18+)
s2731,High Risk,TV Show,United States,1988,2017,TV-PG,Kids & Family
s2732,High Score,TV Show,United States,2020,2020,TV-14,Teens (13-17)
s2733,High Seas,TV Show,Spain,2020,2020,TV-MA,Adult (18+)
s2734,High Society,Movie,South Korea,2018,2019,TV-MA,Adult (18+)
s2735,High Strung Free Dance,Movie,Romania,2019,2020,TV-14,Teens (13-17)
s2735,High Strung Free Dance,Movie,United States,2019,2020,TV-14,Teens (13-17)
s2736,Highland: Thailand's Marijuana Awakening,TV Show,Thailand,2017,2017,TV-MA,Adult (18+)
s2737,Highly Strung,Movie,Australia,2015,2017,TV-14,Teens (13-17)
s2738,Highway,Movie,India,2014,2018,TV-14,Teens (13-17)
s2739,Highway Thru Hell,TV Show,Canada,2016,2019,TV-PG,Kids & Family
s2740,Highway to Heaven,TV Show,United States,1988,2016,TV-PG,Kids & Family
s2741,Hikaru Utada Laughter in the Dark Tour 2018,Movie,Japan,2018,2019,TV-PG,Kids & Family
s2742,Hilda,TV Show,United Kingdom,2021,2020,TV-Y7,Kids & Family
s2742,Hilda,TV Show,Canada,2021,2020,TV-Y7,Kids & Family
s2742,Hilda,TV Show,United States,2021,2020,TV-Y7,Kids & Family
s2743,Hillbilly Elegy,Movie,United States,2020,2020,R,Adult (18+)
s2744,Himmatwala,Movie,India,2013,2018,TV-14,Teens (13-17)
s2745,Hinterland,TV Show,United Kingdom,2016,2017,TV-14,Teens (13-17)
s2746,Hip-Hop Evolution,TV Show,Canada,2020,2020,TV-MA,Adult (18+)
s2747,Hiroshima: The Real History,Movie,United Kingdom,2015,2017,TV-PG,Kids & Family
s2748,His House,Movie,United Kingdom,2020,2020,TV-14,Teens (13-17)
s2749,Hisss,Movie,India,2010,2017,TV-MA,Adult (18+)
s2749,Hisss,Movie,United States,2010,2017,TV-MA,Adult (18+)
s2750,Historia de un clan,TV Show,Argentina,2015,2017,TV-MA,Adult (18+)
s2751,Historical Roasts,TV Show,United States,2019,2019,TV-MA,Adult (18+)
s2752,History 101,TV Show,United Kingdom,2020,2020,TV-14,Teens (13-17)
s2753,History of Joy,Movie,India,2017,2018,TV-14,Teens (13-17)
s2754,History of Swear Words,TV Show,United States,2021,2021,TV-MA,Adult (18+)
s2755,History's Greatest Hoaxes,TV Show,Australia,2016,2019,TV-PG,Kids & Family
s2756,Hit & Run,Movie,United States,2012,2019,R,Adult (18+)
s2757,Hitch,Movie,United States,2005,2020,PG-13,Teens (13-17)
s2758,Hitler - A Career,Movie,West Germany,1977,2017,TV-MA,Adult (18+)
s2759,Hitler's Circle of Evil,TV Show,United Kingdom,2017,2018,TV-14,Teens (13-17)
s2760,Hitler's Olympics,Movie,United Kingdom,2016,2016,TV-PG,Kids & Family
s2761,Hitler's Steel Beast,Movie,France,2017,2017,TV-14,Teens (13-17)
s2762,Hjørdis,TV Show,Denmark,2015,2019,TV-MA,Adult (18+)
s2763,Ho Mann Jahaan,Movie,Pakistan,2015,2017,TV-PG,Kids & Family
s2764,Hoarders,TV Show,Unknown Country,2019,2020,TV-PG,Kids & Family
s2765,Hoff the Record,TV Show,United Kingdom,2016,2017,TV-MA,Adult (18+)
s2766,Hogie the Globehopper,TV Show,United States,2016,2017,TV-Y,Kids & Family
s2767,Hokkabaz,Movie,Turkey,2006,2017,TV-MA,Adult (18+)
s2768,Hold the Dark,Movie,United States,2018,2018,TV-MA,Adult (18+)
s2769,Holding the Man,Movie,Australia,2015,2016,TV-MA,Adult (18+)
s2770,Hole in the Wall,Movie,South Africa,2016,2020,TV-MA,Adult (18+)
s2771,Holidate,Movie,United States,2020,2020,TV-MA,Adult (18+)
s2772,Holiday Home Makeover with Mr. Christmas,TV Show,United States,2020,2020,TV-G,Kids & Family
s2773,Holiday in the Wild,Movie,United States,2019,2019,TV-PG,Kids & Family
s2774,Holiday Rush,Movie,United States,2019,2019,TV-PG,Kids & Family
s2775,Holiday Secrets,TV Show,Germany,2019,2019,TV-MA,Adult (18+)
s2776,Holidays,Movie,United States,2016,2016,TV-MA,Adult (18+)
s2776,Holidays,Movie,Ireland,2016,2016,TV-MA,Adult (18+)
s2777,Holly Star,Movie,United States,2018,2019,PG,Kids & Family
s2778,Hollywood,TV Show,United States,2020,2020,TV-MA,Adult (18+)
s2779,Holy Camp!,Movie,Spain,2017,2018,TV-MA,Adult (18+)
s2780,Holy Expectations,Movie,Unknown Country,2019,2019,TV-14,Teens (13-17)
s2781,Holy Goalie,Movie,Spain,2017,2018,TV-MA,Adult (18+)
s2782,Holy Hell,Movie,United States,2016,2016,NR,Not Rated (NR)
s2783,Holy Man 2,Movie,Thailand,2008,2018,TV-14,Teens (13-17)
s2784,Holy Man 3,Movie,Thailand,2010,2018,TV-MA,Adult (18+)
s2785,Hombanna,Movie,India,2017,2018,TV-14,Teens (13-17)
s2786,Home for Christmas,TV Show,Norway,2020,2020,TV-MA,Adult (18+)
s2787,Home Game,TV Show,United States,2020,2020,TV-MA,Adult (18+)
s2788,Home Is Where the Killer Is,Movie,United States,2019,2019,TV-14,Teens (13-17)
s2789,Home: Adventures with Tip & Oh,TV Show,United States,2018,2018,TV-Y7,Kids & Family
s2790,HOMECOMING: A film by Beyoncé,Movie,Unknown Country,2019,2019,TV-MA,Adult (18+)
s2791,Homeland,Movie,Unknown Country,2019,2019,TV-PG,Kids & Family
s2792,Homemade,TV Show,Chile,2020,2020,TV-MA,Adult (18+)
s2792,Homemade,TV Show,Italy,2020,2020,TV-MA,Adult (18+)
s2793,Hometown Holiday,Movie,Canada,2018,2020,TV-G,Kids & Family
s2794,Honey 2,Movie,United States,2011,2019,PG-13,Teens (13-17)
s2795,Honey: Rise Up and Dance,Movie,United States,2018,2018,PG-13,Teens (13-17)
s2796,Honeymoon Travels Pvt. Ltd.,Movie,India,2007,2019,TV-14,Teens (13-17)
s2797,Honeytrap,Movie,United Kingdom,2014,2020,TV-MA,Adult (18+)
s2798,Hong Kong West Side Stories,TV Show,Hong Kong,2018,2019,TV-MA,Adult (18+)
s2799,Hoodwinked Too! Hood vs. Evil,Movie,United States,2011,2018,PG,Kids & Family
s2800,Hook,Movie,United States,1991,2021,PG,Kids & Family
s2801,Hoops,TV Show,United States,2020,2020,TV-MA,Adult (18+)
s2802,Hop,Movie,United States,2011,2020,PG,Kids & Family
s2803,Hope Aur Hum,Movie,India,2018,2018,TV-14,Teens (13-17)
s2804,Hope Frozen: A Quest to Live Twice,Movie,Thailand,2020,2020,TV-PG,Kids & Family
s2804,Hope Frozen: A Quest to Live Twice,Movie,United States,2020,2020,TV-PG,Kids & Family
s2805,Hope Springs Eternal,Movie,United States,2018,2018,PG,Kids & Family
s2806,Hope: One in a Billion,Movie,United States,2017,2019,TV-14,Teens (13-17)
s2806,Hope: One in a Billion,Movie,South Africa,2017,2019,TV-14,Teens (13-17)
s2807,Hormones,TV Show,Thailand,2015,2018,TV-MA,Adult (18+)
s2808,Horns,Movie,United States,2013,2019,R,Adult (18+)
s2808,Horns,Movie,Canada,2013,2019,R,Adult (18+)
s2809,Horrid Henry,TV Show,United Kingdom,2019,2019,TV-Y7,Kids & Family
s2810,Horrid Henry's Gross Day Out,Movie,United Kingdom,2020,2020,TV-Y,Kids & Family
s2811,Horror Homes,TV Show,United Kingdom,2016,2019,TV-14,Teens (13-17)
s2812,Horror Story,Movie,India,2013,2019,TV-14,Teens (13-17)
s2813,Horse Girl,Movie,United States,2020,2020,R,Adult (18+)
s2814,Hospital Playlist,TV Show,South Korea,2020,2020,TV-MA,Adult (18+)
s2815,Hostage to the Devil,Movie,Ireland,2016,2017,TV-14,Teens (13-17)
s2815,Hostage to the Devil,Movie,United Kingdom,2016,2017,TV-14,Teens (13-17)
s2815,Hostage to the Devil,Movie,Italy,2016,2017,TV-14,Teens (13-17)
s2815,Hostage to the Devil,Movie,United States,2016,2017,TV-14,Teens (13-17)
s2816,Hostages,Movie,Unknown Country,2017,2018,TV-PG,Kids & Family
s2817,Hostiles,Movie,United States,2017,2018,R,Adult (18+)
s2818,Hot Bot,Movie,United States,2016,2016,NR,Not Rated (NR)
s2819,Hot Date,TV Show,United States,2018,2018,TV-MA,Adult (18+)
s2820,Hot Gimmick: Girl Meets Boy,Movie,Japan,2019,2019,TV-MA,Adult (18+)
s2821,Hot Girls Wanted,Movie,United States,2015,2015,TV-MA,Adult (18+)
s2822,Hot Girls Wanted: Turned On,TV Show,United States,2017,2017,TV-MA,Adult (18+)
s2823,Hot Property,Movie,United Kingdom,2016,2017,TV-MA,Adult (18+)
s2824,Hot Rod,Movie,United States,2007,2019,PG-13,Teens (13-17)
s2825,Hot Sweet Sour,Movie,Turkey,2017,2020,TV-14,Teens (13-17)
s2826,Hotel Beau Séjour,TV Show,Belgium,2017,2017,TV-14,Teens (13-17)
s2827,Hotel for Dogs,Movie,Germany,2009,2020,PG,Kids & Family
s2827,Hotel for Dogs,Movie,United States,2009,2020,PG,Kids & Family
s2828,Hotel Pacific,Movie,Poland,1975,2019,TV-MA,Adult (18+)
s2829,Hotel Transylvania,TV Show,United States,2017,2018,TV-Y7,Kids & Family
s2829,Hotel Transylvania,TV Show,Canada,2017,2018,TV-Y7,Kids & Family
s2830,Hotel Transylvania 3: Summer Vacation,Movie,United States,2018,2019,PG,Kids & Family
s2831,House Arrest,Movie,India,2019,2019,TV-14,Teens (13-17)
s2832,House at the End of the Street,Movie,United States,2012,2020,PG-13,Teens (13-17)
s2832,House at the End of the Street,Movie,Canada,2012,2020,PG-13,Teens (13-17)
s2833,House of Cards,TV Show,United States,2018,2018,TV-MA,Adult (18+)
s2834,House of the Witch,Movie,United States,2017,2020,TV-MA,Adult (18+)
s2835,House of Z,Movie,United States,2016,2018,TV-14,Teens (13-17)
s2835,House of Z,Movie,Canada,2016,2018,TV-14,Teens (13-17)
s2836,"Houston, We Have a Problem!",Movie,Slovenia,2016,2017,TV-14,Teens (13-17)
s2836,"Houston, We Have a Problem!",Movie,Croatia,2016,2017,TV-14,Teens (13-17)
s2836,"Houston, We Have a Problem!",Movie,Germany,2016,2017,TV-14,Teens (13-17)
s2836,"Houston, We Have a Problem!",Movie,Czech Republic,2016,2017,TV-14,Teens (13-17)
s2836,"Houston, We Have a Problem!",Movie,Qatar,2016,2017,TV-14,Teens (13-17)
s2837,How High 2,Movie,United States,2019,2019,TV-MA,Adult (18+)
s2838,How It Ends,Movie,United States,2018,2018,TV-MA,Adult (18+)
s2839,How the Beatles Changed the World,Movie,United States,2017,2018,TV-PG,Kids & Family
s2839,How the Beatles Changed the World,Movie,United Kingdom,2017,2018,TV-PG,Kids & Family
s2840,How the Grinch Stole Christmas,Movie,United States,2000,2017,PG,Kids & Family
s2841,How to Be a Latin Lover,Movie,Mexico,2017,2019,PG-13,Teens (13-17)
s2841,How to Be a Latin Lover,Movie,United States,2017,2019,PG-13,Teens (13-17)
s2842,How to Be a Player,Movie,United States,1997,2019,R,Adult (18+)
s2843,How to Change the World,Movie,Canada,2015,2016,NR,Not Rated (NR)
s2843,How to Change the World,Movie,United Kingdom,2015,2016,NR,Not Rated (NR)
s2843,How to Change the World,Movie,Netherlands,2015,2016,NR,Not Rated (NR)
s2844,How to Fix a Drug Scandal,TV Show,United States,2020,2020,TV-MA,Adult (18+)
s2845,How to Get Away with Murder,TV Show,United States,2020,2020,TV-14,Teens (13-17)
s2846,How to Get Over a Breakup,Movie,Peru,2018,2018,TV-MA,Adult (18+)
s2847,How to Live Mortgage Free with Sarah Beeny,TV Show,Unknown Country,2018,2018,TV-MA,Adult (18+)
s2848,How to Make an American Quilt,Movie,United States,1995,2018,PG-13,Teens (13-17)
s2849,How To Ruin Christmas,TV Show,South Africa,2020,2020,TV-MA,Adult (18+)
s2850,How to Sell Drugs Online (Fast),TV Show,Germany,2020,2020,TV-MA,Adult (18+)
s2851,How to Stage a Coup,Movie,United Kingdom,2017,2017,TV-14,Teens (13-17)
s2852,How to Train Your Dragon 2,Movie,United States,2014,2020,PG,Kids & Family
s2853,How to Win the US Presidency,Movie,United States,2016,2016,TV-PG,Kids & Family
s2854,Howards End,Movie,United Kingdom,1992,2017,PG,Kids & Family
s2854,Howards End,Movie,Japan,1992,2017,PG,Kids & Family
s2854,Howards End,Movie,United States,1992,2017,PG,Kids & Family
s2855,Hridaynath,Movie,India,2012,2018,TV-14,Teens (13-17)
s2856,Hubie Halloween,Movie,United States,2020,2020,PG-13,Teens (13-17)
s2857,Huge in France,TV Show,United States,2019,2019,TV-MA,Adult (18+)
s2858,Hugo,Movie,United Kingdom,2011,2020,PG,Kids & Family
s2858,Hugo,Movie,United States,2011,2020,PG,Kids & Family
s2858,Hugo,Movie,France,2011,2020,PG,Kids & Family
s2859,Hulk Vs.,Movie,United States,2009,2020,PG-13,Teens (13-17)
s2860,Hum Aapke Hain Koun,Movie,India,1994,2020,TV-14,Teens (13-17)
s2861,Hum Saath-Saath Hain,Movie,India,1999,2018,TV-G,Kids & Family
s2862,Human Nature,Movie,United States,2019,2020,TV-PG,Kids & Family
s2863,Humko Deewana Kar Gaye,Movie,India,2006,2017,TV-PG,Kids & Family
s2864,Humpty Sharma Ki Dulhania,Movie,India,2014,2020,TV-14,Teens (13-17)
s2865,Humsafar,TV Show,Pakistan,2011,2016,TV-PG,Kids & Family
s2866,Hungerford,Movie,United Kingdom,2014,2018,TV-MA,Adult (18+)
s2867,Hunt for the Wilderpeople,Movie,New Zealand,2016,2020,PG-13,Teens (13-17)
s2868,Hunt to Kill,Movie,Canada,2010,2020,R,Adult (18+)
s2869,Hunter in the Blue Side of Manchester,Movie,Indonesia,2020,2020,TV-MA,Adult (18+)
s2869,Hunter in the Blue Side of Manchester,Movie,United Kingdom,2020,2020,TV-MA,Adult (18+)
s2870,Hunter X Hunter (2011),TV Show,Japan,2013,2020,TV-MA,Adult (18+)
s2871,Hunter's Prayer,Movie,United States,2015,2019,R,Adult (18+)
s2871,Hunter's Prayer,Movie,Spain,2015,2019,R,Adult (18+)
s2871,Hunter's Prayer,Movie,Germany,2015,2019,R,Adult (18+)
s2872,Hunterrr,Movie,India,2015,2020,TV-MA,Adult (18+)
s2873,Hunters of the South Seas,TV Show,United Kingdom,2015,2019,TV-14,Teens (13-17)
s2874,Huntik: Secrets and Seekers,TV Show,United States,2011,2018,TV-Y7,Kids & Family
s2874,Huntik: Secrets and Seekers,TV Show,Italy,2011,2018,TV-Y7,Kids & Family
s2875,Hurricane Bianca,Movie,United States,2016,2017,TV-MA,Adult (18+)
s2876,Hurricane Bianca: From Russia With Hate,Movie,United States,2018,2018,TV-MA,Adult (18+)
s2877,Husbands in Goa,Movie,India,2012,2018,TV-14,Teens (13-17)
s2878,Hush,Movie,United States,2016,2016,R,Adult (18+)
s2879,Hustle & Flow,Movie,United States,2005,2019,R,Adult (18+)
s2880,Hyena,TV Show,South Korea,2020,2020,TV-MA,Adult (18+)
s2881,Hymn of Death,TV Show,South Korea,2018,2018,TV-14,Teens (13-17)
s2882,Hyori's Bed & Breakfast,TV Show,Unknown Country,2018,2018,TV-14,Teens (13-17)
s2883,Hyper HardBoiled Gourmet Report,TV Show,Unknown Country,2017,2019,TV-MA,Adult (18+)
s2884,Hyperdrive,TV Show,United States,2019,2019,TV-PG,Kids & Family
s2885,Hypersomnia,Movie,Argentina,2016,2017,TV-MA,Adult (18+)
s2886,I Am,Movie,India,2010,2019,TV-MA,Adult (18+)
s2886,I Am,Movie,Japan,2010,2019,TV-MA,Adult (18+)
s2887,I AM A KILLER,TV Show,United Kingdom,2020,2020,TV-MA,Adult (18+)
s2888,I AM A KILLER: RELEASED,TV Show,United Kingdom,2020,2020,TV-MA,Adult (18+)
s2888,I AM A KILLER: RELEASED,TV Show,United States,2020,2020,TV-MA,Adult (18+)
s2889,I Am Bolt,Movie,United Kingdom,2016,2017,PG,Kids & Family
s2890,I Am Divine,Movie,United States,2013,2020,TV-MA,Adult (18+)
s2891,I Am Jane Doe,Movie,United States,2017,2017,TV-14,Teens (13-17)
s2892,I am Jonas,Movie,France,2019,2020,TV-MA,Adult (18+)
s2893,I Am Kalam,Movie,India,2010,2018,TV-PG,Kids & Family
s2894,I Am Maris,Movie,United States,2018,2019,TV-14,Teens (13-17)
s2895,I Am Me!,TV Show,Mexico,2016,2017,TV-14,Teens (13-17)
s2896,I Am Michael,Movie,United States,2015,2017,TV-MA,Adult (18+)
s2897,I Am Mother,Movie,Australia,2019,2019,TV-PG,Kids & Family
s2898,I Am not an Easy Man,Movie,France,2018,2018,TV-MA,Adult (18+)
s2899,I Am Not Madame Bovary,Movie,China,2016,2017,TV-14,Teens (13-17)
s2900,I Am Not Okay With This,TV Show,United States,2020,2020,TV-MA,Adult (18+)
s2901,I Am Not Your Negro,Movie,Switzerland,2017,2020,PG-13,Teens (13-17)
s2901,I Am Not Your Negro,Movie,France,2017,2020,PG-13,Teens (13-17)
s2901,I Am Not Your Negro,Movie,Belgium,2017,2020,PG-13,Teens (13-17)
s2901,I Am Not Your Negro,Movie,United States,2017,2020,PG-13,Teens (13-17)
s2902,I Am Sun Mu,Movie,China,2015,2017,NR,Not Rated (NR)
s2902,I Am Sun Mu,Movie,South Korea,2015,2017,NR,Not Rated (NR)
s2902,I Am Sun Mu,Movie,United States,2015,2017,NR,Not Rated (NR)
s2903,I Am the Pretty Thing That Lives in the House,Movie,Canada,2016,2016,TV-14,Teens (13-17)
s2903,I Am the Pretty Thing That Lives in the House,Movie,United States,2016,2016,TV-14,Teens (13-17)
s2904,I Am Vengeance,Movie,United Kingdom,2018,2018,R,Adult (18+)
s2905,I Am Vengeance: Retaliation,Movie,United Kingdom,2020,2020,R,Adult (18+)
s2906,I Am Woman,Movie,Australia,2019,2020,TV-MA,Adult (18+)
s2907,I Am Wrath,Movie,United States,2016,2019,R,Adult (18+)
s2908,I Called Him Morgan,Movie,Sweden,2016,2017,TV-14,Teens (13-17)
s2908,I Called Him Morgan,Movie,United States,2016,2017,TV-14,Teens (13-17)
s2909,I Don't Feel at Home in This World Anymore,Movie,United States,2017,2017,TV-MA,Adult (18+)
s2910,I Don't Know How She Does It,Movie,United States,2011,2019,PG-13,Teens (13-17)
s2911,I Dream Of Dance,Movie,Unknown Country,2017,2019,TV-14,Teens (13-17)
s2912,I Fine... Thank You... Love You,Movie,Thailand,2014,2018,TV-14,Teens (13-17)
s2913,I Hate Luv Storys,Movie,India,2010,2018,TV-14,Teens (13-17)
s2914,I Have a Script,TV Show,Unknown Country,2019,2019,TV-14,Teens (13-17)
s2915,I Hear You,TV Show,Unknown Country,2019,2019,TV-14,Teens (13-17)
s2916,I Lost My Body,Movie,France,2019,2019,TV-MA,Adult (18+)
s2917,"I love you, stupid",Movie,Spain,2019,2020,TV-MA,Adult (18+)
s2918,I Think You Should Leave with Tim Robinson,TV Show,United States,2019,2019,TV-MA,Adult (18+)
s2919,I Will Follow,Movie,United States,2010,2020,TV-14,Teens (13-17)
s2920,"I, Daniel Blake",Movie,United Kingdom,2016,2019,R,Adult (18+)
s2920,"I, Daniel Blake",Movie,France,2016,2019,R,Adult (18+)
s2920,"I, Daniel Blake",Movie,Belgium,2016,2019,R,Adult (18+)
s2921,I'll See You in My Dreams,Movie,United States,2015,2019,PG-13,Teens (13-17)
s2922,I'll Sleep When I'm Dead,Movie,United States,2016,2016,TV-MA,Adult (18+)
s2923,I'm Brent Morin,Movie,United States,2015,2019,TV-MA,Adult (18+)
s2924,I'm in Love with a Church Girl,Movie,United States,2013,2017,PG,Kids & Family
s2925,I'm Leaving Now,Movie,United States,2019,2020,TV-MA,Adult (18+)
s2925,I'm Leaving Now,Movie,Mexico,2019,2020,TV-MA,Adult (18+)
s2926,I'm No Longer Here,Movie,Mexico,2019,2020,TV-MA,Adult (18+)
s2926,I'm No Longer Here,Movie,United States,2019,2020,TV-MA,Adult (18+)
s2927,I'm Sorry,TV Show,United States,2019,2019,TV-MA,Adult (18+)
s2928,I'm Thinking of Ending Things,Movie,United States,2020,2020,R,Adult (18+)
s2929,I'm with the Band: Nasty Cherry,TV Show,United States,2019,2019,TV-MA,Adult (18+)
s2930,반드시 잡는다,Movie,South Korea,2017,2018,TV-MA,Adult (18+)
s2931,Ibiza,Movie,United States,2018,2018,TV-MA,Adult (18+)
s2932,IBOY,Movie,United Kingdom,2017,2017,TV-MA,Adult (18+)
s2933,Icarus,Movie,United States,2017,2017,TV-MA,Adult (18+)
s2934,Ice Fantasy,TV Show,China,2016,2016,TV-14,Teens (13-17)
s2935,Ice Guardians,Movie,Canada,2016,2017,TV-MA,Adult (18+)
s2935,Ice Guardians,Movie,Ireland,2016,2017,TV-MA,Adult (18+)
s2935,Ice Guardians,Movie,United States,2016,2017,TV-MA,Adult (18+)
s2936,Iceman,Movie,China,2014,2018,R,Adult (18+)
s2936,Iceman,Movie,Hong Kong,2014,2018,R,Adult (18+)
s2937,ID-0,TV Show,Japan,2017,2017,TV-PG,Kids & Family
s2938,Ideachi Kalpana,Movie,India,2010,2018,TV-14,Teens (13-17)
s2939,Idiotest,TV Show,United States,2014,2018,TV-PG,Kids & Family
s2940,If Anything Happens I Love You,Movie,United States,2020,2020,PG,Kids & Family
s2941,If I Hadn't Met You,TV Show,Spain,2018,2019,TV-MA,Adult (18+)
s2942,If I were an Animal,TV Show,Unknown Country,2018,2018,TV-G,Kids & Family
s2943,Igor,Movie,United States,2008,2019,PG,Kids & Family
s2943,Igor,Movie,France,2008,2019,PG,Kids & Family
s2944,III Smoking Barrels,Movie,India,2017,2019,TV-MA,Adult (18+)
s2945,Iliza Shlesinger: Confirmed Kills,Movie,United States,2016,2016,TV-MA,Adult (18+)
s2946,Iliza Shlesinger: Elder Millennial,Movie,United States,2018,2018,TV-MA,Adult (18+)
s2947,Iliza Shlesinger: Freezing Hot,Movie,Unknown Country,2015,2015,TV-MA,Adult (18+)
s2948,Iliza Shlesinger: Unveiled,Movie,United States,2019,2019,TV-MA,Adult (18+)
s2949,Iliza Shlesinger: War Paint,Movie,United States,2013,2013,NR,Not Rated (NR)
s2950,Illang: The Wolf Brigade,Movie,South Korea,2018,2018,TV-MA,Adult (18+)
s2951,Imagine That,Movie,United States,2009,2019,PG,Kids & Family
s2951,Imagine That,Movie,Germany,2009,2019,PG,Kids & Family
s2952,Imago,Movie,India,2018,2019,TV-PG,Kids & Family
s2953,Immigration Nation,TV Show,United States,2020,2020,TV-MA,Adult (18+)
s2954,Immoral Tales,Movie,France,1974,2019,UR,Adult (18+)
s2955,Immortal Classic,TV Show,South Korea,2012,2016,TV-14,Teens (13-17)
s2956,Immortals,TV Show,Turkey,2018,2019,TV-MA,Adult (18+)
s2957,Imperfect,Movie,Singapore,2012,2018,TV-MA,Adult (18+)
s2958,Imperial Dreams,Movie,United States,2014,2017,TV-MA,Adult (18+)
s2959,Imposters,TV Show,United States,2017,2019,TV-MA,Adult (18+)
s2960,In a Valley of Violence,Movie,United States,2016,2020,R,Adult (18+)
s2961,In Between,TV Show,Taiwan,2012,2017,TV-14,Teens (13-17)
s2962,In Darkness,Movie,United Kingdom,2018,2018,TV-MA,Adult (18+)
s2962,In Darkness,Movie,United States,2018,2018,TV-MA,Adult (18+)
s2963,In Defense of a Married Man,Movie,United States,1990,2011,TV-14,Teens (13-17)
s2964,In Family I Trust,Movie,Spain,2018,2019,TV-MA,Adult (18+)
s2965,In Family We Trust,TV Show,Thailand,2018,2018,TV-MA,Adult (18+)
s2966,In Laws,TV Show,Unknown Country,2016,2017,TV-PG,Kids & Family
s2967,In Line,Movie,Nigeria,2017,2020,TV-14,Teens (13-17)
s2968,In My Country,Movie,Unknown Country,2018,2019,TV-MA,Adult (18+)
s2969,In Paradox,Movie,Kuwait,2019,2020,TV-14,Teens (13-17)
s2970,In Search of Fellini,Movie,United States,2017,2018,R,Adult (18+)
s2971,In the Bosom of a Thorn,TV Show,Kuwait,2019,2019,TV-14,Teens (13-17)
s2972,In The Dark,TV Show,United States,2020,2020,TV-14,Teens (13-17)
s2973,In The Deep,Movie,United Kingdom,2017,2018,PG-13,Teens (13-17)
s2973,In The Deep,Movie,United States,2017,2018,PG-13,Teens (13-17)
s2973,In The Deep,Movie,Dominican Republic,2017,2018,PG-13,Teens (13-17)
s2974,In the Shadow of Iris,Movie,France,2016,2017,TV-MA,Adult (18+)
s2974,In the Shadow of Iris,Movie,Belgium,2016,2017,TV-MA,Adult (18+)
s2975,In the Shadow of the Moon,Movie,United States,2019,2019,TV-MA,Adult (18+)
s2975,In the Shadow of the Moon,Movie,Canada,2019,2019,TV-MA,Adult (18+)
s2976,In the Tall Grass,Movie,Canada,2019,2019,TV-MA,Adult (18+)
s2976,In the Tall Grass,Movie,United States,2019,2019,TV-MA,Adult (18+)
s2977,In This Corner of the World,Movie,Japan,2016,2018,PG-13,Teens (13-17)
s2978,Inborn Pair,TV Show,Taiwan,2011,2016,TV-14,Teens (13-17)
s2979,Incarnate,Movie,United States,2016,2020,PG-13,Teens (13-17)
s2980,Inception,Movie,United States,2010,2020,PG-13,Teens (13-17)
s2980,Inception,Movie,United Kingdom,2010,2020,PG-13,Teens (13-17)
s2981,Incir Receli 2,Movie,Turkey,2014,2017,TV-14,Teens (13-17)
s2982,Incoming,Movie,Serbia,2019,2018,TV-MA,Adult (18+)
s2982,Incoming,Movie,United States,2019,2018,TV-MA,Adult (18+)
s2983,Incomplete,Movie,India,2017,2017,TV-MA,Adult (18+)
s2984,Inconceivable,Movie,United Kingdom,2017,2018,R,Adult (18+)
s2984,Inconceivable,Movie,United States,2017,2018,R,Adult (18+)
s2985,Incorruptible,Movie,United States,2015,2017,TV-MA,Adult (18+)
s2985,Incorruptible,Movie,Senegal,2015,2017,TV-MA,Adult (18+)
s2986,Incredibles 2 (Spanish Version),Movie,United States,2018,2019,PG,Kids & Family
s2987,INDIA,Movie,India,2014,2017,NR,Not Rated (NR)
s2988,India: Nature's Wonderland,TV Show,United Kingdom,2015,2017,TV-PG,Kids & Family
s2989,Indian Horse,Movie,Canada,2017,2020,TV-MA,Adult (18+)
s2990,Indian Matchmaking,TV Show,United States,2020,2020,TV-14,Teens (13-17)
s2990,Indian Matchmaking,TV Show,India,2020,2020,TV-14,Teens (13-17)
s2991,Indiana Jones and the Kingdom of the Crystal Skull,Movie,United States,2008,2019,PG-13,Teens (13-17)
s2992,Indiana Jones and the Last Crusade,Movie,United States,1989,2019,PG-13,Teens (13-17)
s2993,Indiana Jones and the Raiders of the Lost Ark,Movie,United States,1981,2019,PG,Kids & Family
s2994,Indiana Jones and the Temple of Doom,Movie,United States,1984,2019,PG,Kids & Family
s2995,Indiscretion,Movie,United States,2016,2017,TV-MA,Adult (18+)
s2996,Inequality for All,Movie,United States,2013,2018,PG,Kids & Family
s2997,Influx,Movie,United Kingdom,2016,2018,TV-PG,Kids & Family
s2998,Inglourious Basterds,Movie,Germany,2009,2019,R,Adult (18+)
s2998,Inglourious Basterds,Movie,United States,2009,2019,R,Adult (18+)
s2999,Ingobernable,TV Show,Mexico,2018,2018,TV-MA,Adult (18+)
s3000,Ingress: The Animation,TV Show,Japan,2018,2019,TV-MA,Adult (18+)
s3001,Inheritors,TV Show,South Korea,2013,2019,TV-14,Teens (13-17)
s3002,Inhuman Kiss,Movie,Thailand,2019,2019,TV-MA,Adult (18+)
s3003,Inhuman Resources,TV Show,France,2020,2020,TV-MA,Adult (18+)
s3004,Initial D,Movie,China,2005,2018,TV-14,Teens (13-17)
s3004,Initial D,Movie,Hong Kong,2005,2018,TV-14,Teens (13-17)
s3005,Ink Master,TV Show,United States,2012,2020,TV-14,Teens (13-17)
s3006,Inkaar,Movie,India,2013,2020,TV-MA,Adult (18+)
s3007,Inkheart,Movie,Germany,2008,2019,PG,Kids & Family
s3007,Inkheart,Movie,United Kingdom,2008,2019,PG,Kids & Family
s3007,Inkheart,Movie,United States,2008,2019,PG,Kids & Family
s3008,Inmates,TV Show,India,2017,2019,TV-MA,Adult (18+)
s3009,Innocent,TV Show,Turkey,2017,2019,TV-MA,Adult (18+)
s3010,Insan,Movie,India,2005,2018,TV-14,Teens (13-17)
s3011,Insatiable,TV Show,United States,2019,2019,TV-MA,Adult (18+)
s3012,Inside Bill's Brain: Decoding Bill Gates,TV Show,United States,2019,2019,TV-14,Teens (13-17)
s3013,Inside Man: Most Wanted,Movie,United States,2019,2019,R,Adult (18+)
s3014,Inside the Criminal Mind,TV Show,United States,2018,2018,TV-MA,Adult (18+)
s3014,Inside the Criminal Mind,TV Show,Czech Republic,2018,2018,TV-MA,Adult (18+)
s3015,Inside The Freemasons,TV Show,United Kingdom,2017,2018,TV-MA,Adult (18+)
s3016,Inside the Mind of a Serial Killer,TV Show,United States,2015,2019,TV-14,Teens (13-17)
s3017,Inside the Mossad,TV Show,Israel,2017,2019,TV-14,Teens (13-17)
s3018,Inside the Real Narcos,TV Show,Unknown Country,2018,2018,TV-MA,Adult (18+)
s3019,Inside the World’s Toughest Prisons,TV Show,United Kingdom,2021,2021,TV-MA,Adult (18+)
s3020,Insidious,Movie,United States,2010,2019,PG-13,Teens (13-17)
s3020,Insidious,Movie,Canada,2010,2019,PG-13,Teens (13-17)
s3020,Insidious,Movie,United Kingdom,2010,2019,PG-13,Teens (13-17)
s3021,Inspector Gadget,TV Show,Canada,2017,2018,TV-Y7,Kids & Family
s3021,Inspector Gadget,TV Show,United States,2017,2018,TV-Y7,Kids & Family
s3021,Inspector Gadget,TV Show,France,2017,2018,TV-Y7,Kids & Family
s3022,Inst@famous,TV Show,United Kingdom,2018,2018,TV-MA,Adult (18+)
s3023,Instant Hotel,TV Show,Australia,2019,2019,TV-MA,Adult (18+)
s3024,Instructions Not Included,Movie,Mexico,2013,2020,PG-13,Teens (13-17)
s3025,Intelligence,TV Show,Canada,2007,2017,TV-MA,Adult (18+)
s3026,Interior Design Masters,TV Show,United Kingdom,2019,2019,TV-PG,Kids & Family
s3027,Internet Famous,Movie,United States,2016,2016,TV-14,Teens (13-17)
s3028,Interrogation,Movie,India,2015,2016,TV-MA,Adult (18+)
s3029,Intersection,TV Show,Turkey,2016,2017,TV-MA,Adult (18+)
s3030,Interview with a Serial Killer,Movie,United States,2008,2016,TV-MA,Adult (18+)
s3031,Into the Badlands,TV Show,United States,2018,2019,TV-MA,Adult (18+)
s3032,Into the Forest,Movie,Canada,2015,2018,R,Adult (18+)
s3033,Into the Inferno,Movie,United Kingdom,2016,2016,TV-PG,Kids & Family
s3033,Into the Inferno,Movie,Germany,2016,2016,TV-PG,Kids & Family
s3033,Into the Inferno,Movie,Canada,2016,2016,TV-PG,Kids & Family
s3034,Into the Night,TV Show,Belgium,2020,2020,TV-MA,Adult (18+)
s3035,Into the Wild,Movie,United States,2007,2021,R,Adult (18+)
s3036,Intuition,Movie,Argentina,2020,2020,TV-MA,Adult (18+)
s3037,InuYasha,TV Show,Japan,2001,2016,TV-14,Teens (13-17)
s3038,Inuyasha the Movie - L'isola del fuoco scarlatto,Movie,Japan,2004,2017,TV-PG,Kids & Family
s3039,Inuyasha the Movie - La spada del dominatore del mondo,Movie,Japan,2003,2017,TV-14,Teens (13-17)
s3040,InuYasha the Movie: Affections Touching Across Time,Movie,Japan,2001,2018,TV-PG,Kids & Family
s3041,InuYasha: The Movie 2: The Castle Beyond the Looking Glass,Movie,Japan,2002,2017,TV-14,Teens (13-17)
s3042,Invader Zim: Enter the Florpus,Movie,South Korea,2019,2019,TV-Y7,Kids & Family
s3042,Invader Zim: Enter the Florpus,Movie,United States,2019,2019,TV-Y7,Kids & Family
s3043,Invictus,Movie,United States,2009,2019,PG-13,Teens (13-17)
s3044,Invisible,Movie,Argentina,2017,2018,TV-MA,Adult (18+)
s3044,Invisible,Movie,France,2017,2018,TV-MA,Adult (18+)
s3045,Invisible Essence: The Little Prince,Movie,Canada,2018,2019,TV-PG,Kids & Family
s3046,Inxeba,Movie,South Africa,2017,2018,TV-MA,Adult (18+)
s3046,Inxeba,Movie,Germany,2017,2018,TV-MA,Adult (18+)
s3046,Inxeba,Movie,Netherlands,2017,2018,TV-MA,Adult (18+)
s3046,Inxeba,Movie,France,2017,2018,TV-MA,Adult (18+)
s3047,IO,Movie,United States,2019,2019,TV-14,Teens (13-17)
s3048,Ip Man,Movie,Hong Kong,2008,2016,R,Adult (18+)
s3048,Ip Man,Movie,China,2008,2016,R,Adult (18+)
s3049,Ip Man 2,Movie,Hong Kong,2010,2016,R,Adult (18+)
s3049,Ip Man 2,Movie,China,2010,2016,R,Adult (18+)
s3050,Ip Man 3,Movie,China,2015,2016,PG-13,Teens (13-17)
s3050,Ip Man 3,Movie,Hong Kong,2015,2016,PG-13,Teens (13-17)
s3051,Ip Man 4: The Finale,Movie,Hong Kong,2019,2020,TV-MA,Adult (18+)
s3051,Ip Man 4: The Finale,Movie,China,2019,2020,TV-MA,Adult (18+)
s3052,Iqbal,Movie,India,2006,2018,TV-Y7,Kids & Family
s3053,Irada Pakka,Movie,India,2010,2018,TV-14,Teens (13-17)
s3054,Iris,TV Show,South Korea,2009,2020,TV-14,Teens (13-17)
s3055,Iron Cowboy: The Story of the 50.50.50,Movie,United States,2018,2019,TV-14,Teens (13-17)
s3056,Iron Fists and Kung-Fu Kicks,Movie,Australia,2019,2019,TV-MA,Adult (18+)
s3057,Iron Ladies,TV Show,Taiwan,2018,2019,TV-14,Teens (13-17)
s3058,Iron Man & Captain America: Heroes United,Movie,United States,2014,2014,PG,Kids & Family
s3059,Iron Man: Armored Adventures,TV Show,Canada,2011,2020,TV-Y7,Kids & Family
s3059,Iron Man: Armored Adventures,TV Show,United States,2011,2020,TV-Y7,Kids & Family
s3059,Iron Man: Armored Adventures,TV Show,United Kingdom,2011,2020,TV-Y7,Kids & Family
s3059,Iron Man: Armored Adventures,TV Show,France,2011,2020,TV-Y7,Kids & Family
s3059,Iron Man: Armored Adventures,TV Show,Luxembourg,2011,2020,TV-Y7,Kids & Family
s3060,Iron Sky: The Coming Race,Movie,Finland,2019,2019,TV-MA,Adult (18+)
s3060,Iron Sky: The Coming Race,Movie,Germany,2019,2019,TV-MA,Adult (18+)
s3060,Iron Sky: The Coming Race,Movie,Belgium,2019,2019,TV-MA,Adult (18+)
s3061,Irreplaceable You,Movie,United States,2018,2018,TV-MA,Adult (18+)
s3062,Is It Wrong to Try to Pick Up Girls in a Dungeon?,TV Show,Japan,2015,2020,TV-MA,Adult (18+)
s3063,Is Love Enough? Sir,Movie,India,2018,2021,TV-MA,Adult (18+)
s3063,Is Love Enough? Sir,Movie,France,2018,2021,TV-MA,Adult (18+)
s3064,Isa Pa with Feelings,Movie,Philippines,2019,2020,TV-G,Kids & Family
s3065,Ishq Vishk,Movie,India,2003,2020,TV-PG,Kids & Family
s3066,Ishqedarriyaan,Movie,India,2015,2018,TV-14,Teens (13-17)
s3067,Ishqiya,Movie,India,2009,2020,TV-14,Teens (13-17)
s3068,Isi & Ossi,Movie,Germany,2020,2020,TV-MA,Adult (18+)
s3069,Islands of Faith,Movie,Indonesia,2018,2020,TV-PG,Kids & Family
s3070,Islands of the Future,TV Show,United Kingdom,2014,2017,TV-PG,Kids & Family
s3071,Isoken,Movie,Nigeria,2017,2019,TV-14,Teens (13-17)
s3072,마녀사냥,TV Show,South Korea,2015,2018,TV-MA,Adult (18+)
s3073,Issaq,Movie,India,2013,2018,TV-MA,Adult (18+)
s3074,It Comes at Night,Movie,United States,2017,2019,R,Adult (18+)
s3075,It Takes a Lunatic,Movie,United States,2019,2019,TV-MA,Adult (18+)
s3075,It Takes a Lunatic,Movie,United Kingdom,2019,2019,TV-MA,Adult (18+)
s3075,It Takes a Lunatic,Movie,Germany,2019,2019,TV-MA,Adult (18+)
s3076,It Takes a Man and a Woman,Movie,Philippines,2013,2019,TV-PG,Kids & Family
s3077,It Takes Two,Movie,United States,1995,2019,PG,Kids & Family
s3078,It's Bruno!,TV Show,United States,2019,2019,TV-MA,Adult (18+)
s3079,It's Fine,Movie,Unknown Country,2012,2019,TV-14,Teens (13-17)
s3080,It's Her Day,Movie,Nigeria,2016,2020,TV-MA,Adult (18+)
s3081,It's Now or Never,Movie,Spain,2015,2016,TV-MA,Adult (18+)
s3082,It's Okay to Not Be Okay,TV Show,South Korea,2020,2020,TV-MA,Adult (18+)
s3083,"It's Okay, Buddy",Movie,Egypt,2017,2019,TV-14,Teens (13-17)
s3084,Itaewon Class,TV Show,South Korea,2020,2020,TV-MA,Adult (18+)
s3085,Ittefaq,Movie,India,2017,2018,TV-MA,Adult (18+)
s3086,Iverson,Movie,United States,2014,2016,NR,Not Rated (NR)
s3087,Iyore,Movie,Nigeria,2015,2019,TV-PG,Kids & Family
s3088,IZombie,TV Show,United States,2019,2019,TV-MA,Adult (18+)
s3089,Izzy's Koala World,TV Show,Australia,2020,2020,TV-Y,Kids & Family
s3090,최강전사 미니특공대 : 영웅의 탄생,Movie,Unknown Country,2018,2018,TV-Y7,Kids & Family
s3091,J-Style Trip,TV Show,Taiwan,2020,2020,TV-14,Teens (13-17)
s3091,J-Style Trip,TV Show,China,2020,2020,TV-14,Teens (13-17)
s3092,Jaal,Movie,India,1986,2017,TV-14,Teens (13-17)
s3093,Jaan-E-Mann: Let's Fall in Love... Again,Movie,India,2006,2019,TV-14,Teens (13-17)
s3094,Jaane Tu... Ya Jaane Na,Movie,India,2008,2021,TV-14,Teens (13-17)
s3095,Jab Harry Met Sejal,Movie,India,2017,2017,TV-MA,Adult (18+)
s3096,Jab We Met,Movie,India,2007,2020,TV-14,Teens (13-17)
s3097,Jack and the Cuckoo-Clock Heart,Movie,France,2013,2017,PG,Kids & Family
s3097,Jack and the Cuckoo-Clock Heart,Movie,Belgium,2013,2017,PG,Kids & Family
s3098,Jack of all Trades,Movie,Canada,2018,2019,TV-MA,Adult (18+)
s3099,Jack Taylor,TV Show,United States,2016,2013,TV-MA,Adult (18+)
s3099,Jack Taylor,TV Show,Ireland,2016,2013,TV-MA,Adult (18+)
s3100,Jack Whitehall: At Large,Movie,United Kingdom,2017,2017,TV-MA,Adult (18+)
s3101,Jack Whitehall: Christmas with My Father,Movie,United Kingdom,2019,2019,TV-MA,Adult (18+)
s3102,Jack Whitehall: I'm Only Joking,Movie,United Kingdom,2020,2020,TV-MA,Adult (18+)
s3103,Jack Whitehall: Travels with My Father,TV Show,United Kingdom,2020,2020,TV-MA,Adult (18+)
s3104,Jackie Brown,Movie,United States,1997,2019,R,Adult (18+)
s3105,Jackie: A Tale of Two Sisters,Movie,United Kingdom,2017,2017,TV-PG,Kids & Family
s3106,Jackpot,Movie,Vietnam,2015,2018,TV-14,Teens (13-17)
s3107,Jacob's Ladder,Movie,United States,2019,2019,R,Adult (18+)
s3108,Jada,Movie,India,2019,2020,TV-14,Teens (13-17)
s3109,Jag älskar dig: En skilsmässokomedi,Movie,Sweden,2016,2018,TV-MA,Adult (18+)
s3110,Jagat,Movie,Malaysia,2015,2019,TV-MA,Adult (18+)
s3111,Jagga Jasoos,Movie,India,2017,2018,TV-14,Teens (13-17)
s3112,Jai Mummy Di,Movie,India,2020,2020,TV-MA,Adult (18+)
s3113,Jail,Movie,India,2009,2019,TV-14,Teens (13-17)
s3114,Jailbirds,TV Show,Unknown Country,2019,2019,TV-MA,Adult (18+)
s3115,Jailbreak,Movie,Cambodia,2017,2018,TV-MA,Adult (18+)
s3116,Jake's Buccaneer Blast,Movie,Unknown Country,2014,2017,TV-Y,Kids & Family
s3117,Jal,Movie,India,2013,2017,TV-14,Teens (13-17)
s3118,Jalpari: The Desert Mermaid,Movie,India,2012,2018,TV-14,Teens (13-17)
s3119,James Acaster: Repertoire,TV Show,United Kingdom,2018,2018,TV-14,Teens (13-17)
s3120,Jamtara - Sabka Number Ayega,TV Show,India,2020,2020,TV-MA,Adult (18+)
s3121,Janaan,Movie,Pakistan,2016,2017,TV-14,Teens (13-17)
s3122,Jandino: Whatever it Takes,Movie,United Kingdom,2016,2016,TV-MA,Adult (18+)
s3123,Jane The Virgin,TV Show,United States,2019,2019,TV-14,Teens (13-17)
s3124,Jani Dueñas: Grandes fracasos de ayer y hoy,Movie,Chile,2018,2018,TV-MA,Adult (18+)
s3125,Jaoon Kahan Bata Ae Dil,Movie,India,2018,2019,TV-MA,Adult (18+)
s3126,Japan Sinks: 2020,TV Show,Japan,2020,2020,TV-MA,Adult (18+)
s3127,Japanese Style Originator,TV Show,Japan,2008,2017,TV-G,Kids & Family
s3128,Jarhead: Law of Return,Movie,Israel,2019,2019,R,Adult (18+)
s3128,Jarhead: Law of Return,Movie,United States,2019,2019,R,Adult (18+)
s3129,Jatt James Bond,Movie,India,2014,2018,TV-14,Teens (13-17)
s3130,Jatts in Golmaal,Movie,India,2013,2018,TV-PG,Kids & Family
s3131,Jay and Silent Bob Strike Back,Movie,United States,2001,2019,R,Adult (18+)
s3132,Jealousy and medicine,Movie,Poland,1973,2019,TV-MA,Adult (18+)
s3133,Jefe,Movie,Spain,2018,2018,TV-MA,Adult (18+)
s3133,Jefe,Movie,Portugal,2018,2018,TV-MA,Adult (18+)
s3134,Jeff Dunham: All Over the Map,Movie,United States,2014,2019,TV-MA,Adult (18+)
s3135,Jeff Dunham: Arguing with Myself,Movie,United States,2006,2019,TV-MA,Adult (18+)
s3136,Jeff Dunham: Beside Himself,Movie,United States,2019,2019,TV-MA,Adult (18+)
s3137,Jeff Dunham: Controlled Chaos,Movie,United States,2011,2019,TV-MA,Adult (18+)
s3138,Jeff Dunham: Minding the Monsters,Movie,United States,2012,2019,TV-MA,Adult (18+)
s3139,Jeff Dunham: Relative Disaster,Movie,United States,2017,2017,TV-MA,Adult (18+)
s3140,Jeff Dunham: Unhinged in Hollywood,Movie,United States,2015,2020,TV-MA,Adult (18+)
s3141,Jeff Dunham's Very Special Christmas Special,Movie,United States,2008,2019,TV-MA,Adult (18+)
s3142,Jeff Foxworthy and Larry the Cable Guy: We’ve Been Thinking...,Movie,United States,2016,2016,TV-14,Teens (13-17)
s3143,Jeff Garlin: Our Man In Chicago,Movie,United States,2019,2019,TV-MA,Adult (18+)
s3144,Jeffrey Epstein: Filthy Rich,TV Show,United States,2020,2020,TV-MA,Adult (18+)
s3145,Jem and the Holograms,Movie,United States,2015,2020,PG,Kids & Family
s3146,Jen Kirkman: I'm Gonna Die Alone (And I Feel Fine),Movie,United States,2015,2015,TV-MA,Adult (18+)
s3147,Jen Kirkman: Just Keep Livin’?,Movie,United States,2017,2017,TV-MA,Adult (18+)
s3148,Jenni Rivera: Mariposa de Barrio,TV Show,United States,2017,2021,TV-MA,Adult (18+)
s3149,Jenny Slate: Stage Fright,Movie,United States,2019,2019,TV-MA,Adult (18+)
s3150,Jeopardy!,TV Show,United States,2019,2020,TV-G,Kids & Family
s3151,Jeremiah Tower: The Last Magnificent,Movie,Mexico,2016,2017,R,Adult (18+)
s3151,Jeremiah Tower: The Last Magnificent,Movie,United States,2016,2017,R,Adult (18+)
s3152,Jeremy Scott: The People's Designer,Movie,United States,2015,2016,PG-13,Teens (13-17)
s3153,Jericho,TV Show,United States,2008,2017,TV-14,Teens (13-17)
s3154,Jerry Before Seinfeld,Movie,United States,2017,2017,TV-14,Teens (13-17)
s3155,Jerry Seinfeld: 23 Hours To Kill,Movie,United States,2020,2020,TV-PG,Kids & Family
s3156,Jerry Seinfeld: Comedian,Movie,United States,2002,2017,R,Adult (18+)
s3157,Jerry Seinfeld: I'm Telling You for the Last Time,Movie,United States,1998,2018,TV-14,Teens (13-17)
s3158,Jersey Boys,Movie,United States,2014,2019,R,Adult (18+)
s3159,Jessica Darling's It List,Movie,United States,2016,2017,TV-Y,Kids & Family
s3160,Jesus: Countdown to Calvary,Movie,Ireland,2018,2019,TV-14,Teens (13-17)
s3160,Jesus: Countdown to Calvary,Movie,United States,2018,2019,TV-14,Teens (13-17)
s3160,Jesus: Countdown to Calvary,Movie,France,2018,2019,TV-14,Teens (13-17)
s3161,Jewel's Catch One,Movie,United States,2016,2018,TV-MA,Adult (18+)
s3162,Jezebel,Movie,United States,2019,2020,TV-MA,Adult (18+)
s3163,JFK: The Making of a President,Movie,United Kingdom,2017,2017,TV-PG,Kids & Family
s3164,Jhankaar Beats,Movie,India,2003,2019,TV-14,Teens (13-17)
s3165,Jhansi Ki Rani,TV Show,India,2009,2017,TV-14,Teens (13-17)
s3166,"Jim & Andy: The Great Beyond - Featuring a Very Special, Contractually Obligated Mention of Tony Clifton",Movie,Canada,2017,2017,TV-MA,Adult (18+)
s3166,"Jim & Andy: The Great Beyond - Featuring a Very Special, Contractually Obligated Mention of Tony Clifton",Movie,United States,2017,2017,TV-MA,Adult (18+)
s3167,Jim Gaffigan: Beyond the Pale,Movie,United States,2005,2016,TV-14,Teens (13-17)
s3168,Jim Gaffigan: Cinco,Movie,United States,2017,2017,TV-14,Teens (13-17)
s3169,Jim Gaffigan: King Baby,Movie,United States,2009,2016,TV-PG,Kids & Family
s3170,Jim Gaffigan: Mr. Universe,Movie,United States,2012,2016,TV-14,Teens (13-17)
s3171,Jim Gaffigan: Obsessed,Movie,United States,2014,2016,TV-14,Teens (13-17)
s3172,Jim Jefferies : BARE,Movie,United States,2014,2019,TV-MA,Adult (18+)
s3173,Jim Jefferies: Freedumb,Movie,United States,2016,2016,TV-MA,Adult (18+)
s3174,Jim Jefferies: Intolerant,Movie,Unknown Country,2020,2020,TV-MA,Adult (18+)
s3175,Jim Jefferies: This Is Me Now,Movie,United States,2018,2018,TV-MA,Adult (18+)
s3176,Jim Norton: Mouthful of Shame,Movie,United States,2017,2017,TV-MA,Adult (18+)
s3177,Jimi Hendrix,Movie,United States,1973,2019,R,Adult (18+)
s3178,Jimmy Carr: Funny Business,Movie,United Kingdom,2016,2016,TV-MA,Adult (18+)
s3179,Jimmy Carr: The Best of Ultimate Gold Greatest Hits,Movie,Unknown Country,2019,2019,TV-MA,Adult (18+)
s3180,Jimmy Neutron: Boy Genius,Movie,United States,2001,2020,G,Kids & Family
s3181,Jimmy: The True Story of a True Idiot,TV Show,Japan,2018,2018,TV-MA,Adult (18+)
s3182,Jindua,Movie,India,2017,2019,TV-14,Teens (13-17)
s3183,Jingle Jangle: A Christmas Journey,Movie,United States,2020,2020,PG,Kids & Family
s3184,JingleKids,TV Show,Russia,2017,2019,TV-Y7,Kids & Family
s3185,Jinn,TV Show,Jordan,2019,2019,TV-MA,Adult (18+)
s3186,Jinxed,Movie,United States,2013,2019,TV-Y,Kids & Family
s3186,Jinxed,Movie,Canada,2013,2019,TV-Y,Kids & Family
s3187,Jiro Dreams of Sushi,Movie,United States,2011,2019,PG,Kids & Family
s3188,Jis Desh Men Ganga Behti Hai,Movie,Unknown Country,1960,2019,TV-14,Teens (13-17)
s3189,Jo Koy: Comin' In Hot,Movie,United States,2019,2019,TV-MA,Adult (18+)
s3190,Jo Koy: In His Elements,Movie,United States,2020,2020,TV-MA,Adult (18+)
s3191,Jo Koy: Live from Seattle,Movie,United States,2017,2017,TV-MA,Adult (18+)
s3192,Jo Pil-ho: The Dawning Rage,Movie,South Korea,2018,2019,TV-MA,Adult (18+)
s3193,Joan Didion: The Center Will Not Hold,Movie,United States,2017,2017,TV-14,Teens (13-17)
s3194,Joan Rivers: Don't Start with Me,Movie,United States,2012,2018,TV-MA,Adult (18+)
s3195,Joaquín Reyes: Una y no más,Movie,Unknown Country,2017,2017,TV-MA,Adult (18+)
s3196,Jodhaa Akbar,Movie,India,2008,2018,TV-14,Teens (13-17)
s3197,Joe Cocker: Mad Dog with Soul,Movie,United Kingdom,2017,2017,TV-14,Teens (13-17)
s3198,Joe Mande’s Award-Winning Comedy Special,Movie,United States,2017,2017,TV-MA,Adult (18+)
s3199,Joe Rogan: Strange Times,Movie,Unknown Country,2018,2018,TV-MA,Adult (18+)
s3200,Joe Rogan: Triggered,Movie,United States,2016,2016,TV-MA,Adult (18+)
s3201,John & Jane,Movie,India,2005,2016,TV-14,Teens (13-17)
s3202,John & Yoko: Above Us Only Sky,Movie,United Kingdom,2018,2019,TV-MA,Adult (18+)
s3203,John Carter,Movie,United States,2012,2019,PG-13,Teens (13-17)
s3204,John Day,Movie,India,2013,2019,TV-MA,Adult (18+)
s3205,John Henry,Movie,United States,2020,2020,R,Adult (18+)
s3206,John Leguizamo's Latin History for Morons,Movie,United States,2018,2018,TV-MA,Adult (18+)
s3207,John Mellencamp: Plain Spoken,Movie,Unknown Country,2017,2018,TV-MA,Adult (18+)
s3208,John Mulaney & The Sack Lunch Bunch,Movie,United States,2019,2019,TV-PG,Kids & Family
s3209,John Mulaney: Kid Gorgeous at Radio City,Movie,United States,2018,2018,TV-MA,Adult (18+)
s3210,John Mulaney: New in Town,Movie,United States,2012,2018,TV-MA,Adult (18+)
s3211,John Mulaney: The Comeback Kid,Movie,United States,2015,2015,TV-MA,Adult (18+)
s3212,John Was Trying to Contact Aliens,Movie,United States,2020,2020,TV-PG,Kids & Family
s3213,Johnny Test,TV Show,United States,2013,2015,TV-Y7,Kids & Family
s3213,Johnny Test,TV Show,Canada,2013,2015,TV-Y7,Kids & Family
s3214,JoJo's Bizarre Adventure,TV Show,Japan,2014,2020,TV-MA,Adult (18+)
s3215,Jojo's World,TV Show,Taiwan,2017,2018,TV-14,Teens (13-17)
s3216,Joker,Movie,India,2012,2018,TV-PG,Kids & Family
s3217,Jonaki,Movie,India,2018,2019,TV-MA,Adult (18+)
s3218,Jonas,Movie,Brazil,2015,2017,TV-MA,Adult (18+)
s3219,Jonathan,Movie,United States,2018,2019,TV-MA,Adult (18+)
s3220,Jonathan Strange & Mr Norrell,TV Show,United Kingdom,2015,2016,TV-14,Teens (13-17)
s3221,Jora 10 Numbaria,Movie,India,2017,2018,TV-MA,Adult (18+)
s3222,Joseph: King of Dreams,Movie,United States,2000,2011,TV-PG,Kids & Family
s3223,Joshua: Teenager vs. Superpower,Movie,United States,2017,2017,TV-14,Teens (13-17)
s3224,Journey of an African Colony,TV Show,Unknown Country,2018,2020,TV-MA,Adult (18+)
s3225,Journey to Greenland,Movie,France,2016,2017,TV-14,Teens (13-17)
s3226,Joy,Movie,Austria,2019,2019,TV-MA,Adult (18+)
s3227,JU-ON: Origins,TV Show,Japan,2020,2020,TV-MA,Adult (18+)
s3228,Juana Brava,TV Show,Chile,2015,2017,TV-MA,Adult (18+)
s3229,Juana Inés,TV Show,Mexico,2016,2017,TV-14,Teens (13-17)
s3230,Juanita,Movie,United States,2019,2019,TV-MA,Adult (18+)
s3231,Judah Friedlander: America Is the Greatest Country in the United States,Movie,United States,2017,2017,TV-MA,Adult (18+)
s3232,Judd Apatow: The Return,Movie,United States,2017,2017,TV-MA,Adult (18+)
s3233,Judge Singh LLB,Movie,India,2015,2018,TV-PG,Kids & Family
s3234,Judwaa,Movie,India,1997,2019,TV-14,Teens (13-17)
s3235,Judwaa 2,Movie,India,2017,2018,TV-14,Teens (13-17)
s3236,Judy Moody and the Not Bummer Summer,Movie,United States,2011,2019,PG,Kids & Family
s3237,Jugaad,Movie,Unknown Country,2017,2018,TV-14,Teens (13-17)
s3238,Julie & Julia,Movie,United States,2009,2021,PG-13,Teens (13-17)
s3239,Julie and the Phantoms,TV Show,United States,2020,2020,TV-G,Kids & Family
s3240,Julie's Greenroom,TV Show,United States,2017,2017,TV-Y,Kids & Family
s3241,Julius Jr.,TV Show,United States,2014,2015,TV-Y,Kids & Family
s3242,Juman,TV Show,Kuwait,2019,2020,TV-G,Kids & Family
s3243,Jumping Girl,TV Show,South Korea,2015,2017,TV-14,Teens (13-17)
s3244,Jumping the Broom,Movie,United States,2011,2020,PG-13,Teens (13-17)
s3245,Junebug,Movie,United States,2005,2019,R,Adult (18+)
s3246,Jupiter Ascending,Movie,United States,2015,2019,PG-13,Teens (13-17)
s3246,Jupiter Ascending,Movie,Australia,2015,2019,PG-13,Teens (13-17)
s3247,Jurassic World Camp Cretaceous,TV Show,United States,2020,2020,TV-PG,Kids & Family
s3248,Just Another Christmas,Movie,Brazil,2020,2020,TV-MA,Adult (18+)
s3249,Just Another Love Story,Movie,Denmark,2007,2009,TV-MA,Adult (18+)
s3250,Just Friends,Movie,Germany,2005,2019,PG-13,Teens (13-17)
s3250,Just Friends,Movie,United States,2005,2019,PG-13,Teens (13-17)
s3250,Just Friends,Movie,Canada,2005,2019,PG-13,Teens (13-17)
s3251,Just Love,Movie,Argentina,2018,2019,TV-MA,Adult (18+)
s3252,Just The Way You Are,Movie,Philippines,2016,2020,TV-G,Kids & Family
s3253,Just You,TV Show,Taiwan,2013,2016,TV-14,Teens (13-17)
s3254,Justice,Movie,United States,2017,2020,R,Adult (18+)
s3255,Justice in the City,TV Show,Unknown Country,2012,2017,TV-14,Teens (13-17)
s3256,"Justice, My Foot!",Movie,Hong Kong,1992,2018,TV-14,Teens (13-17)
s3257,Justin Bieber: Never Say Never,Movie,United States,2011,2018,G,Kids & Family
s3258,Justin Timberlake + the Tennessee Kids,Movie,United States,2016,2016,TV-MA,Adult (18+)
s3259,Justin Time,TV Show,Canada,2012,2016,TV-Y,Kids & Family
s3260,Justin Time GO!,TV Show,Unknown Country,2016,2016,TV-Y,Kids & Family
s3261,Justine,Movie,United States,2019,2020,TV-MA,Adult (18+)
s3262,K,TV Show,Japan,2012,2016,TV-MA,Adult (18+)
s3263,K-19: The Widowmaker,Movie,United Kingdom,2002,2019,PG-13,Teens (13-17)
s3263,K-19: The Widowmaker,Movie,Germany,2002,2019,PG-13,Teens (13-17)
s3263,K-19: The Widowmaker,Movie,Canada,2002,2019,PG-13,Teens (13-17)
s3263,K-19: The Widowmaker,Movie,United States,2002,2019,PG-13,Teens (13-17)
s3264,K-On!,TV Show,Japan,2010,2019,TV-PG,Kids & Family
s3265,K-on! the movie,Movie,Japan,2011,2019,TV-PG,Kids & Family
s3266,K-POP Extreme Survival,TV Show,South Korea,2012,2016,TV-14,Teens (13-17)
s3267,K.O. One Re-act,TV Show,Unknown Country,2013,2019,TV-14,Teens (13-17)
s3268,K.O.3an Guo,TV Show,Taiwan,2009,2019,TV-14,Teens (13-17)
s3269,Küçük Esnaf,Movie,Turkey,2016,2020,TV-MA,Adult (18+)
s3270,Kaçak,TV Show,Turkey,2013,2016,TV-14,Teens (13-17)
s3271,Kaabil,Movie,India,2017,2017,TV-14,Teens (13-17)
s3272,Kaagar,Movie,India,2019,2020,TV-MA,Adult (18+)
s3273,Kaakan,Movie,India,2015,2018,TV-PG,Kids & Family
s3274,Kaake Da Viyah,Movie,India,2019,2019,TV-PG,Kids & Family
s3275,Kaal,Movie,India,2005,2020,TV-14,Teens (13-17)
s3276,Kaali Khuhi,Movie,India,2020,2020,TV-14,Teens (13-17)
s3277,Kaalia,Movie,India,1981,2019,TV-14,Teens (13-17)
s3278,Kaaliyan,Movie,India,2017,2018,TV-PG,Kids & Family
s3279,Kabali (Hindi Version),Movie,India,2016,2017,TV-MA,Adult (18+)
s3280,Kabaneri of the Iron Fortress: The Battle of Unato,TV Show,Japan,2019,2019,TV-MA,Adult (18+)
s3281,Kabhi Alvida Naa Kehna,Movie,India,2006,2020,TV-14,Teens (13-17)
s3282,Kabhi Haan Kabhi Naa,Movie,India,1994,2017,TV-14,Teens (13-17)
s3283,Kabhi Khushi Kabhie Gham,Movie,India,2001,2020,TV-14,Teens (13-17)
s3284,Kabir Singh,Movie,India,2019,2019,TV-MA,Adult (18+)
s3285,Kacche Dhaagey,Movie,India,2016,2017,TV-14,Teens (13-17)
s3286,Kahaani,Movie,India,2012,2019,TV-14,Teens (13-17)
s3287,Kahlil Gibran's The Prophet,Movie,United States,2014,2017,PG,Kids & Family
s3287,Kahlil Gibran's The Prophet,Movie,France,2014,2017,PG,Kids & Family
s3287,Kahlil Gibran's The Prophet,Movie,Canada,2014,2017,PG,Kids & Family
s3287,Kahlil Gibran's The Prophet,Movie,Lebanon,2014,2017,PG,Kids & Family
s3287,Kahlil Gibran's The Prophet,Movie,Qatar,2014,2017,PG,Kids & Family
s3288,Kai Po Che!,Movie,India,2013,2018,TV-MA,Adult (18+)
s3289,Kajraare,Movie,India,2010,2017,TV-14,Teens (13-17)
s3290,Kakegurui,TV Show,Unknown Country,2019,2019,TV-MA,Adult (18+)
s3291,Kal Ho Naa Ho,Movie,India,2003,2020,TV-14,Teens (13-17)
s3292,Kalakalappu,Movie,India,2012,2018,TV-14,Teens (13-17)
s3293,Kaleidoscope,Movie,United Kingdom,2016,2018,TV-MA,Adult (18+)
s3294,Kalek Shanab,Movie,United Arab Emirates,2019,2020,TV-PG,Kids & Family
s3295,"Kalel, 15",Movie,Philippines,2019,2020,TV-MA,Adult (18+)
s3296,Kalki,Movie,India,2017,2018,TV-14,Teens (13-17)
s3297,Kalushi: The Story of Solomon Mahlangu,Movie,South Africa,2016,2019,TV-MA,Adult (18+)
s3298,Kaminey,Movie,India,2009,2018,TV-14,Teens (13-17)
s3299,Kanavu Variyam,Movie,India,2017,2017,TV-PG,Kids & Family
s3300,Kandasamys: The Wedding,Movie,South Africa,2019,2020,TV-14,Teens (13-17)
s3301,Kanika,Movie,India,2017,2018,TV-14,Teens (13-17)
s3302,Kannum Kannum Kollaiyadithaal,Movie,India,2020,2020,TV-14,Teens (13-17)
s3303,Kantaro: The Sweet Tooth Salaryman,TV Show,Japan,2017,2017,TV-PG,Kids & Family
s3304,Kapoor & Sons,Movie,India,2016,2020,TV-14,Teens (13-17)
s3305,Kappela,Movie,India,2020,2020,TV-14,Teens (13-17)
s3306,Kara Bela,Movie,Turkey,2015,2017,TV-14,Teens (13-17)
s3307,Kardec,Movie,Brazil,2019,2019,TV-14,Teens (13-17)
s3308,Karkar,Movie,Egypt,2007,2020,TV-14,Teens (13-17)
s3309,"Karol Modzelewski, Łukasz „Lotek” Lodkowski No Offense",Movie,Unknown Country,2016,2016,TV-MA,Adult (18+)
s3310,Karthik Calling Karthik,Movie,India,2010,2019,TV-14,Teens (13-17)
s3311,Kartini: Princess of Java,Movie,Indonesia,2017,2020,TV-PG,Kids & Family
s3311,Kartini: Princess of Java,Movie,Netherlands,2017,2020,TV-PG,Kids & Family
s3312,Karzzzz,Movie,India,2008,2017,TV-14,Teens (13-17)
s3313,Kasanova,Movie,Nigeria,2019,2020,TV-14,Teens (13-17)
s3314,"Katarzyna Piasecka, Rafał Pacześ Seriously Funny",Movie,Unknown Country,2016,2016,TV-MA,Adult (18+)
s3315,Kate & Leopold,Movie,United States,2001,2020,PG-13,Teens (13-17)
s3316,Kath & Kimderella,Movie,Australia,2012,2018,TV-14,Teens (13-17)
s3317,Kath and Kim,TV Show,Australia,2007,2018,TV-MA,Adult (18+)
s3318,Katha,Movie,India,1982,2019,TV-PG,Kids & Family
s3319,Katherine Ryan: Glitter Room,Movie,United States,2019,2019,TV-MA,Adult (18+)
s3320,Katherine Ryan: In Trouble,Movie,United Kingdom,2017,2017,TV-MA,Adult (18+)
s3321,Kathleen Madigan: Bothering Jesus,Movie,United States,2016,2016,TV-MA,Adult (18+)
s3322,Katt Williams: American Hustle (The Movie),Movie,United States,2007,2018,TV-MA,Adult (18+)
s3323,Katt Williams: Great America,Movie,United States,2018,2018,TV-MA,Adult (18+)
s3324,Katt Williams: Kattpacalypse,Movie,United States,2012,2018,TV-MA,Adult (18+)
s3325,Katt Williams: Live,Movie,United States,2006,2018,NR,Not Rated (NR)
s3326,Katt Williams: The Pimp Chronicles: Pt. 1,Movie,United States,2006,2018,TV-MA,Adult (18+)
s3327,Katti Batti,Movie,India,2015,2018,TV-14,Teens (13-17)
s3328,Kavin Jay: Everybody Calm Down!,Movie,Unknown Country,2018,2018,TV-MA,Adult (18+)
s3329,Kaviyude Osyath,Movie,India,2017,2018,TV-14,Teens (13-17)
s3330,Kay Dyache Bola,Movie,India,2005,2018,TV-14,Teens (13-17)
s3331,Kazoops!,TV Show,Australia,2017,2017,TV-Y,Kids & Family
s3332,KD (A) Karuppudurai,Movie,India,2019,2020,TV-14,Teens (13-17)
s3333,Keith Richards: Under the Influence,Movie,United States,2015,2015,TV-14,Teens (13-17)
s3334,Ken Burns Presents: College Behind Bars: A Film by Lynn Novick and Produced by Sarah Botstein,TV Show,United States,2019,2020,TV-MA,Adult (18+)
s3335,Ken Burns: The Civil War,TV Show,United States,1990,2017,TV-14,Teens (13-17)
s3336,Ken Burns: The Roosevelts: An Intimate History,TV Show,United States,2014,2017,TV-PG,Kids & Family
s3337,Ken Burns: The West,TV Show,United States,1996,2017,TV-PG,Kids & Family
s3338,"Ken Jeong: You Complete Me, Ho",Movie,United States,2019,2019,TV-MA,Adult (18+)
s3339,KENGAN ASHURA,TV Show,United States,2019,2019,TV-MA,Adult (18+)
s3339,KENGAN ASHURA,TV Show,Japan,2019,2019,TV-MA,Adult (18+)
s3340,Kenny Sebastian: The Most Interesting Person in the Room,Movie,India,2020,2020,TV-MA,Adult (18+)
s3341,Kevin Hart: Don’t F**k This Up,TV Show,United States,2019,2019,TV-MA,Adult (18+)
s3342,Kevin Hart: I'm a Grown Little Man,Movie,United States,2009,2020,TV-MA,Adult (18+)
s3343,Kevin Hart: Irresponsible,Movie,United States,2019,2019,TV-MA,Adult (18+)
s3344,Kevin Hart: Laugh at My Pain,Movie,United States,2011,2018,R,Adult (18+)
s3345,Kevin Hart: Let Me Explain,Movie,United States,2013,2018,R,Adult (18+)
s3346,Kevin Hart: Seriously Funny,Movie,United States,2010,2018,TV-MA,Adult (18+)
s3347,Kevin Hart: What Now?,Movie,United States,2016,2017,R,Adult (18+)
s3348,Kevin Hart: Zero F**ks Given,Movie,United States,2020,2020,TV-MA,Adult (18+)
s3349,Kevin Hart's Guide to Black History,Movie,United States,2019,2019,TV-PG,Kids & Family
s3350,Kevin James: Never Don't Give Up,Movie,United States,2018,2018,TV-PG,Kids & Family
s3351,Kevin James: Sweat the Small Stuff,Movie,United States,2001,2019,TV-PG,Kids & Family
s3352,Kevyn Aucoin: Beauty & the Beast in Me,Movie,United States,2017,2019,TV-MA,Adult (18+)
s3353,Khaani,TV Show,Pakistan,2017,2019,TV-14,Teens (13-17)
s3354,Khalnayak,Movie,India,1993,2018,TV-14,Teens (13-17)
s3355,Khan: No. 1 Crime Hunter,TV Show,India,2018,2018,TV-14,Teens (13-17)
s3356,Khelti Hai Zindagi Aankh Micholi,TV Show,India,2013,2017,TV-14,Teens (13-17)
s3357,Khido Khundi,Movie,India,2018,2018,TV-14,Teens (13-17)
s3358,Khoobsurat,Movie,India,2014,2018,TV-14,Teens (13-17)
s3359,Khoon Khoon,Movie,India,1973,2017,TV-14,Teens (13-17)
s3360,Khosla Ka Ghosla,Movie,India,2006,2018,TV-14,Teens (13-17)
s3361,Khotey Sikkey,TV Show,India,2011,2018,TV-14,Teens (13-17)
s3362,Khubsoorat,Movie,India,1980,2019,TV-PG,Kids & Family
s3363,Khushi,Movie,India,2003,2018,TV-14,Teens (13-17)
s3364,Kia and Cosmos,Movie,India,2018,2019,TV-14,Teens (13-17)
s3365,Kibaoh Klashers,TV Show,China,2017,2017,TV-Y7,Kids & Family
s3366,Kickboxer: Retaliation,Movie,United States,2017,2018,R,Adult (18+)
s3367,Kickboxer: Vengeance,Movie,United States,2016,2016,TV-MA,Adult (18+)
s3368,Kicking and Screaming,Movie,United States,1995,2019,R,Adult (18+)
s3369,Kicko & Super Speedo,TV Show,Unknown Country,2018,2019,TV-Y7,Kids & Family
s3370,Kid Kulafu,Movie,Philippines,2015,2019,TV-14,Teens (13-17)
s3371,Kid-E-Cats,TV Show,Russia,2016,2020,TV-Y,Kids & Family
s3372,Kidnapping Mr. Heineken,Movie,Netherlands,2015,2017,R,Adult (18+)
s3372,Kidnapping Mr. Heineken,Movie,Belgium,2015,2017,R,Adult (18+)
s3372,Kidnapping Mr. Heineken,Movie,United Kingdom,2015,2017,R,Adult (18+)
s3372,Kidnapping Mr. Heineken,Movie,United States,2015,2017,R,Adult (18+)
s3373,Kidnapping Stella,Movie,Germany,2019,2019,TV-MA,Adult (18+)
s3374,Kids on the Block,Movie,Turkey,2019,2019,TV-PG,Kids & Family
s3375,Kikoriki,TV Show,Unknown Country,2010,,TV-Y,Kids & Family
s3376,Kill Bill: Vol. 1,Movie,United States,2003,2020,R,Adult (18+)
s3376,Kill Bill: Vol. 1,Movie,Japan,2003,2020,R,Adult (18+)
s3377,Kill Bill: Vol. 2,Movie,United States,2004,2020,R,Adult (18+)
s3378,Kill Command,Movie,United Kingdom,2016,2017,TV-MA,Adult (18+)
s3379,Kill Hitler! The Luck of the Devil,Movie,France,2015,2019,TV-14,Teens (13-17)
s3380,Kill la Kill,TV Show,Japan,2014,2019,TV-MA,Adult (18+)
s3381,Kill Me If You Dare,Movie,Turkey,2019,2019,TV-14,Teens (13-17)
s3382,Kill Ratio,Movie,United States,2016,2017,TV-MA,Adult (18+)
s3383,Kill the Irishman,Movie,United States,2011,2020,R,Adult (18+)
s3384,Kill the Messenger,Movie,United States,2014,2018,R,Adult (18+)
s3385,Killa,Movie,India,2014,2017,TV-14,Teens (13-17)
s3386,Killer Cove,Movie,United States,2019,2020,TV-14,Teens (13-17)
s3387,Killer Inside: The Mind of Aaron Hernandez,TV Show,United States,2020,2020,TV-MA,Adult (18+)
s3388,Killer Klowns from Outer Space,Movie,United States,1988,2020,PG-13,Teens (13-17)
s3389,Killer Ratings,TV Show,Unknown Country,2019,2019,TV-MA,Adult (18+)
s3390,Killer Women with Piers Morgan,TV Show,United Kingdom,2017,2020,TV-MA,Adult (18+)
s3391,Killers,Movie,United States,2010,2021,PG-13,Teens (13-17)
s3392,Killing Hasselhoff,Movie,United States,2017,2020,R,Adult (18+)
s3393,Killing Them Softly,Movie,United States,2012,2020,R,Adult (18+)
s3394,Kills on Wheels,Movie,Hungary,2016,2018,TV-MA,Adult (18+)
s3395,Kilo Two Bravo,Movie,United Kingdom,2014,2019,R,Adult (18+)
s3396,Kim's Convenience,TV Show,Canada,2020,2020,TV-MA,Adult (18+)
s3397,King Jack,Movie,United States,2015,2016,NR,Not Rated (NR)
s3398,King of Boys,Movie,Nigeria,2018,2019,TV-MA,Adult (18+)
s3399,King of Peking,Movie,China,2018,2018,TV-14,Teens (13-17)
s3399,King of Peking,Movie,United States,2018,2018,TV-14,Teens (13-17)
s3399,King of Peking,Movie,Australia,2018,2018,TV-14,Teens (13-17)
s3400,King's Ransom,Movie,United States,2005,2019,PG-13,Teens (13-17)
s3400,King's Ransom,Movie,Canada,2005,2019,PG-13,Teens (13-17)
s3401,King’s War,TV Show,China,2012,2017,TV-14,Teens (13-17)
s3402,Kingdom,TV Show,United States,2017,2020,TV-MA,Adult (18+)
s3403,Kingdom of Us,Movie,United Kingdom,2017,2017,TV-MA,Adult (18+)
s3404,Kingdoms of the Sky,TV Show,Unknown Country,2018,2018,TV-PG,Kids & Family
s3405,Kingpin,Movie,United States,1996,2020,PG-13,Teens (13-17)
s3406,Kings,Movie,France,2017,2018,R,Adult (18+)
s3406,Kings,Movie,Belgium,2017,2018,R,Adult (18+)
s3406,Kings,Movie,China,2017,2018,R,Adult (18+)
s3406,Kings,Movie,United States,2017,2018,R,Adult (18+)
s3407,Kings of Jo'Burg,TV Show,South Africa,2020,2020,TV-MA,Adult (18+)
s3408,Kipo and the Age of Wonderbeasts,TV Show,United States,2020,2020,TV-Y7,Kids & Family
s3409,Kis Kisko Pyaar Karoon,Movie,India,2015,2017,TV-PG,Kids & Family
s3410,Kisaan,Movie,India,2009,2018,TV-14,Teens (13-17)
s3411,Kismat Konnection,Movie,India,2008,2018,TV-PG,Kids & Family
s3412,Kiss & Cry,Movie,Canada,2017,2017,TV-MA,Adult (18+)
s3413,Kiss Me First,TV Show,United Kingdom,2018,2018,TV-MA,Adult (18+)
s3413,Kiss Me First,TV Show,United States,2018,2018,TV-MA,Adult (18+)
s3414,Kiss the Girls,Movie,United States,1997,2020,R,Adult (18+)
s3415,Kiss the Ground,Movie,United States,2020,2020,TV-G,Kids & Family
s3416,Kiss The Series,TV Show,Unknown Country,2016,2019,TV-14,Teens (13-17)
s3417,Kissing Game,TV Show,Brazil,2020,2020,TV-MA,Adult (18+)
s3418,Kita Kita,Movie,Philippines,2017,2018,TV-14,Teens (13-17)
s3419,Kitten Rescuers,TV Show,United Kingdom,2017,2019,TV-14,Teens (13-17)
s3420,KL Zombi,Movie,Malaysia,2013,2017,TV-14,Teens (13-17)
s3421,Klaus,Movie,Spain,2019,2019,PG,Kids & Family
s3421,Klaus,Movie,United Kingdom,2019,2019,PG,Kids & Family
s3422,Knightfall,TV Show,United States,2019,2019,TV-MA,Adult (18+)
s3423,Knights of Sidonia,TV Show,Japan,2015,2019,TV-MA,Adult (18+)
s3424,Knock Down The House,Movie,United States,2019,2019,PG,Kids & Family
s3425,Knock Knock,Movie,United States,2015,2020,R,Adult (18+)
s3425,Knock Knock,Movie,Chile,2015,2020,R,Adult (18+)
s3425,Knock Knock,Movie,Israel,2015,2020,R,Adult (18+)
s3426,Know Your Enemy - Japan,Movie,United States,1945,2017,TV-14,Teens (13-17)
s3427,Knowing,Movie,United States,2009,2019,PG-13,Teens (13-17)
s3427,Knowing,Movie,United Kingdom,2009,2019,PG-13,Teens (13-17)
s3427,Knowing,Movie,Australia,2009,2019,PG-13,Teens (13-17)
s3428,KO One,TV Show,Taiwan,2005,2019,TV-MA,Adult (18+)
s3429,KO One Return,TV Show,Unknown Country,2012,2019,TV-MA,Adult (18+)
s3430,Kocan Kadar Konus,Movie,Turkey,2015,2017,TV-14,Teens (13-17)
s3431,Kocan Kadar Konus 2: Dirilis,Movie,Turkey,2016,2017,TV-14,Teens (13-17)
s3432,Kodachrome,Movie,Canada,2018,2018,TV-MA,Adult (18+)
s3432,Kodachrome,Movie,United States,2018,2018,TV-MA,Adult (18+)
s3433,Koi Aap Sa,Movie,India,2006,2019,TV-14,Teens (13-17)
s3434,Koko: The Gorilla Who Talks,Movie,United Kingdom,2016,2017,TV-G,Kids & Family
s3435,Kolaiyuthir Kaalam,Movie,India,2019,2020,TV-14,Teens (13-17)
s3436,Komola Rocket,Movie,Bangladesh,2018,2019,TV-14,Teens (13-17)
s3437,Kon Kon Kon,TV Show,Unknown Country,2014,2018,TV-PG,Kids & Family
s3438,Kon-Tiki,Movie,United Kingdom,2012,2019,PG-13,Teens (13-17)
s3438,Kon-Tiki,Movie,Norway,2012,2019,PG-13,Teens (13-17)
s3438,Kon-Tiki,Movie,Denmark,2012,2019,PG-13,Teens (13-17)
s3438,Kon-Tiki,Movie,Germany,2012,2019,PG-13,Teens (13-17)
s3438,Kon-Tiki,Movie,Sweden,2012,2019,PG-13,Teens (13-17)
s3439,Kong: King of the Apes,TV Show,United States,2018,2018,TV-Y7,Kids & Family
s3439,Kong: King of the Apes,TV Show,Japan,2018,2018,TV-Y7,Kids & Family
s3439,Kong: King of the Apes,TV Show,Canada,2018,2018,TV-Y7,Kids & Family
s3440,Kongsuni and Friends,TV Show,Unknown Country,2020,2020,TV-Y,Kids & Family
s3441,Kopitiam,TV Show,Malaysia,2003,2018,TV-14,Teens (13-17)
s3442,Korean Pork Belly Rhapsody,TV Show,Unknown Country,2020,2021,TV-G,Kids & Family
s3443,Koshish,Movie,India,1972,2019,TV-14,Teens (13-17)
s3444,Kraftidioten,Movie,Norway,2014,2017,TV-MA,Adult (18+)
s3444,Kraftidioten,Movie,Denmark,2014,2017,TV-MA,Adult (18+)
s3444,Kraftidioten,Movie,Sweden,2014,2017,TV-MA,Adult (18+)
s3445,Krish Trish and Baltiboy,Movie,Unknown Country,2009,2017,TV-Y7,Kids & Family
s3446,Krish Trish and Baltiboy: Battle of Wits,Movie,Unknown Country,2013,2017,TV-Y7,Kids & Family
s3447,Krish Trish and Baltiboy: Best Friends Forever,Movie,Unknown Country,2016,2017,TV-Y,Kids & Family
s3448,Krish Trish and Baltiboy: Comics of India,Movie,Unknown Country,2012,2017,TV-Y7,Kids & Family
s3449,Krish Trish and Baltiboy: Face Your Fears,Movie,India,2017,2017,TV-Y7,Kids & Family
s3450,Krish Trish and Baltiboy: Oversmartness Never Pays,Movie,Unknown Country,2017,2017,TV-Y7,Kids & Family
s3451,Krish Trish and Baltiboy: Part II,Movie,Unknown Country,2010,2017,TV-Y7,Kids & Family
s3452,Krish Trish and Baltiboy: The Greatest Trick,Movie,Unknown Country,2013,2017,TV-Y7,Kids & Family
s3453,Krisha,Movie,United States,2015,2018,R,Adult (18+)
s3454,Krishna and His Leela,Movie,India,2020,2020,TV-MA,Adult (18+)
s3455,Krishna Balram,TV Show,Unknown Country,2019,2019,TV-Y7,Kids & Family
s3456,Krishna Cottage,Movie,India,2004,2019,TV-MA,Adult (18+)
s3457,Kristy,Movie,United States,2013,2015,NR,Not Rated (NR)
s3458,Krutant,Movie,India,2019,2019,TV-14,Teens (13-17)
s3459,Krystal,Movie,United States,2017,2019,R,Adult (18+)
s3460,Kucch To Hai,Movie,India,2003,2019,TV-14,Teens (13-17)
s3461,Kuch Kuch Hota Hai,Movie,India,1998,2020,TV-14,Teens (13-17)
s3462,Kuldip Patwal: I Didn't Do It!,Movie,India,2017,2019,TV-MA,Adult (18+)
s3463,Kulipari: An Army of Frogs,TV Show,United States,2016,2016,TV-Y7,Kids & Family
s3464,Kulipari: Dream Walker,TV Show,Unknown Country,2018,2018,TV-Y7,Kids & Family
s3465,Kung Fu Hustle,Movie,Hong Kong,2004,2020,R,Adult (18+)
s3465,Kung Fu Hustle,Movie,China,2004,2020,R,Adult (18+)
s3465,Kung Fu Hustle,Movie,United States,2004,2020,R,Adult (18+)
s3466,Kung Fu Magoo,Movie,Mexico,2010,2018,TV-Y7,Kids & Family
s3466,Kung Fu Magoo,Movie,United States,2010,2018,TV-Y7,Kids & Family
s3467,Kung Fu Panda: Holiday,Movie,United States,2010,2012,TV-PG,Kids & Family
s3468,Kung Fu Panda: Secrets of the Scroll,Movie,United States,2016,2016,TV-PG,Kids & Family
s3469,Kung Fu Yoga,Movie,China,2017,2017,TV-PG,Kids & Family
s3469,Kung Fu Yoga,Movie,India,2017,2017,TV-PG,Kids & Family
s3469,Kung Fu Yoga,Movie,Nepal,2017,2017,TV-PG,Kids & Family
s3470,Kuntilanak,Movie,Indonesia,2018,2018,TV-14,Teens (13-17)
s3471,Kuppivala,Movie,Unknown Country,2017,2018,TV-14,Teens (13-17)
s3472,Kurbaan,Movie,India,2009,2018,TV-14,Teens (13-17)
s3473,Kuroko's Basketball,TV Show,Japan,2013,2021,TV-MA,Adult (18+)
s3474,Kuromukuro,TV Show,Japan,2016,2016,TV-14,Teens (13-17)
s3475,Kurt & Courtney,Movie,United Kingdom,1998,2019,R,Adult (18+)
s3476,Kurt Seyit & Sura,TV Show,Turkey,2014,2016,TV-14,Teens (13-17)
s3477,Kurtulus Son Durak,Movie,Turkey,2012,2017,TV-MA,Adult (18+)
s3478,Kya Kehna,Movie,India,2000,2018,TV-PG,Kids & Family
s3479,Kyaa Kool Hai Hum,Movie,India,2005,2019,TV-14,Teens (13-17)
s3480,Kyaa Kool Hain Hum 3,Movie,India,2016,2019,R,Adult (18+)
s3481,Kygo: Live at the Hollywood Bowl,Movie,United States,2017,2018,TV-MA,Adult (18+)
s3482,Kyo Kii... Main Jhuth Nahin Bolta,Movie,India,2001,2019,TV-PG,Kids & Family
s3483,Kyun! Ho Gaya Na,Movie,India,2004,2018,TV-PG,Kids & Family
s3484,L.A.’s Finest,TV Show,United States,2019,2021,TV-14,Teens (13-17)
s3485,Léa & I,Movie,Unknown Country,2019,2019,TV-MA,Adult (18+)
s3486,La Última Fiesta,Movie,Argentina,2016,2017,TV-MA,Adult (18+)
s3487,LA 92,Movie,United States,2017,2018,R,Adult (18+)
s3488,La Bamba,Movie,United States,1987,2020,PG-13,Teens (13-17)
s3489,La casa de papel,TV Show,Spain,2020,2020,TV-MA,Adult (18+)
s3490,La Coppia dei Campioni,Movie,Italy,2016,2017,TV-MA,Adult (18+)
s3491,La Doña,TV Show,United States,2016,2018,TV-14,Teens (13-17)
s3491,La Doña,TV Show,Mexico,2016,2018,TV-14,Teens (13-17)
s3492,La Esclava Blanca,TV Show,Colombia,2016,2016,TV-MA,Adult (18+)
s3493,La Familia P. Luche,TV Show,United States,2012,,TV-14,Teens (13-17)
s3494,La Femme,TV Show,Unknown Country,2016,2017,TV-14,Teens (13-17)
s3495,La Gran Ilusión,Movie,Unknown Country,2016,2020,TV-14,Teens (13-17)
s3496,La Grande Chaumière Violette,TV Show,Taiwan,2016,2019,TV-14,Teens (13-17)
s3497,La Línea: Shadow of Narco,TV Show,Spain,2020,2020,TV-MA,Adult (18+)
s3498,La Leyenda del Diamante,Movie,Mexico,2017,2019,TV-MA,Adult (18+)
s3499,La Mante,TV Show,France,2017,2017,TV-MA,Adult (18+)
s3500,La Niña,TV Show,Colombia,2016,2016,TV-MA,Adult (18+)
s3501,LA Originals,Movie,United States,2020,2020,TV-MA,Adult (18+)
s3501,LA Originals,Movie,Argentina,2020,2020,TV-MA,Adult (18+)
s3502,La Piloto,TV Show,Mexico,2017,2018,TV-MA,Adult (18+)
s3503,La Révolution,TV Show,France,2020,2020,TV-MA,Adult (18+)
s3504,La Reina del Sur,TV Show,Mexico,2019,2019,TV-MA,Adult (18+)
s3504,La Reina del Sur,TV Show,United States,2019,2019,TV-MA,Adult (18+)
s3504,La Reina del Sur,TV Show,Spain,2019,2019,TV-MA,Adult (18+)
s3504,La Reina del Sur,TV Show,Colombia,2019,2019,TV-MA,Adult (18+)
s3505,La Robe De Mariee Des Cieux,TV Show,Taiwan,2004,2019,TV-MA,Adult (18+)
s3506,La Rosa de Guadalupe,TV Show,Mexico,2010,2019,TV-PG,Kids & Family
s3507,La Viuda Negra,TV Show,Colombia,2016,2019,TV-14,Teens (13-17)
s3507,La Viuda Negra,TV Show,Mexico,2016,2019,TV-14,Teens (13-17)
s3507,La Viuda Negra,TV Show,United States,2016,2019,TV-14,Teens (13-17)
s3508,Laal Rang,Movie,India,2016,2018,TV-14,Teens (13-17)
s3509,Laatu,Movie,India,2018,2019,TV-PG,Kids & Family
s3510,Laddaland,Movie,Thailand,2011,2018,TV-MA,Adult (18+)
s3511,Ladies First,Movie,India,2018,2018,TV-G,Kids & Family
s3512,Ladies Up,TV Show,India,2019,2020,TV-MA,Adult (18+)
s3513,Lady Bird,Movie,United States,2017,2020,R,Adult (18+)
s3514,Lady Bloodfight,Movie,Hong Kong,2016,2017,R,Adult (18+)
s3515,Lady Driver,Movie,United States,2019,2020,PG,Kids & Family
s3516,Lady Dynamite,TV Show,United States,2017,2017,TV-MA,Adult (18+)
s3517,Lady in the Water,Movie,United States,2006,2019,PG-13,Teens (13-17)
s3518,Lady J,Movie,France,2019,2019,TV-MA,Adult (18+)
s3519,Lady-Like,Movie,United States,2018,2019,NC-17,Adult (18+)
s3520,"Lady, la vendedora de rosas",TV Show,Colombia,2015,2018,TV-14,Teens (13-17)
s3521,Laerte-se,Movie,Brazil,2017,2017,TV-MA,Adult (18+)
s3522,Lagaan,Movie,India,2001,2021,PG,Kids & Family
s3523,Lagos Real Fake Life,Movie,Unknown Country,2018,2019,TV-MA,Adult (18+)
s3524,Lakeeran,Movie,India,2016,2019,TV-PG,Kids & Family
s3525,Lakshya,Movie,India,2004,2019,TV-PG,Kids & Family
s3526,Lal Patthar,Movie,India,1971,2017,TV-14,Teens (13-17)
s3527,Lalbaug Parel: Zali Mumbai Sonyachi,Movie,India,2010,2018,TV-MA,Adult (18+)
s3528,Land Girls,TV Show,United Kingdom,2011,2017,TV-14,Teens (13-17)
s3529,Lang Tong,Movie,Singapore,2015,2018,TV-MA,Adult (18+)
s3530,Lara and the Beat,Movie,Nigeria,2018,2020,TV-MA,Adult (18+)
s3531,Larceny,Movie,United States,2017,2017,TV-14,Teens (13-17)
s3531,Larceny,Movie,Mexico,2017,2017,TV-14,Teens (13-17)
s3532,Larry Charles' Dangerous World of Comedy,TV Show,Unknown Country,2019,2019,TV-MA,Adult (18+)
s3533,Larry the Cable Guy: Remain Seated,Movie,United States,2020,2020,TV-14,Teens (13-17)
s3534,Larva,TV Show,Russia,2015,2016,TV-Y7,Kids & Family
s3535,Larva Island,TV Show,Unknown Country,2019,2019,TV-Y7,Kids & Family
s3536,Las muñecas de la mafia,TV Show,Colombia,2018,2019,TV-MA,Adult (18+)
s3537,Last,TV Show,South Korea,2015,2017,TV-14,Teens (13-17)
s3538,Last Breath,Movie,United Kingdom,2019,2019,TV-MA,Adult (18+)
s3538,Last Breath,Movie,Belgium,2019,2019,TV-MA,Adult (18+)
s3538,Last Breath,Movie,Sweden,2019,2019,TV-MA,Adult (18+)
s3539,Last Chance U,TV Show,United States,2020,2020,TV-MA,Adult (18+)
s3540,Last Ferry,Movie,United States,2019,2020,TV-MA,Adult (18+)
s3541,Last Flight to Abuja,Movie,Nigeria,2012,2020,TV-14,Teens (13-17)
s3541,Last Flight to Abuja,Movie,United Kingdom,2012,2020,TV-14,Teens (13-17)
s3542,LAST HOPE,TV Show,Japan,2018,2018,TV-14,Teens (13-17)
s3543,Last Knights,Movie,United Kingdom,2015,2019,R,Adult (18+)
s3543,Last Knights,Movie,South Korea,2015,2019,R,Adult (18+)
s3544,Last Night,Movie,United States,2010,2019,R,Adult (18+)
s3544,Last Night,Movie,France,2010,2019,R,Adult (18+)
s3545,Last Tango in Halifax,TV Show,United Kingdom,2020,2021,TV-MA,Adult (18+)
s3546,Late Life: The Chien-Ming Wang Story,Movie,United States,2018,2019,TV-14,Teens (13-17)
s3546,Late Life: The Chien-Ming Wang Story,Movie,Taiwan,2018,2019,TV-14,Teens (13-17)
s3547,Latte and the Magic Waterstone,Movie,Germany,2020,2020,TV-Y,Kids & Family
s3548,Lavell Crawford: Can a Brother Get Some Love?,Movie,United States,2011,2016,TV-MA,Adult (18+)
s3549,Lavender,TV Show,Taiwan,2002,2019,TV-14,Teens (13-17)
s3550,Lawless,Movie,United States,2012,2019,R,Adult (18+)
s3551,Laws of Attraction,TV Show,Unknown Country,2012,2017,TV-14,Teens (13-17)
s3552,Layer Cake,Movie,United Kingdom,2004,2019,R,Adult (18+)
s3553,Layla M.,Movie,Netherlands,2016,2018,TV-MA,Adult (18+)
s3553,Layla M.,Movie,Belgium,2016,2018,TV-MA,Adult (18+)
s3553,Layla M.,Movie,Germany,2016,2018,TV-MA,Adult (18+)
s3553,Layla M.,Movie,Jordan,2016,2018,TV-MA,Adult (18+)
s3554,Le K Benzema,Movie,France,2017,2018,TV-14,Teens (13-17)
s3555,Le serment des Hitler,Movie,France,2014,2019,TV-PG,Kids & Family
s3556,League of Legends Origins,Movie,United States,2019,2019,TV-MA,Adult (18+)
s3557,Leah Remini: Scientology and the Aftermath,TV Show,United States,2018,2020,TV-14,Teens (13-17)
s3558,Leap Year,Movie,United States,2010,2019,PG,Kids & Family
s3558,Leap Year,Movie,Ireland,2010,2019,PG,Kids & Family
s3559,Leap!,Movie,France,2016,2021,PG,Kids & Family
s3559,Leap!,Movie,Canada,2016,2021,PG,Kids & Family
s3560,LeapFrog: Letter Factory,Movie,United States,2003,2020,TV-Y,Kids & Family
s3561,LeapFrog: Numberland,Movie,United States,2011,2020,TV-Y,Kids & Family
s3562,LeapFrog: Phonics Farm,Movie,United States,2011,2020,TV-Y,Kids & Family
s3563,"LeapFrog: Sing-along, Read-along",Movie,Unknown Country,2011,2020,TV-Y,Kids & Family
s3564,Learning Songs by Little Baby Bum: Nursery Rhyme Friends,TV Show,Unknown Country,2015,2017,TV-Y,Kids & Family
s3565,Learning Time with Timmy,TV Show,United Kingdom,2018,2020,TV-Y,Kids & Family
s3566,Lechmi,Movie,India,2017,2018,TV-MA,Adult (18+)
s3567,Lee Daniels' The Butler,Movie,United States,2013,2020,PG-13,Teens (13-17)
s3568,Left Behind,Movie,United States,2014,2018,PG-13,Teens (13-17)
s3568,Left Behind,Movie,Canada,2014,2018,PG-13,Teens (13-17)
s3569,Legacies,TV Show,United States,2019,2020,TV-14,Teens (13-17)
s3570,Legend,Movie,United Kingdom,2015,2020,R,Adult (18+)
s3570,Legend,Movie,France,2015,2020,R,Adult (18+)
s3570,Legend,Movie,United States,2015,2020,R,Adult (18+)
s3571,Legend of the Guardians: The Owls of Ga'Hoole,Movie,United States,2010,2020,PG,Kids & Family
s3571,Legend of the Guardians: The Owls of Ga'Hoole,Movie,Australia,2010,2020,PG,Kids & Family
s3572,Legend of the Naga Pearls,Movie,China,2017,2018,TV-MA,Adult (18+)
s3573,Legend Quest,TV Show,Mexico,2017,2017,TV-Y7,Kids & Family
s3574,Legend Quest: Masters of Myth,TV Show,Mexico,2019,2019,TV-Y7,Kids & Family
s3575,Legendary Weapons of China,Movie,Hong Kong,1982,2018,TV-14,Teens (13-17)
s3576,Legends of Strength,TV Show,United States,2017,2019,TV-PG,Kids & Family
s3577,LEGENDS OF THE HIDDEN TEMPLE,Movie,United States,2016,2019,TV-PG,Kids & Family
s3578,Legion,Movie,United States,2010,2019,R,Adult (18+)
s3579,LEGO Bionicle: The Journey to One,TV Show,United States,2016,2016,TV-Y7,Kids & Family
s3580,Lego DC Comics: Batman Be-Leaguered,Movie,United States,2014,2019,TV-Y7,Kids & Family
s3581,LEGO Elves: Secrets of Elvendale,TV Show,United States,2017,2017,TV-Y7,Kids & Family
s3582,Lego Friends,TV Show,Unknown Country,2017,2019,TV-G,Kids & Family
s3583,Lego Friends: Girls on a Mission,TV Show,Denmark,2018,2019,TV-Y,Kids & Family
s3584,LEGO Friends: The Power of Friendship,TV Show,Denmark,2016,2016,TV-Y7,Kids & Family
s3585,LEGO House - Home of the Brick,Movie,Unknown Country,2018,2018,TV-G,Kids & Family
s3586,LEGO Jurassic World: Legend of Isla Nublar,TV Show,United States,2019,2020,TV-Y,Kids & Family
s3587,LEGO Jurassic World: Secret Exhibit,TV Show,United States,2018,2020,TV-Y,Kids & Family
s3588,LEGO Jurassic World: The Indominus Escape,Movie,United States,2016,2016,TV-Y7,Kids & Family
s3589,LEGO Marvel Super Heroes: Avengers Reassembled!,Movie,United States,2015,2017,TV-Y7,Kids & Family
s3590,LEGO Marvel Super Heroes: Black Panther,Movie,United States,2018,2019,TV-Y7,Kids & Family
s3591,LEGO Marvel Super Heroes: Guardians of the Galaxy,Movie,United States,2017,2019,TV-Y,Kids & Family
s3592,LEGO Ninjago,TV Show,Canada,2020,2020,TV-Y7,Kids & Family
s3593,LEGO Ninjago: Masters of Spinjitzu,TV Show,Denmark,2019,2020,TV-Y7,Kids & Family
s3593,LEGO Ninjago: Masters of Spinjitzu,TV Show,Singapore,2019,2020,TV-Y7,Kids & Family
s3593,LEGO Ninjago: Masters of Spinjitzu,TV Show,Canada,2019,2020,TV-Y7,Kids & Family
s3593,LEGO Ninjago: Masters of Spinjitzu,TV Show,United States,2019,2020,TV-Y7,Kids & Family
s3594,LEGO Ninjago: Masters of Spinjitzu: Day of the Departed,Movie,Denmark,2016,2019,TV-Y7-FV,Kids & Family
s3594,LEGO Ninjago: Masters of Spinjitzu: Day of the Departed,Movie,China,2016,2019,TV-Y7-FV,Kids & Family
s3595,LEGO: CITY Adventures,TV Show,United States,2019,2020,TV-Y,Kids & Family
s3595,LEGO: CITY Adventures,TV Show,France,2019,2020,TV-Y,Kids & Family
s3596,LEGO: Marvel Super Heroes: Maximum Overload,Movie,United States,2013,2017,TV-Y7,Kids & Family
s3597,Leila,TV Show,India,2019,2019,TV-MA,Adult (18+)
s3598,Lembi 8 Giga,Movie,Unknown Country,2010,2020,TV-MA,Adult (18+)
s3599,Lenox Hill,TV Show,United States,2020,2020,TV-MA,Adult (18+)
s3600,Lens,Movie,India,2015,2017,TV-MA,Adult (18+)
s3601,Leo & Tig,TV Show,Unknown Country,2017,2018,TV-Y,Kids & Family
s3602,Leo the Lion,Movie,United States,2013,2015,TV-Y7-FV,Kids & Family
s3602,Leo the Lion,Movie,Italy,2013,2015,TV-Y7-FV,Kids & Family
s3603,"Les Bleus - Une autre histoire de France, 1996-2016",Movie,France,2016,2017,TV-MA,Adult (18+)
s3604,Les Misérables,Movie,United Kingdom,2012,2020,PG-13,Teens (13-17)
s3604,Les Misérables,Movie,United States,2012,2020,PG-13,Teens (13-17)
s3605,Leslie Jones: Time Machine,Movie,United States,2020,2020,TV-MA,Adult (18+)
s3606,Lessons from a School Shooting: Notes from Dunblane,Movie,United States,2018,2018,TV-14,Teens (13-17)
s3607,Let It Fall: Los Angeles 1982-1992,Movie,United States,2017,2017,TV-MA,Adult (18+)
s3608,Let It Snow,Movie,United States,2019,2019,PG-13,Teens (13-17)
s3609,Let There Be Light,Movie,United States,1946,2017,TV-PG,Kids & Family
s3610,Let's Dance,Movie,Egypt,2006,2020,TV-14,Teens (13-17)
s3611,Let's Eat 2,TV Show,Malaysia,2015,2019,TV-MA,Adult (18+)
s3611,Let's Eat 2,TV Show,Singapore,2015,2019,TV-MA,Adult (18+)
s3611,Let's Eat 2,TV Show,Hong Kong,2015,2019,TV-MA,Adult (18+)
s3612,Let’s Eat,TV Show,South Korea,2013,2019,TV-PG,Kids & Family
s3613,Levius,TV Show,Japan,2019,2019,TV-14,Teens (13-17)
s3614,Leyla and Mecnun,TV Show,Turkey,2014,2017,TV-MA,Adult (18+)
s3615,Leyla Everlasting,Movie,Turkey,2020,2020,TV-MA,Adult (18+)
s3616,Lez Bomb,Movie,United States,2018,2019,TV-14,Teens (13-17)
s3617,"Liar, Liar, Vampire",Movie,United States,2015,2019,TV-PG,Kids & Family
s3618,Liar's Dice,Movie,India,2013,2017,TV-MA,Adult (18+)
s3619,Liberated: The New Sexual Revolution,Movie,United States,2017,2018,TV-MA,Adult (18+)
s3619,Liberated: The New Sexual Revolution,Movie,Mexico,2017,2018,TV-MA,Adult (18+)
s3620,License to Drill: Louisiana,TV Show,Canada,2014,2019,TV-PG,Kids & Family
s3621,Liefling,Movie,South Africa,2010,2020,TV-PG,Kids & Family
s3622,Life,TV Show,South Korea,2018,2018,TV-MA,Adult (18+)
s3623,Life 2.0,Movie,United States,2010,2017,TV-MA,Adult (18+)
s3624,Life After Beth,Movie,United States,2014,2018,R,Adult (18+)
s3625,Life in a ... Metro,Movie,India,2007,2018,TV-14,Teens (13-17)
s3626,Life in the Doghouse,Movie,United States,2018,2019,TV-PG,Kids & Family
s3627,Life Ki Toh Lag Gayi,Movie,India,2012,2018,TV-MA,Adult (18+)
s3628,Life of An Outcast,Movie,India,2018,2019,TV-PG,Kids & Family
s3629,Life on Location,TV Show,United States,2009,2015,TV-G,Kids & Family
s3630,Life Overtakes Me,Movie,Sweden,2019,2019,TV-PG,Kids & Family
s3630,Life Overtakes Me,Movie,United States,2019,2019,TV-PG,Kids & Family
s3631,Life Plan A and B,TV Show,Taiwan,2016,2017,TV-PG,Kids & Family
s3632,Life Sentence,TV Show,United States,2018,2018,TV-14,Teens (13-17)
s3633,Life Story,TV Show,United Kingdom,2014,2016,TV-14,Teens (13-17)
s3634,Life's Speed Bump,Movie,Egypt,2006,2020,TV-14,Teens (13-17)
s3635,Lifechanger,Movie,Canada,2018,2019,TV-MA,Adult (18+)
s3636,Lifeline,Movie,Hong Kong,1997,2018,TV-14,Teens (13-17)
s3637,Light in the Dark,Movie,Nigeria,2019,2020,TV-14,Teens (13-17)
s3638,Like Arrows,Movie,United States,2018,2019,TV-PG,Kids & Family
s3639,Like Father,Movie,United States,2018,2018,TV-MA,Adult (18+)
s3640,Like Water for Chocolate,Movie,Mexico,1992,2019,R,Adult (18+)
s3641,Lil Peep: Everybody’s Everything,Movie,United States,2019,2020,TV-MA,Adult (18+)
s3642,Lila & Eve,Movie,United States,2015,2016,R,Adult (18+)
s3643,Lilli,Movie,India,2018,2018,TV-MA,Adult (18+)
s3644,Lilyhammer,TV Show,Norway,2014,2014,TV-MA,Adult (18+)
s3644,Lilyhammer,TV Show,United States,2014,2014,TV-MA,Adult (18+)
s3645,Limitless,Movie,India,2017,2019,TV-PG,Kids & Family
s3646,Limmy's Show!,TV Show,United Kingdom,2012,2019,TV-MA,Adult (18+)
s3647,Lincoln,Movie,United States,2012,2018,PG-13,Teens (13-17)
s3647,Lincoln,Movie,India,2012,2018,PG-13,Teens (13-17)
s3648,Line Walker,Movie,China,2016,2018,TV-MA,Adult (18+)
s3648,Line Walker,Movie,Hong Kong,2016,2018,TV-MA,Adult (18+)
s3649,Lingua Franca,Movie,United States,2020,2020,TV-MA,Adult (18+)
s3649,Lingua Franca,Movie,Philippines,2020,2020,TV-MA,Adult (18+)
s3650,Lion Pride,TV Show,Taiwan,2017,2018,TV-MA,Adult (18+)
s3651,Lion's Heart,Movie,Egypt,2013,2019,TV-14,Teens (13-17)
s3652,Lionheart,Movie,Nigeria,2018,2019,TV-PG,Kids & Family
s3653,Liss Pereira: Reteniendo líquidos,Movie,Brazil,2019,2019,TV-14,Teens (13-17)
s3654,Listen,Movie,Lebanon,2017,2020,TV-MA,Adult (18+)
s3655,Listen Up! The Lives of Quincy Jones,Movie,Unknown Country,1990,2019,TV-14,Teens (13-17)
s3656,Little Baby Bum: Go Buster,Movie,Unknown Country,2019,2019,TV-Y,Kids & Family
s3657,Little Baby Bum: Nursery Rhyme Friends,TV Show,United Kingdom,2019,2019,TV-Y,Kids & Family
s3658,Little Boxes,Movie,United States,2016,2017,TV-MA,Adult (18+)
s3659,Little Dragon Maiden,Movie,Hong Kong,1983,2018,TV-14,Teens (13-17)
s3660,Little Evil,Movie,United States,2017,2017,TV-MA,Adult (18+)
s3661,Little Lunch,TV Show,Australia,2015,2018,Unknown,Unknown / Unrated
s3662,Little Lunch: The Halloween Horror Story,Movie,Australia,2016,2018,TV-Y7,Kids & Family
s3663,Little Lunch: The Nightmare Before Graduation,Movie,Australia,2016,2018,TV-Y7,Kids & Family
s3664,Little Men,Movie,United States,2016,2017,PG,Kids & Family
s3664,Little Men,Movie,Greece,2016,2017,PG,Kids & Family
s3664,Little Men,Movie,Brazil,2016,2017,PG,Kids & Family
s3665,Little Miss Sumo,Movie,United Kingdom,2018,2019,TV-G,Kids & Family
s3666,Little Monsters,Movie,United States,1989,2020,PG,Kids & Family
s3667,Little Nicky,Movie,United States,2000,2020,PG-13,Teens (13-17)
s3668,Little Singham,TV Show,India,2020,2020,TV-Y7,Kids & Family
s3669,Little Singham aur Kaal ka Mahajaal,Movie,Unknown Country,2018,2018,TV-Y7-FV,Kids & Family
s3670,Little Singham Bandarpur Mein Hu Ha Hu,Movie,Unknown Country,2019,2019,TV-Y7,Kids & Family
s3671,Little Singham in London,Movie,Unknown Country,2019,2019,TV-Y7,Kids & Family
s3672,Little Singham: Kaal Ka Badla,Movie,Unknown Country,2020,2020,TV-Y7,Kids & Family
s3673,Little Singham: Kaal Ki Tabaahi,Movie,Unknown Country,2019,2019,TV-Y7,Kids & Family
s3674,Little Singham: Legend of Dugabakka,Movie,Unknown Country,2020,2020,TV-Y7,Kids & Family
s3675,Little Singham: Mahabali,Movie,Unknown Country,2019,2019,TV-Y7,Kids & Family
s3676,Little Sister,Movie,United States,2016,2017,NR,Not Rated (NR)
s3677,Little Things,TV Show,India,2019,2019,TV-MA,Adult (18+)
s3678,Little Witch Academia,TV Show,Japan,2017,2017,TV-Y7,Kids & Family
s3679,Littlest Pet Shop: A World of Our Own,TV Show,United States,2018,2019,TV-Y7,Kids & Family
s3680,Liv and Maddie,TV Show,United States,2017,2017,TV-G,Kids & Family
s3681,Live,TV Show,South Korea,2018,2019,TV-MA,Adult (18+)
s3682,"Live Twice, Love Once",Movie,Spain,2020,2020,TV-MA,Adult (18+)
s3683,Live Up To Your Name,TV Show,South Korea,2017,2020,TV-MA,Adult (18+)
s3684,Living in Bondage: Breaking Free,Movie,Nigeria,2019,2020,TV-MA,Adult (18+)
s3685,Living Undocumented,TV Show,United States,2019,2019,TV-MA,Adult (18+)
s3686,Living with Yourself,TV Show,United States,2019,2019,TV-MA,Adult (18+)
s3687,Lizzie Borden Took an Ax,Movie,United States,2014,2016,TV-14,Teens (13-17)
s3688,Llama Llama,TV Show,United States,2019,2019,TV-Y,Kids & Family
s3689,Lo and Behold: Reveries of the Connected World,Movie,United States,2016,2016,PG-13,Teens (13-17)
s3690,Lo más sencillo es complicarlo todo,Movie,Mexico,2018,2018,TV-14,Teens (13-17)
s3691,Lo que la verdad esconde: El caso Asunta (Operacion Nenúfar),TV Show,Spain,2017,2019,TV-14,Teens (13-17)
s3692,Lo que la vida me robó,TV Show,Mexico,2013,2017,TV-14,Teens (13-17)
s3693,Loaded,TV Show,United Kingdom,2017,2018,TV-MA,Adult (18+)
s3694,Lock,Movie,India,2016,2018,TV-14,Teens (13-17)
s3695,Lock Your Girls In,Movie,Unknown Country,1982,2020,TV-PG,Kids & Family
s3696,"Lock, Stock and Two Smoking Barrels",Movie,United Kingdom,1998,2019,R,Adult (18+)
s3697,Locke,Movie,United Kingdom,2013,2018,R,Adult (18+)
s3697,Locke,Movie,United States,2013,2018,R,Adult (18+)
s3698,Locke & Key,TV Show,Canada,2020,2020,TV-14,Teens (13-17)
s3698,Locke & Key,TV Show,United States,2020,2020,TV-14,Teens (13-17)
s3699,Locked on You,Movie,Turkey,2018,2019,TV-14,Teens (13-17)
s3700,Locked Up,TV Show,Spain,2020,2020,TV-MA,Adult (18+)
s3701,Lockout,Movie,France,2012,2020,PG-13,Teens (13-17)
s3701,Lockout,Movie,United States,2012,2020,PG-13,Teens (13-17)
s3702,Loco Love,Movie,Mexico,2017,2017,TV-MA,Adult (18+)
s3703,Locust,TV Show,Russia,2014,2017,TV-MA,Adult (18+)
s3704,Loev,Movie,India,2015,2017,TV-MA,Adult (18+)
s3705,Logan's Run,Movie,United States,1976,2019,PG,Kids & Family
s3706,Lola Igna,Movie,Philippines,2019,2020,TV-14,Teens (13-17)
s3707,LoliRock,TV Show,South Korea,2016,2018,TV-Y,Kids & Family
s3707,LoliRock,TV Show,France,2016,2018,TV-Y,Kids & Family
s3708,Lolita,Movie,United Kingdom,1962,2019,R,Adult (18+)
s3708,Lolita,Movie,United States,1962,2019,R,Adult (18+)
s3709,Lommbock,Movie,Germany,2017,2018,TV-MA,Adult (18+)
s3710,London Heist,Movie,United Kingdom,2017,2021,R,Adult (18+)
s3711,London Hughes: To Catch a D*ck,Movie,United States,2020,2020,TV-MA,Adult (18+)
s3712,London Spy,TV Show,United Kingdom,2015,2017,TV-MA,Adult (18+)
s3713,Long Shot,Movie,United States,2017,2017,TV-14,Teens (13-17)
s3714,Long Time Running,Movie,Canada,2017,2017,TV-14,Teens (13-17)
s3715,Longmire,TV Show,United States,2017,2017,TV-MA,Adult (18+)
s3716,Loo Loo Kids: Johny & Friends Musical Adventures,TV Show,Unknown Country,2016,2019,TV-Y,Kids & Family
s3717,Look for a Star,Movie,Hong Kong,2009,2018,TV-14,Teens (13-17)
s3718,"Look Out, Officer",Movie,Hong Kong,1990,2018,TV-14,Teens (13-17)
s3719,Look Who's Back,Movie,Germany,2015,2016,NR,Not Rated (NR)
s3720,Lorai: Play to Live,Movie,India,2015,2017,TV-14,Teens (13-17)
s3721,"Lorena, Light-Footed Woman",Movie,Mexico,2019,2019,TV-G,Kids & Family
s3722,Los 10 años de Peter Capusotto,TV Show,Unknown Country,2015,2018,TV-MA,Adult (18+)
s3723,Los Herederos,Movie,Mexico,2015,2017,TV-MA,Adult (18+)
s3724,Los Niños Héroes de Chapultepec,Movie,Unknown Country,2017,2017,TV-14,Teens (13-17)
s3725,Los tiempos de Pablo Escobar,TV Show,Colombia,2012,2018,TV-14,Teens (13-17)
s3726,Los Tigres del Norte at Folsom Prison,Movie,United States,2019,2019,TV-PG,Kids & Family
s3727,Losers,TV Show,Unknown Country,2019,2019,TV-MA,Adult (18+)
s3728,Losing Sight of Shore,Movie,United States,2017,2017,TV-14,Teens (13-17)
s3728,Losing Sight of Shore,Movie,Australia,2017,2017,TV-14,Teens (13-17)
s3728,Losing Sight of Shore,Movie,Samoa,2017,2017,TV-14,Teens (13-17)
s3728,Losing Sight of Shore,Movie,United Kingdom,2017,2017,TV-14,Teens (13-17)
s3729,Lost & Found Music Studios,TV Show,Canada,2016,2016,TV-G,Kids & Family
s3730,Lost Bullet,Movie,France,2020,2020,TV-MA,Adult (18+)
s3731,Lost Girl,TV Show,Canada,2015,2016,TV-14,Teens (13-17)
s3732,Lost Girls,Movie,United States,2020,2020,R,Adult (18+)
s3733,Lost in London,Movie,Nigeria,2017,2019,TV-PG,Kids & Family
s3734,Lost in Space,TV Show,United States,2019,2019,TV-PG,Kids & Family
s3735,LOST SONG,TV Show,Japan,2018,2018,TV-14,Teens (13-17)
s3736,Loudon Wainwright III: Surviving Twin,Movie,Unknown Country,2018,2018,TV-14,Teens (13-17)
s3737,Louis C.K. 2017,Movie,United States,2017,2017,Unknown,Unknown / Unrated
s3738,Louis C.K.: Hilarious,Movie,United States,2010,2016,Unknown,Unknown / Unrated
s3739,Louis C.K.: Live at the Comedy Store,Movie,United States,2015,2016,Unknown,Unknown / Unrated
s3740,Love,TV Show,United States,2018,2018,TV-MA,Adult (18+)
s3741,Love @ Seventeen,TV Show,Taiwan,2016,2018,TV-14,Teens (13-17)
s3742,Love & Anarchy,TV Show,Sweden,2020,2020,TV-MA,Adult (18+)
s3743,Love 101,TV Show,Turkey,2020,2020,TV-MA,Adult (18+)
s3744,Love Aaj Kal,Movie,India,2020,2020,TV-MA,Adult (18+)
s3745,Love Alarm,TV Show,South Korea,2019,2019,TV-MA,Adult (18+)
s3746,Love and Fortune,TV Show,Japan,2018,2018,TV-MA,Adult (18+)
s3747,Love and Hong Kong,TV Show,Japan,2017,2018,TV-PG,Kids & Family
s3748,Love and Shukla,Movie,India,2017,2018,TV-MA,Adult (18+)
s3749,Love Around,TV Show,Taiwan,2013,2016,TV-14,Teens (13-17)
s3750,Love Beats Rhymes,Movie,United States,2016,2018,R,Adult (18+)
s3751,Love Cheque Charge,TV Show,Taiwan,2014,2016,TV-14,Teens (13-17)
s3752,Love Cuisine,TV Show,Taiwan,2015,2016,TV-MA,Adult (18+)
s3753,Love Dot Com: The Social Experiment,Movie,United States,2019,2020,TV-MA,Adult (18+)
s3754,Love Family,TV Show,Taiwan,2013,2016,TV-MA,Adult (18+)
s3755,Love for Sale,Movie,Indonesia,2018,2019,TV-14,Teens (13-17)
s3756,Love for Sale 2,Movie,Indonesia,2019,2020,TV-14,Teens (13-17)
s3757,Love for Ten: Generation of Youth,TV Show,South Korea,2013,2017,TV-14,Teens (13-17)
s3758,Love In A Puff,Movie,Hong Kong,2010,2018,TV-MA,Adult (18+)
s3759,Love Is a Story,Movie,Romania,2015,2019,TV-MA,Adult (18+)
s3760,Love Is Blind,Movie,United States,2019,2020,TV-MA,Adult (18+)
s3761,Love Is in the Air,TV Show,United Kingdom,2010,2017,TV-14,Teens (13-17)
s3762,Love Is War,Movie,Nigeria,2019,2020,TV-14,Teens (13-17)
s3763,Love Jacked,Movie,Canada,2018,2020,PG-13,Teens (13-17)
s3763,Love Jacked,Movie,South Africa,2018,2020,PG-13,Teens (13-17)
s3764,Love Jones,Movie,United States,1997,2019,R,Adult (18+)
s3765,Love Like the Falling Rain,Movie,Indonesia,2020,2020,TV-14,Teens (13-17)
s3766,Love Me As I Am,TV Show,Turkey,2015,2017,TV-PG,Kids & Family
s3767,Love Me or Leave Me,TV Show,Taiwan,2012,2016,TV-14,Teens (13-17)
s3768,Love Ni Bhavai,Movie,India,2017,2018,TV-14,Teens (13-17)
s3769,Love Now,TV Show,Taiwan,2012,2016,TV-14,Teens (13-17)
s3770,Love O2O,Movie,China,2016,2019,TV-14,Teens (13-17)
s3771,Love Off the Cuff,Movie,China,2017,2019,TV-MA,Adult (18+)
s3771,Love Off the Cuff,Movie,Hong Kong,2017,2019,TV-MA,Adult (18+)
s3772,Love on Delivery,Movie,Hong Kong,1994,2018,TV-14,Teens (13-17)
s3773,Love on the Spectrum,TV Show,Australia,2019,2020,TV-14,Teens (13-17)
s3774,Love Per Square Foot,Movie,India,2018,2018,TV-14,Teens (13-17)
s3775,Love Rain,TV Show,South Korea,2012,2018,TV-PG,Kids & Family
s3776,Love Rhythms - Accidental Daddy,TV Show,Unknown Country,2016,2018,TV-MA,Adult (18+)
s3777,Love Shot,Movie,United States,2018,2019,TV-MA,Adult (18+)
s3778,Love Station,Movie,Egypt,2011,2019,TV-14,Teens (13-17)
s3779,Love Storm,TV Show,Unknown Country,2016,2017,TV-14,Teens (13-17)
s3780,Love Wedding Repeat,Movie,United Kingdom,2020,2020,TV-MA,Adult (18+)
s3780,Love Wedding Repeat,Movie,Italy,2020,2020,TV-MA,Adult (18+)
s3781,Love You to the Stars and Back,Movie,Philippines,2017,2020,TV-14,Teens (13-17)
s3782,Love You... Love You Not,Movie,Indonesia,2015,2019,TV-14,Teens (13-17)
s3783,Love Your Garden,TV Show,United Kingdom,2013,2019,TV-G,Kids & Family
s3784,"Love, Chunibyo & Other Delusions!",TV Show,Japan,2014,2019,TV-PG,Kids & Family
s3785,"Love, Death & Robots",TV Show,United States,2019,2019,TV-MA,Adult (18+)
s3786,"Love, Guaranteed",Movie,United States,2020,2020,TV-PG,Kids & Family
s3787,"Love, Rosie",Movie,Germany,2014,2019,R,Adult (18+)
s3787,"Love, Rosie",Movie,United Kingdom,2014,2019,R,Adult (18+)
s3788,"Love, Surreal and Odd",Movie,Turkey,2017,2019,TV-14,Teens (13-17)
s3789,Love.com,Movie,Brazil,2017,2017,TV-MA,Adult (18+)
s3790,Lovesick,TV Show,Unknown Country,2014,2018,TV-MA,Adult (18+)
s3791,Lovesong,Movie,United States,2016,2017,TV-MA,Adult (18+)
s3792,Lovestruck in the City,TV Show,South Korea,2020,2020,TV-14,Teens (13-17)
s3793,LoveTrue,Movie,United States,2016,2017,TV-MA,Adult (18+)
s3794,Loving,Movie,United Kingdom,2016,2020,PG-13,Teens (13-17)
s3794,Loving,Movie,United States,2016,2020,PG-13,Teens (13-17)
s3795,Loving Annabelle,Movie,United States,2006,2018,TV-MA,Adult (18+)
s3796,Loving is Losing,Movie,Colombia,2019,2019,TV-MA,Adult (18+)
s3797,Loving You,Movie,Hong Kong,1995,2018,TV-14,Teens (13-17)
s3798,"LSD: Love, Sex Aur Dhokha",Movie,India,2010,2019,TV-MA,Adult (18+)
s3799,Lu Over the Wall,Movie,Japan,2017,2020,PG,Kids & Family
s3800,Lucas Brothers: On Drugs,Movie,United States,2017,2017,TV-MA,Adult (18+)
s3801,Luccas Neto em: Acampamento de Férias 2,Movie,Brazil,2020,2020,TV-G,Kids & Family
s3802,Luccas Neto in: Children's Day,Movie,Unknown Country,2019,2020,TV-G,Kids & Family
s3803,Luccas Neto in: Summer Camp,Movie,Brazil,2019,2019,TV-G,Kids & Family
s3804,Luccas Neto in: The End of Christmas,Movie,Brazil,2019,2020,TV-Y,Kids & Family
s3805,Lucha: Playing the Impossible,Movie,Argentina,2016,2018,TV-PG,Kids & Family
s3806,Luciano Mellera: Infantiloide,Movie,Argentina,2018,2018,TV-14,Teens (13-17)
s3807,Lucid Dream,Movie,South Korea,2017,2017,TV-MA,Adult (18+)
s3808,Lucifer,TV Show,United States,2020,2020,TV-14,Teens (13-17)
s3809,Luck by Chance,Movie,India,2009,2019,TV-14,Teens (13-17)
s3810,Luckee,Movie,India,2019,2019,TV-14,Teens (13-17)
s3811,Lucknow Central,Movie,India,2017,2017,TV-14,Teens (13-17)
s3812,Lucky Days,TV Show,China,2010,2016,TV-PG,Kids & Family
s3813,Lucky: No Time for Love,Movie,India,2005,2017,TV-14,Teens (13-17)
s3814,Ludo,Movie,India,2020,2020,TV-MA,Adult (18+)
s3815,Lugar de Mulher,TV Show,Brazil,2019,2019,TV-MA,Adult (18+)
s3816,Luis Miguel - The Series,TV Show,Mexico,2018,2019,TV-MA,Adult (18+)
s3817,Luka Chuppi,Movie,India,2019,2019,TV-PG,Kids & Family
s3818,Luna Nera,TV Show,Italy,2020,2020,TV-MA,Adult (18+)
s3819,Luna Petunia,TV Show,United States,2017,2017,TV-Y,Kids & Family
s3820,Luna Petunia: Return to Amazia,TV Show,Canada,2018,2018,TV-Y,Kids & Family
s3820,Luna Petunia: Return to Amazia,TV Show,United States,2018,2018,TV-Y,Kids & Family
s3821,Lunatics,TV Show,Australia,2019,2019,TV-MA,Adult (18+)
s3822,Luo Bao Bei,TV Show,China,2018,2019,TV-Y,Kids & Family
s3822,Luo Bao Bei,TV Show,United Kingdom,2018,2019,TV-Y,Kids & Family
s3823,Lupin,TV Show,United States,2021,2021,TV-MA,Adult (18+)
s3824,Lupin the 3rd: The Castle of Cagliostro: Special Edition,Movie,Japan,1979,2018,PG-13,Teens (13-17)
s3825,Lupt,Movie,India,2018,2019,TV-14,Teens (13-17)
s3826,Lusers,Movie,Argentina,2015,2016,TV-MA,Adult (18+)
s3826,Lusers,Movie,Chile,2015,2016,TV-MA,Adult (18+)
s3826,Lusers,Movie,Peru,2015,2016,TV-MA,Adult (18+)
s3827,Lust Stories,Movie,India,2018,2018,TV-MA,Adult (18+)
s3828,Luv Shuv Tey Chicken Khurana,Movie,India,2012,2018,TV-14,Teens (13-17)
s3829,Lynne Koplitz: Hormonal Beast,Movie,United States,2017,2017,TV-MA,Adult (18+)
s3830,Ma Chu Ka,Movie,India,2017,2018,TV-14,Teens (13-17)
s3831,Ma Rainey's Black Bottom,Movie,United States,2020,2020,R,Adult (18+)
s3832,Ma Rainey's Black Bottom: A Legacy Brought to Screen,Movie,Unknown Country,2020,2020,TV-PG,Kids & Family
s3833,Maacher Jhol,Movie,India,2017,2018,TV-PG,Kids & Family
s3833,Maacher Jhol,Movie,France,2017,2018,TV-PG,Kids & Family
s3834,Mac & Devin Go to High School,Movie,United States,2012,2016,R,Adult (18+)
s3835,Macchli Jal Ki Rani Hai,Movie,India,2014,2017,TV-MA,Adult (18+)
s3836,Machete Kills,Movie,United States,2013,2020,R,Adult (18+)
s3836,Machete Kills,Movie,Russia,2013,2020,R,Adult (18+)
s3837,Macho,Movie,Mexico,2016,2017,TV-MA,Adult (18+)
s3838,Mad Max,Movie,Australia,1979,2020,R,Adult (18+)
s3838,Mad Max,Movie,United States,1979,2020,R,Adult (18+)
s3839,Mad Men,TV Show,United States,2014,2015,TV-14,Teens (13-17)
s3840,Mad Money,Movie,United States,2008,2019,PG-13,Teens (13-17)
s3841,Mad Ron's Prevues from Hell,Movie,United States,1987,2010,NR,Not Rated (NR)
s3842,Mad World,Movie,Hong Kong,2016,2018,TV-MA,Adult (18+)
s3843,Madaari,Movie,India,2016,2017,TV-14,Teens (13-17)
s3844,Madagascar: Escape 2 Africa,Movie,United States,2008,2020,PG,Kids & Family
s3845,Madam Secretary,TV Show,United States,2019,2020,TV-PG,Kids & Family
s3846,Maddman: The Steve Madden Story,Movie,United States,2017,2018,TV-MA,Adult (18+)
s3847,Made in China,Movie,India,2019,2020,TV-MA,Adult (18+)
s3848,Made in Mexico,TV Show,United States,2018,2018,TV-MA,Adult (18+)
s3849,Madness in the Desert,Movie,India,2004,2021,TV-14,Teens (13-17)
s3850,Madras Café,Movie,India,2013,2020,TV-14,Teens (13-17)
s3851,Madre,Movie,Chile,2016,2017,TV-MA,Adult (18+)
s3852,Maggie & Bianca: Fashion Friends,TV Show,Italy,2017,2019,TV-Y7,Kids & Family
s3853,Magi: Adventure of Sinbad,TV Show,Japan,2016,2016,TV-14,Teens (13-17)
s3854,Magi: The Labyrinth of Magic,TV Show,Japan,2013,2019,TV-14,Teens (13-17)
s3855,Magic for Humans,TV Show,United States,2020,2020,TV-14,Teens (13-17)
s3856,Magic Phone,TV Show,South Korea,2016,2017,TV-PG,Kids & Family
s3857,Magic Snowflake,Movie,France,2013,2015,TV-Y,Kids & Family
s3857,Magic Snowflake,Movie,Belgium,2013,2015,TV-Y,Kids & Family
s3858,Magical Andes,TV Show,Uruguay,2019,2019,TV-G,Kids & Family
s3858,Magical Andes,TV Show,Germany,2019,2019,TV-G,Kids & Family
s3859,Magnetic,Movie,France,2018,2020,TV-14,Teens (13-17)
s3860,Magnificent,Movie,India,2015,2020,TV-14,Teens (13-17)
s3861,Magnolia,Movie,United States,1999,2020,R,Adult (18+)
s3862,Magnus,Movie,Norway,2016,2017,TV-PG,Kids & Family
s3863,Mahabharat,Movie,India,2013,2018,TV-14,Teens (13-17)
s3864,Maharaja: The Story of Ranjit Singh,Movie,Unknown Country,2010,2019,TV-14,Teens (13-17)
s3865,Maharakshak Devi,TV Show,India,2015,2017,TV-14,Teens (13-17)
s3866,Maharakshak: Aryan,TV Show,India,2014,2017,TV-14,Teens (13-17)
s3867,Mahi NRI,Movie,United Kingdom,2017,2019,TV-14,Teens (13-17)
s3868,Mahi Way,TV Show,India,2010,2018,TV-14,Teens (13-17)
s3869,Mahjong Heroes,Movie,Hong Kong,1981,2018,TV-PG,Kids & Family
s3870,Mahmut & Meryem,TV Show,Turkey,2013,2016,TV-14,Teens (13-17)
s3870,Mahmut & Meryem,TV Show,Azerbaijan,2013,2016,TV-14,Teens (13-17)
s3871,Maid-Sama!,TV Show,Japan,2010,2019,TV-14,Teens (13-17)
s3872,Main aurr Mrs. Khanna,Movie,India,2009,2018,TV-14,Teens (13-17)
s3873,Main Hoon Na,Movie,India,2004,2018,TV-14,Teens (13-17)
s3874,"Main, Meri Patni Aur Woh",Movie,India,2005,2018,TV-PG,Kids & Family
s3875,Maine Pyaar Kyun Kiya,Movie,India,2005,2019,TV-14,Teens (13-17)
s3876,Maine Pyar Kiya,Movie,India,1989,2018,TV-PG,Kids & Family
s3877,Mak Cun,TV Show,Unknown Country,2015,2017,TV-PG,Kids & Family
s3878,Making a Murderer,TV Show,United States,2018,2018,TV-14,Teens (13-17)
s3879,Making The Witcher,Movie,United States,2020,2020,TV-MA,Adult (18+)
s3880,Making Unorthodox,Movie,Germany,2020,2020,TV-G,Kids & Family
s3881,Mako Mermaids: An H2O Adventure,TV Show,Australia,2016,2020,TV-G,Kids & Family
s3882,Maktub,Movie,Israel,2018,2018,TV-MA,Adult (18+)
s3883,Mala Kahich Problem Nahi,Movie,India,2017,2018,TV-PG,Kids & Family
s3884,Malaal,Movie,India,2019,2019,TV-14,Teens (13-17)
s3885,Malang,Movie,India,2020,2020,TV-MA,Adult (18+)
s3886,Malena Pichot: Estupidez compleja,Movie,Argentina,2018,2018,TV-MA,Adult (18+)
s3887,Malevolent,Movie,United Kingdom,2018,2018,TV-MA,Adult (18+)
s3888,Malibu Rescue,Movie,United States,2019,2019,TV-G,Kids & Family
s3889,Malibu Rescue: The Next Wave,Movie,United States,2020,2020,TV-G,Kids & Family
s3890,Malibu Rescue: The Series,TV Show,United States,2019,2019,TV-G,Kids & Family
s3891,Malicious,Movie,United States,2018,2019,TV-MA,Adult (18+)
s3892,Mallesham,Movie,India,2019,2019,TV-PG,Kids & Family
s3893,Mama's Boy,Movie,Egypt,2018,2020,TV-14,Teens (13-17)
s3894,Man Down,TV Show,United Kingdom,2017,2017,TV-MA,Adult (18+)
s3895,Man Like Mobeen,TV Show,United Kingdom,2020,2020,TV-MA,Adult (18+)
s3896,Man of Tai Chi,Movie,United States,2013,2018,R,Adult (18+)
s3896,Man of Tai Chi,Movie,China,2013,2018,R,Adult (18+)
s3896,Man of Tai Chi,Movie,Hong Kong,2013,2018,R,Adult (18+)
s3897,Man to Man,TV Show,South Korea,2017,2017,TV-14,Teens (13-17)
s3898,Man Up,Movie,United Kingdom,2015,2018,R,Adult (18+)
s3898,Man Up,Movie,France,2015,2018,R,Adult (18+)
s3899,Man vs Wild with Sunny Leone,TV Show,Unknown Country,2018,2018,TV-PG,Kids & Family
s3900,Man with a Plan,TV Show,United States,2020,2020,TV-PG,Kids & Family
s3901,Mandi,Movie,India,1983,2020,TV-MA,Adult (18+)
s3902,Mandobasar Galpo,Movie,India,2017,2018,TV-14,Teens (13-17)
s3903,Manglehorn,Movie,United States,2014,2017,PG-13,Teens (13-17)
s3904,Mango Dreams,Movie,United States,2016,2018,TV-14,Teens (13-17)
s3905,Manhattan Romance,Movie,United States,2014,2017,TV-14,Teens (13-17)
s3906,Manhunt,Movie,China,2017,2018,TV-MA,Adult (18+)
s3906,Manhunt,Movie,Hong Kong,2017,2018,TV-MA,Adult (18+)
s3907,Manhunt: Deadly Games,TV Show,Unknown Country,2020,2020,TV-14,Teens (13-17)
s3908,Maniac,TV Show,United States,2018,2018,TV-MA,Adult (18+)
s3909,Maniyarayile Ashokan,Movie,India,2020,2020,TV-14,Teens (13-17)
s3910,Manje Bistre,Movie,India,2017,2018,TV-14,Teens (13-17)
s3911,MANK,Movie,United States,2020,2020,R,Adult (18+)
s3912,Manmadhudu 2,Movie,India,2019,2019,TV-MA,Adult (18+)
s3913,Mann,Movie,India,1999,2020,TV-14,Teens (13-17)
s3914,Manolo: The Boy Who Made Shoes for Lizards,Movie,United Kingdom,2017,2018,TV-MA,Adult (18+)
s3915,Manorama Six Feet Under,Movie,India,2007,2020,TV-14,Teens (13-17)
s3916,Manoranjan,Movie,India,1974,2017,TV-14,Teens (13-17)
s3917,Mansfield Park,Movie,United Kingdom,1999,2020,PG-13,Teens (13-17)
s3918,Manson Family Vacation,Movie,United States,2015,2015,TV-MA,Adult (18+)
s3919,Manto,Movie,India,2018,2018,TV-MA,Adult (18+)
s3920,Mantostaan,Movie,India,2017,2017,TV-MA,Adult (18+)
s3921,Mantra,Movie,India,2017,2017,TV-14,Teens (13-17)
s3922,Manu,Movie,India,2018,2019,TV-14,Teens (13-17)
s3923,Manusangada,Movie,India,2017,2019,TV-14,Teens (13-17)
s3924,Maps to the Stars,Movie,Canada,2014,2018,R,Adult (18+)
s3924,Maps to the Stars,Movie,Germany,2014,2018,R,Adult (18+)
s3924,Maps to the Stars,Movie,France,2014,2018,R,Adult (18+)
s3924,Maps to the Stars,Movie,United States,2014,2018,R,Adult (18+)
s3925,Mar de Plástico,TV Show,Spain,2017,2017,TV-MA,Adult (18+)
s3926,Mara,Movie,United Kingdom,2017,2019,TV-MA,Adult (18+)
s3927,Maradona in Mexico,TV Show,Argentina,2020,2019,TV-MA,Adult (18+)
s3927,Maradona in Mexico,TV Show,United States,2020,2019,TV-MA,Adult (18+)
s3927,Maradona in Mexico,TV Show,Mexico,2020,2019,TV-MA,Adult (18+)
s3928,Marauders,Movie,Canada,2016,2020,R,Adult (18+)
s3928,Marauders,Movie,United States,2016,2020,R,Adult (18+)
s3929,Marc Maron: End Times Fun,Movie,United States,2020,2020,TV-MA,Adult (18+)
s3930,Marc Maron: Thinky Pain,Movie,United States,2013,2018,TV-MA,Adult (18+)
s3931,Marc Maron: Too Real,Movie,United States,2017,2017,TV-MA,Adult (18+)
s3932,Marcella,TV Show,United Kingdom,2019,2020,TV-MA,Adult (18+)
s3933,March Comes in Like a Lion,TV Show,Japan,2017,2019,TV-14,Teens (13-17)
s3934,Marching Orders,TV Show,United States,2018,2018,TV-14,Teens (13-17)
s3935,Marco Luque: Tamo Junto,Movie,Brazil,2017,2017,TV-MA,Adult (18+)
s3936,Marco Polo,TV Show,United States,2016,2016,TV-MA,Adult (18+)
s3937,Marco Polo: One Hundred Eyes,Movie,United States,2015,2015,TV-MA,Adult (18+)
s3938,Maria,Movie,Philippines,2019,2019,TV-MA,Adult (18+)
s3939,Maria Bamford: Old Baby,Movie,United States,2017,2017,TV-MA,Adult (18+)
s3940,Maria Bamford: The Special Special Special,Movie,United States,2012,2018,TV-MA,Adult (18+)
s3941,Mariah Carey's Merriest Christmas,Movie,United States,2015,2016,TV-G,Kids & Family
s3942,Marianne,TV Show,France,2019,2019,TV-MA,Adult (18+)
s3943,"Mariusz Kałamaga, Karol Kopiec, Wiolka Walaszczyk Hilarious Trio",Movie,Unknown Country,2016,2016,TV-MA,Adult (18+)
s3944,Mark Gatiss: A Study in Sherlock,Movie,Unknown Country,2016,2016,TV-14,Teens (13-17)
s3945,Marlon,TV Show,United States,2018,2019,TV-14,Teens (13-17)
s3946,Marlon Wayans: Woke-ish,Movie,United States,2018,2018,TV-MA,Adult (18+)
s3947,Maron,TV Show,United States,2016,,TV-MA,Adult (18+)
s3948,Maroon,Movie,India,2016,2017,TV-MA,Adult (18+)
s3949,Marriage Palace,Movie,India,2018,2019,TV-14,Teens (13-17)
s3950,Marriage Story,Movie,United Kingdom,2019,2019,R,Adult (18+)
s3950,Marriage Story,Movie,United States,2019,2019,R,Adult (18+)
s3951,Married at First Sight,TV Show,United States,2019,2020,TV-14,Teens (13-17)
s3952,Mars,TV Show,United States,2018,2019,TV-PG,Kids & Family
s3953,Marseille,TV Show,France,2018,2018,TV-MA,Adult (18+)
s3954,Martial Arts of Shaolin,Movie,Hong Kong,1986,2018,R,Adult (18+)
s3954,Martial Arts of Shaolin,Movie,China,1986,2018,R,Adult (18+)
s3955,Martin Lawrence Live: Runteldat,Movie,United States,2002,2019,R,Adult (18+)
s3956,Martin Luther: The Idea that Changed the World,Movie,United States,2017,2018,TV-PG,Kids & Family
s3957,"Martin Matte: La vie, la mort...eh la la..!",Movie,Canada,2019,2019,TV-14,Teens (13-17)
s3958,Martyrs of Marriage,Movie,India,2016,2018,TV-14,Teens (13-17)
s3959,Marvel & ESPN Films Present: 1 of 1: Genesis,Movie,Unknown Country,2014,2015,TV-PG,Kids & Family
s3960,Marvel Anime: Wolverine,TV Show,United States,2011,2020,TV-14,Teens (13-17)
s3960,Marvel Anime: Wolverine,TV Show,Japan,2011,2020,TV-14,Teens (13-17)
s3961,Marvel Anime: X-Men,TV Show,Japan,2011,2020,TV-14,Teens (13-17)
s3962,Marvel Super Hero Adventures: Frost Fight!,Movie,United States,2015,2016,PG,Kids & Family
s3963,Marvel's Agents of S.H.I.E.L.D.,TV Show,United States,2020,2020,TV-14,Teens (13-17)
s3964,Marvel's Daredevil,TV Show,United States,2018,2018,TV-MA,Adult (18+)
s3965,Marvel's Hulk: Where Monsters Dwell,Movie,United States,2016,2017,PG,Kids & Family
s3966,Marvel's Iron Fist,TV Show,United States,2018,2018,TV-MA,Adult (18+)
s3967,Marvel's Iron Man & Hulk: Heroes United,Movie,United States,2013,2014,PG,Kids & Family
s3968,Marvel's Jessica Jones,TV Show,United States,2019,2019,TV-MA,Adult (18+)
s3969,Marvel's Luke Cage,TV Show,United States,2018,2018,TV-MA,Adult (18+)
s3970,Marvel's The Defenders,TV Show,United States,2017,2017,TV-MA,Adult (18+)
s3971,Marvel's The Punisher,TV Show,United States,2019,2019,TV-MA,Adult (18+)
s3972,Mary and the Witch's Flower,Movie,Japan,2017,2018,PG,Kids & Family
s3973,Mary Kom,Movie,India,2014,2020,TV-PG,Kids & Family
s3974,Mary Poppins Returns,Movie,United States,2018,2019,PG,Kids & Family
s3974,Mary Poppins Returns,Movie,United Kingdom,2018,2019,PG,Kids & Family
s3975,Mary Portas: Secret Shopper,TV Show,United Kingdom,2016,2019,TV-14,Teens (13-17)
s3976,Masaba Masaba,TV Show,India,2020,2020,TV-MA,Adult (18+)
s3977,Masameer - The Movie,Movie,Saudi Arabia,2020,2020,TV-14,Teens (13-17)
s3978,Masameer Classics,TV Show,Saudi Arabia,2013,2020,TV-14,Teens (13-17)
s3979,Mascots,Movie,United States,2016,2016,TV-MA,Adult (18+)
s3980,Masha and the Bear,TV Show,Russia,2019,2020,TV-Y,Kids & Family
s3981,Masha's Spooky Stories,TV Show,United States,2012,2016,TV-Y,Kids & Family
s3981,Masha's Spooky Stories,TV Show,Russia,2012,2016,TV-Y,Kids & Family
s3982,Masha's Tales,TV Show,Unknown Country,2012,2016,TV-Y,Kids & Family
s3983,Maska,Movie,India,2020,2020,TV-MA,Adult (18+)
s3984,Masoom,Movie,India,1983,2019,TV-14,Teens (13-17)
s3985,Master,Movie,South Korea,2016,2018,NR,Not Rated (NR)
s3986,Master of None,TV Show,United States,2017,2017,TV-MA,Adult (18+)
s3987,Master Z: The Ip Man Legacy,Movie,Hong Kong,2018,2019,TV-14,Teens (13-17)
s3987,Master Z: The Ip Man Legacy,Movie,China,2018,2019,TV-14,Teens (13-17)
s3988,Match,Movie,Unknown Country,2017,2020,TV-14,Teens (13-17)
s3989,Mater,Movie,Argentina,2017,2018,TV-MA,Adult (18+)
s3990,Material,Movie,South Africa,2012,2020,TV-14,Teens (13-17)
s3991,Matichya Chuli,Movie,India,2006,2018,TV-14,Teens (13-17)
s3992,Mau Nieto: Viviendo sobrio… desde el bar,Movie,Mexico,2018,2018,TV-MA,Adult (18+)
s3993,Mauli,Movie,India,2018,2019,TV-14,Teens (13-17)
s3994,Maurício Meirelles: Generating Chaos,Movie,Brazil,2020,2020,TV-MA,Adult (18+)
s3995,Max Rose,Movie,United States,2013,2017,TV-14,Teens (13-17)
s3996,May the Devil Take You,Movie,Indonesia,2018,2018,TV-MA,Adult (18+)
s3997,May We Chat,Movie,Hong Kong,2014,2018,TV-MA,Adult (18+)
s3998,May You Prosper,Movie,Egypt,2017,2019,TV-14,Teens (13-17)
s3999,Maya Angelou: And Still I Rise,Movie,United States,2016,2017,TV-PG,Kids & Family
s4000,Maya Memsaab,Movie,France,1993,2017,TV-14,Teens (13-17)
s4000,Maya Memsaab,Movie,United Kingdom,1993,2017,TV-14,Teens (13-17)
s4000,Maya Memsaab,Movie,India,1993,2017,TV-14,Teens (13-17)
s4001,Mayday Life,Movie,China,2019,2019,TV-PG,Kids & Family
s4001,Mayday Life,Movie,Taiwan,2019,2019,TV-PG,Kids & Family
s4002,Maynard,Movie,United States,2017,2018,TV-PG,Kids & Family
s4003,Maz Jobrani: Immigrant,Movie,Unknown Country,2017,2017,TV-14,Teens (13-17)
s4004,Maza Pati Karodpati,Movie,India,1988,2018,TV-PG,Kids & Family
s4005,Me and the Alien,Movie,Mexico,2016,2017,TV-MA,Adult (18+)
s4006,Mea Culpa,Movie,Mexico,2017,2017,TV-MA,Adult (18+)
s4007,Mean Dreams,Movie,Canada,2016,2019,R,Adult (18+)
s4008,Mean Girls 2,Movie,United States,2011,2021,PG-13,Teens (13-17)
s4009,Mean Streets,Movie,United States,1973,2019,R,Adult (18+)
s4010,MeatEater,TV Show,United States,2020,2020,TV-14,Teens (13-17)
s4011,Medal of Honor,TV Show,United States,2018,2018,TV-MA,Adult (18+)
s4012,Medical Police,TV Show,United States,2020,2020,TV-MA,Adult (18+)
s4013,Medici: Masters of Florence,TV Show,Italy,2019,2020,TV-MA,Adult (18+)
s4013,Medici: Masters of Florence,TV Show,United Kingdom,2019,2020,TV-MA,Adult (18+)
s4013,Medici: Masters of Florence,TV Show,France,2019,2020,TV-MA,Adult (18+)
s4014,Meditation Park,Movie,Canada,2017,2018,TV-PG,Kids & Family
s4015,Medium,Movie,Poland,1985,2019,TV-MA,Adult (18+)
s4015,Medium,Movie,West Germany,1985,2019,TV-MA,Adult (18+)
s4016,Meet the Adebanjos,TV Show,United Kingdom,2016,2019,TV-PG,Kids & Family
s4017,Meet the In-Laws,Movie,Nigeria,2017,2020,TV-PG,Kids & Family
s4018,Meet the Trumps: From Immigrant to President,Movie,United Kingdom,2017,2017,TV-14,Teens (13-17)
s4019,Mega Food,TV Show,United Kingdom,2013,2019,TV-G,Kids & Family
s4020,Megalobox,TV Show,Japan,2018,2020,TV-MA,Adult (18+)
s4021,MegaTruckers,TV Show,Australia,2012,2019,TV-PG,Kids & Family
s4022,Meghnadbodh Rohoshyo,Movie,India,2017,2018,TV-MA,Adult (18+)
s4023,Mehandi Circus,Movie,India,2019,2019,TV-MA,Adult (18+)
s4024,Melle,Movie,India,2017,2018,TV-PG,Kids & Family
s4025,Melodies of Life - Born This Way,TV Show,Unknown Country,2016,2019,TV-14,Teens (13-17)
s4026,Melvin Goes to Dinner,Movie,United States,2003,2018,R,Adult (18+)
s4027,Memoir of a Murderer,Movie,South Korea,2017,2018,TV-MA,Adult (18+)
s4028,Memories of a Teenager,Movie,Argentina,2019,2020,TV-MA,Adult (18+)
s4029,Memories of the Alhambra,TV Show,South Korea,2018,2018,TV-MA,Adult (18+)
s4030,Memory Games,Movie,Germany,2018,2019,TV-14,Teens (13-17)
s4030,Memory Games,Movie,United States,2018,2019,TV-14,Teens (13-17)
s4030,Memory Games,Movie,Sweden,2018,2019,TV-14,Teens (13-17)
s4031,Memory Love,TV Show,Unknown Country,2017,2019,TV-14,Teens (13-17)
s4032,Men in Black,Movie,United States,1997,2019,PG-13,Teens (13-17)
s4033,Men in Black II,Movie,United States,2002,2019,PG-13,Teens (13-17)
s4034,Men on a Mission,TV Show,South Korea,2020,2020,TV-14,Teens (13-17)
s4035,Menahi,Movie,Saudi Arabia,2008,2020,TV-14,Teens (13-17)
s4036,Menashe,Movie,United States,2017,2020,PG,Kids & Family
s4037,Menorca,Movie,Canada,2016,2017,TV-MA,Adult (18+)
s4037,Menorca,Movie,Spain,2016,2017,TV-MA,Adult (18+)
s4038,Merantau,Movie,Indonesia,2009,2019,R,Adult (18+)
s4039,Merata: How Mum Decolonised the Screen,Movie,New Zealand,2018,2019,TV-14,Teens (13-17)
s4040,Mercenary,Movie,France,2016,2016,TV-MA,Adult (18+)
s4041,Mercury 13,Movie,United States,2018,2018,TV-PG,Kids & Family
s4042,Mercy,Movie,United States,2016,2016,TV-MA,Adult (18+)
s4043,Mercy Black,Movie,United States,2019,2019,TV-14,Teens (13-17)
s4044,Mere Papa Hero Hiralal,TV Show,Unknown Country,2018,2018,TV-14,Teens (13-17)
s4045,Mere Pyare Prime Minister,Movie,India,2019,2019,TV-MA,Adult (18+)
s4046,Merku Thodarchi Malai,Movie,India,2018,2019,TV-MA,Adult (18+)
s4047,Merlí,TV Show,Spain,2015,2016,TV-MA,Adult (18+)
s4048,Merlin,TV Show,United Kingdom,2012,2016,TV-PG,Kids & Family
s4049,Merry Happy Whatever,TV Show,United States,2019,2019,TV-PG,Kids & Family
s4050,Merry Men 2: Another Mission,Movie,Nigeria,2019,2020,TV-MA,Adult (18+)
s4051,Merry Men: The Real Yoruba Demons,Movie,Nigeria,2018,2019,TV-MA,Adult (18+)
s4052,Mersal,Movie,India,2017,2018,TV-14,Teens (13-17)
s4053,Message from the King,Movie,United Kingdom,2017,2017,TV-MA,Adult (18+)
s4053,Message from the King,Movie,France,2017,2017,TV-MA,Adult (18+)
s4053,Message from the King,Movie,Belgium,2017,2017,TV-MA,Adult (18+)
s4053,Message from the King,Movie,United States,2017,2017,TV-MA,Adult (18+)
s4054,Messiah,TV Show,United States,2020,2020,TV-MA,Adult (18+)
s4055,Metallica Through The Never,Movie,United States,2013,2020,R,Adult (18+)
s4056,Metallica: Some Kind of Monster,TV Show,United States,2014,2017,TV-MA,Adult (18+)
s4057,Meteor Garden,TV Show,China,2018,2018,TV-14,Teens (13-17)
s4058,Metro,Movie,India,2016,2018,TV-14,Teens (13-17)
s4059,Mexicanos de Bronce,Movie,Mexico,2016,2018,TV-MA,Adult (18+)
s4060,Mexico Diseña,TV Show,United States,2016,2017,TV-PG,Kids & Family
s4061,MFKZ,Movie,France,2017,2019,R,Adult (18+)
s4061,MFKZ,Movie,Japan,2017,2019,R,Adult (18+)
s4062,Mi amigo Alexis,Movie,Chile,2019,2019,TV-PG,Kids & Family
s4063,Mi Obra Maestra,Movie,Argentina,2018,2019,TV-MA,Adult (18+)
s4063,Mi Obra Maestra,Movie,Spain,2018,2019,TV-MA,Adult (18+)
s4064,Mi Shivajiraje Bhosale Boltoy,Movie,India,2009,2018,TV-14,Teens (13-17)
s4065,MI-5,Movie,United Kingdom,2015,2019,R,Adult (18+)
s4066,Mia and Me,TV Show,Netherlands,2017,2020,TV-Y7,Kids & Family
s4066,Mia and Me,TV Show,Germany,2017,2020,TV-Y7,Kids & Family
s4066,Mia and Me,TV Show,Italy,2017,2020,TV-Y7,Kids & Family
s4066,Mia and Me,TV Show,Canada,2017,2020,TV-Y7,Kids & Family
s4067,Michael,Movie,India,2011,2020,TV-MA,Adult (18+)
s4068,"Michael Bolton's Big, Sexy Valentine's Day Special",Movie,United States,2017,2017,TV-MA,Adult (18+)
s4069,Michael Che Matters,Movie,United States,2016,2016,TV-MA,Adult (18+)
s4070,Michael Lost and Found,Movie,Canada,2017,2017,TV-PG,Kids & Family
s4070,Michael Lost and Found,Movie,United States,2017,2017,TV-PG,Kids & Family
s4071,Michael McIntyre: Showman,Movie,United Kingdom,2020,2020,TV-MA,Adult (18+)
s4072,Michelle Buteau: Welcome to Buteaupia,Movie,United States,2020,2020,TV-MA,Adult (18+)
s4073,Michelle Wolf: Joke Show,Movie,United States,2019,2019,TV-MA,Adult (18+)
s4074,Middle Men,Movie,United States,2009,2020,R,Adult (18+)
s4075,Middle School: The Worst Years of My Life,Movie,United States,2016,2019,PG,Kids & Family
s4075,Middle School: The Worst Years of My Life,Movie,Cambodia,2016,2019,PG,Kids & Family
s4076,Middleditch & Schwartz,TV Show,United States,2020,2020,TV-MA,Adult (18+)
s4077,Midnight at the Magnolia,Movie,Canada,2020,2020,TV-G,Kids & Family
s4078,Midnight Diner,TV Show,Japan,2014,2020,TV-MA,Adult (18+)
s4079,Midnight Diner: Tokyo Stories,TV Show,Japan,2019,2019,TV-MA,Adult (18+)
s4080,Midnight Misadventures With Mallika Dua,TV Show,India,2018,2019,TV-14,Teens (13-17)
s4081,Midnight Special,Movie,United States,2016,2020,PG-13,Teens (13-17)
s4081,Midnight Special,Movie,Greece,2016,2020,PG-13,Teens (13-17)
s4082,Mighty Express,TV Show,United States,2020,2020,TV-Y,Kids & Family
s4082,Mighty Express,TV Show,Canada,2020,2020,TV-Y,Kids & Family
s4083,Mighty Express: A Mighty Christmas,Movie,Canada,2020,2020,TV-Y,Kids & Family
s4084,Mighty Little Bheem,TV Show,Unknown Country,2020,2020,TV-Y,Kids & Family
s4085,Mighty Little Bheem: Diwali,TV Show,India,2019,2019,TV-Y,Kids & Family
s4086,Mighty Little Bheem: Festival of Colors,TV Show,India,2020,2020,TV-Y,Kids & Family
s4087,Mighty Little Bheem: Kite Festival,TV Show,India,2021,2021,TV-Y,Kids & Family
s4088,Mighty Morphin Alien Rangers,TV Show,Unknown Country,1996,2016,TV-Y7,Kids & Family
s4089,Mighty Morphin Power Rangers,TV Show,United States,2010,2016,TV-Y7,Kids & Family
s4089,Mighty Morphin Power Rangers,TV Show,Japan,2010,2016,TV-Y7,Kids & Family
s4090,Mighty Raju Rio Calling,Movie,India,2014,2020,TV-Y7,Kids & Family
s4091,Mike Birbiglia: My Girlfriend's Boyfriend,Movie,United States,2013,2020,TV-14,Teens (13-17)
s4092,Mike Birbiglia: Thank God for Jokes,Movie,United States,2017,2017,TV-MA,Adult (18+)
s4093,Mike Birbiglia: The New One,Movie,United States,2019,2019,TV-MA,Adult (18+)
s4094,Mike Birbiglia: What I Should Have Said Was Nothing: Tales from My Secret Public Journal,Movie,United States,2008,2019,TV-MA,Adult (18+)
s4095,Mike Epps: Don't Take It Personal,Movie,United States,2015,2015,TV-MA,Adult (18+)
s4096,Mike Epps: Only One Mike,Movie,United States,2019,2019,TV-MA,Adult (18+)
s4097,Milada,Movie,Czech Republic,2017,2018,TV-14,Teens (13-17)
s4097,Milada,Movie,United States,2017,2018,TV-14,Teens (13-17)
s4098,Mile 22,Movie,United States,2018,2020,R,Adult (18+)
s4098,Mile 22,Movie,China,2018,2020,R,Adult (18+)
s4098,Mile 22,Movie,Colombia,2018,2020,R,Adult (18+)
s4099,Milea,Movie,Indonesia,2020,2020,TV-14,Teens (13-17)
s4100,Miles Davis: Birth of the Cool,Movie,United States,2019,2020,TV-MA,Adult (18+)
s4101,MILF,Movie,France,2018,2020,TV-MA,Adult (18+)
s4101,MILF,Movie,Belgium,2018,2020,TV-MA,Adult (18+)
s4102,Milk,Movie,United States,2008,2017,R,Adult (18+)
s4103,Millennials,TV Show,Argentina,2019,2019,TV-MA,Adult (18+)
s4104,Million Dollar Beach House,TV Show,United States,2020,2020,TV-MA,Adult (18+)
s4105,Million Pound Menu,TV Show,United Kingdom,2019,2019,TV-MA,Adult (18+)
s4106,Million Yen Women,TV Show,Japan,2017,2017,TV-MA,Adult (18+)
s4107,Mind Game,TV Show,Singapore,2015,2017,TV-14,Teens (13-17)
s4108,MindGamers,Movie,Austria,2017,2020,R,Adult (18+)
s4109,Mindhorn,Movie,United Kingdom,2017,2017,TV-MA,Adult (18+)
s4110,MINDHUNTER,TV Show,United States,2019,2019,TV-MA,Adult (18+)
s4111,Mine,Movie,United States,2016,2019,TV-14,Teens (13-17)
s4111,Mine,Movie,Spain,2016,2019,TV-14,Teens (13-17)
s4111,Mine,Movie,Italy,2016,2019,TV-14,Teens (13-17)
s4112,Mine 9,Movie,United States,2019,2020,TV-MA,Adult (18+)
s4113,Minecraft: Story Mode,TV Show,United States,2015,2018,TV-PG,Kids & Family
s4113,Minecraft: Story Mode,TV Show,Sweden,2015,2018,TV-PG,Kids & Family
s4114,Mini Wolf,TV Show,France,2014,2018,TV-G,Kids & Family
s4115,Miniforce,TV Show,Unknown Country,2016,2017,TV-Y7,Kids & Family
s4116,Miniforce X,TV Show,South Korea,2018,2019,TV-Y7,Kids & Family
s4117,Minimalism: A Documentary About the Important Things,Movie,United States,2016,2019,TV-14,Teens (13-17)
s4118,Minnaminugu the FireFly,Movie,India,2017,2018,TV-14,Teens (13-17)
s4119,Minute to Win It,TV Show,United States,2013,2018,TV-PG,Kids & Family
s4120,Miracle,Movie,Canada,2004,2018,PG,Kids & Family
s4120,Miracle,Movie,United States,2004,2018,PG,Kids & Family
s4121,Miracle in Cell No. 7,Movie,Turkey,2019,2020,TV-14,Teens (13-17)
s4122,Miraculous: Tales of Ladybug & Cat Noir,TV Show,France,2019,2020,TV-Y7,Kids & Family
s4122,Miraculous: Tales of Ladybug & Cat Noir,TV Show,South Korea,2019,2020,TV-Y7,Kids & Family
s4122,Miraculous: Tales of Ladybug & Cat Noir,TV Show,Japan,2019,2020,TV-Y7,Kids & Family
s4123,Mirage,Movie,Spain,2018,2019,TV-MA,Adult (18+)
s4124,Mirai,Movie,Japan,2018,2020,PG,Kids & Family
s4125,Miranda Sings Live…Your Welcome,Movie,United States,2019,2019,TV-14,Teens (13-17)
s4126,Mirror Mirror,Movie,United States,2012,2020,PG,Kids & Family
s4126,Mirror Mirror,Movie,Canada,2012,2020,PG,Kids & Family
s4127,Mirzya,Movie,India,2016,2017,TV-MA,Adult (18+)
s4128,Misaeng,TV Show,South Korea,2014,2019,TV-MA,Adult (18+)
s4129,Mischief,Movie,India,2019,2020,TV-PG,Kids & Family
s4130,Misfit,Movie,Netherlands,2017,2019,TV-14,Teens (13-17)
s4131,Misfit 2,Movie,Netherlands,2019,2020,TV-G,Kids & Family
s4132,Mismatched,TV Show,India,2020,2020,TV-MA,Adult (18+)
s4133,Miss Americana,Movie,United States,2020,2020,TV-MA,Adult (18+)
s4134,Miss Culinary,TV Show,Unknown Country,2019,2019,TV-14,Teens (13-17)
s4135,Miss Dynamite,TV Show,Mexico,2015,2018,TV-14,Teens (13-17)
s4136,Miss Hokusai,Movie,Japan,2015,2017,PG-13,Teens (13-17)
s4137,Miss in Kiss,TV Show,Taiwan,2016,2016,TV-14,Teens (13-17)
s4138,Miss India,Movie,India,2020,2020,TV-PG,Kids & Family
s4139,Miss J Contemplates Her Choice,Movie,Singapore,2014,2018,TV-MA,Adult (18+)
s4140,Miss Julie,Movie,Norway,2014,2015,PG-13,Teens (13-17)
s4140,Miss Julie,Movie,United Kingdom,2014,2015,PG-13,Teens (13-17)
s4140,Miss Julie,Movie,France,2014,2015,PG-13,Teens (13-17)
s4140,Miss Julie,Movie,Ireland,2014,2015,PG-13,Teens (13-17)
s4141,Miss Me This Christmas,Movie,United States,2017,2017,TV-14,Teens (13-17)
s4142,Miss Panda & Mr. Hedgehog,TV Show,South Korea,2012,2016,TV-PG,Kids & Family
s4143,Miss Representation,Movie,United States,2011,2017,NR,Not Rated (NR)
s4144,Miss Rose,TV Show,Taiwan,2015,2016,TV-MA,Adult (18+)
s4145,Miss Sharon Jones!,Movie,United States,2015,2017,TV-MA,Adult (18+)
s4146,Miss Stevens,Movie,United States,2016,2016,NR,Not Rated (NR)
s4147,Miss Virginia,Movie,United States,2019,2020,TV-MA,Adult (18+)
s4148,Mission Blue,Movie,United States,2014,2014,TV-PG,Kids & Family
s4148,Mission Blue,Movie,Bermuda,2014,2014,TV-PG,Kids & Family
s4148,Mission Blue,Movie,Ecuador,2014,2014,TV-PG,Kids & Family
s4149,Mission Control: The Unsung Heroes of Apollo,Movie,United States,2017,2017,TV-14,Teens (13-17)
s4149,Mission Control: The Unsung Heroes of Apollo,Movie,United Kingdom,2017,2017,TV-14,Teens (13-17)
s4150,Mission Istaanbul: Darr Ke Aagey Jeet Hai,Movie,India,2008,2019,TV-MA,Adult (18+)
s4151,Mission of Honor,Movie,United Kingdom,2018,2019,TV-MA,Adult (18+)
s4151,Mission of Honor,Movie,Poland,2018,2019,TV-MA,Adult (18+)
s4152,Mission: Destroy Love,Movie,Malaysia,2014,2017,TV-PG,Kids & Family
s4153,Mississippi Grind,Movie,United States,2015,2018,R,Adult (18+)
s4154,Mitt,Movie,United States,2014,2014,TV-PG,Kids & Family
s4155,Mo Amer: The Vagabond,Movie,United States,2018,2018,TV-MA,Adult (18+)
s4156,Mo Gilligan: Momentum,Movie,United Kingdom,2019,2019,TV-MA,Adult (18+)
s4157,Mob Psycho 100,TV Show,Japan,2018,2018,TV-MA,Adult (18+)
s4158,Mobile Suit Gundam UC,TV Show,Japan,2014,2018,TV-PG,Kids & Family
s4159,Mobile Suit Gundam: Iron-Blooded Orphans,TV Show,Japan,2016,2019,TV-14,Teens (13-17)
s4160,Modest Heroes: Ponoc Short Films Theatre,Movie,Japan,2018,2020,PG,Kids & Family
s4161,Moesha,TV Show,United States,2000,2020,TV-PG,Kids & Family
s4162,Moh Maya Money,Movie,India,2016,2017,TV-MA,Adult (18+)
s4163,Mohamed Hussein,Movie,Egypt,2019,2020,TV-14,Teens (13-17)
s4164,Mohawk,Movie,United States,2017,2018,TV-MA,Adult (18+)
s4165,Mohenjo Daro,Movie,India,2016,2018,TV-14,Teens (13-17)
s4166,Mojave,Movie,United States,2015,2018,R,Adult (18+)
s4167,Mokalik (Mechanic),Movie,Nigeria,2019,2019,TV-14,Teens (13-17)
s4168,Molang,TV Show,France,2015,2019,TV-Y,Kids & Family
s4169,Molly's Game,Movie,China,2017,2020,R,Adult (18+)
s4169,Molly's Game,Movie,Canada,2017,2020,R,Adult (18+)
s4169,Molly's Game,Movie,United States,2017,2020,R,Adult (18+)
s4170,Mom,Movie,India,2017,2018,TV-14,Teens (13-17)
s4171,Momo Salon,TV Show,South Korea,2014,2017,TV-14,Teens (13-17)
s4172,Moms at War,Movie,Nigeria,2018,2020,TV-14,Teens (13-17)
s4173,Mona Lisa Smile,Movie,United States,2003,2019,PG-13,Teens (13-17)
s4174,Monarca,TV Show,Mexico,2021,2021,TV-MA,Adult (18+)
s4175,Money,Movie,United States,2016,2017,R,Adult (18+)
s4175,Money,Movie,Spain,2016,2017,R,Adult (18+)
s4176,Money for Nothing,TV Show,Unknown Country,2015,2019,TV-PG,Kids & Family
s4177,Money Heist: The Phenomenon,Movie,Spain,2020,2020,TV-MA,Adult (18+)
s4178,Money Talks,Movie,United States,1997,2019,R,Adult (18+)
s4179,Money Trap,Movie,Turkey,2019,2019,TV-MA,Adult (18+)
s4180,MONKART,TV Show,Unknown Country,2017,2019,TV-Y7,Kids & Family
s4181,Monkey Planet,TV Show,United Kingdom,2014,2017,TV-PG,Kids & Family
s4182,Monkey Twins,TV Show,Thailand,2018,2018,TV-MA,Adult (18+)
s4183,Monkey Up,Movie,Canada,2016,2016,PG,Kids & Family
s4184,Monopoly (The Bank Of Luck),Movie,Egypt,2017,2019,TV-MA,Adult (18+)
s4185,Monster Family,Movie,Germany,2017,2018,PG,Kids & Family
s4185,Monster Family,Movie,United Kingdom,2017,2018,PG,Kids & Family
s4186,Monster High 13 Wishes,Movie,United States,2013,2018,TV-Y7,Kids & Family
s4187,"Monster High: Boo York, Boo York",Movie,United States,2015,2015,TV-Y7,Kids & Family
s4188,Monster High: Electrified,Movie,Unknown Country,2017,2020,TV-Y,Kids & Family
s4189,Monster High: Escape from Skull Shores,Movie,United States,2012,2018,TV-Y7,Kids & Family
s4190,Monster High: Freaky Fusion,Movie,United States,2014,2018,TV-Y7,Kids & Family
s4191,Monster High: Friday Night Frights,Movie,United States,2013,2018,TV-Y7,Kids & Family
s4192,Monster High: Fright On!,Movie,United States,2011,2018,TV-Y7,Kids & Family
s4193,"Monster High: Frights, Camera, Action!",Movie,United States,2014,2018,TV-Y7,Kids & Family
s4194,Monster High: Ghouls Rule,Movie,United States,2012,2018,TV-Y7,Kids & Family
s4195,Monster High: Great Scarrier Reef,Movie,United States,2016,2017,TV-Y7,Kids & Family
s4196,Monster High: Haunted,Movie,United States,2015,2018,TV-Y7,Kids & Family
s4197,Monster High: New Ghoul at School,Movie,United States,2010,2017,TV-Y7,Kids & Family
s4198,"Monster High: Scaris, City of Frights",Movie,United States,2013,2015,TV-G,Kids & Family
s4199,Monster High: Why Do Ghouls Fall in Love?,Movie,United States,2013,2018,TV-Y7,Kids & Family
s4200,Monster House,Movie,United States,2006,2020,PG,Kids & Family
s4201,Monster Island,Movie,India,2017,2017,TV-Y7,Kids & Family
s4201,Monster Island,Movie,Mexico,2017,2017,TV-Y7,Kids & Family
s4202,Monster Math Squad,TV Show,Canada,2012,2020,TV-Y,Kids & Family
s4203,Monster-in-Law,Movie,United States,2005,2020,PG-13,Teens (13-17)
s4203,Monster-in-Law,Movie,Germany,2005,2020,PG-13,Teens (13-17)
s4204,Monsters: Dark Continent,Movie,United Kingdom,2014,2020,R,Adult (18+)
s4205,Monthly Girls' Nozaki Kun,TV Show,Japan,2014,2020,TV-PG,Kids & Family
s4206,Monty Don's French Gardens,TV Show,United Kingdom,2013,2019,TV-G,Kids & Family
s4207,Monty Don's Italian Gardens,TV Show,United Kingdom,2011,2019,TV-G,Kids & Family
s4208,Monty Python and the Holy Grail,Movie,United Kingdom,1975,2019,PG,Kids & Family
s4209,Monty Python Best Bits (mostly),TV Show,United Kingdom,2014,2018,TV-MA,Adult (18+)
s4210,Monty Python Conquers America,Movie,Unknown Country,2008,2018,TV-MA,Adult (18+)
s4211,"Monty Python Live (Mostly): One Down, Five to Go",Movie,United Kingdom,2014,2018,TV-MA,Adult (18+)
s4212,Monty Python: Before the Flying Circus,Movie,United Kingdom,2000,2018,TV-MA,Adult (18+)
s4213,Monty Python: Live at Aspen,Movie,United States,1998,2018,TV-MA,Adult (18+)
s4214,Monty Python: Live at The Hollywood Bowl,Movie,United Kingdom,1982,2018,R,Adult (18+)
s4215,Monty Python: The Meaning of Live,Movie,United Kingdom,2014,2018,TV-MA,Adult (18+)
s4216,Monty Python's Almost the Truth,TV Show,United Kingdom,2009,2018,TV-MA,Adult (18+)
s4217,Monty Python's Fliegender Zirkus,TV Show,United Kingdom,1972,2018,TV-MA,Adult (18+)
s4217,Monty Python's Fliegender Zirkus,TV Show,West Germany,1972,2018,TV-MA,Adult (18+)
s4218,Monty Python's Flying Circus,TV Show,United Kingdom,1974,2018,TV-14,Teens (13-17)
s4219,Monty Python's Life of Brian,Movie,United Kingdom,1979,2018,R,Adult (18+)
s4220,Monty Python's Personal Best,TV Show,United States,2005,2018,TV-MA,Adult (18+)
s4220,Monty Python's Personal Best,TV Show,United Kingdom,2005,2018,TV-MA,Adult (18+)
s4221,Monzón: A Knockout Blow,TV Show,Argentina,2018,2019,TV-MA,Adult (18+)
s4222,Moon,Movie,United Kingdom,2009,2020,R,Adult (18+)
s4222,Moon,Movie,United States,2009,2020,R,Adult (18+)
s4223,Moonlight,Movie,United States,2016,2019,R,Adult (18+)
s4224,Moonwalkers,Movie,France,2015,2017,R,Adult (18+)
s4224,Moonwalkers,Movie,Belgium,2015,2017,R,Adult (18+)
s4225,Moor,Movie,Pakistan,2015,2017,TV-14,Teens (13-17)
s4225,Moor,Movie,United States,2015,2017,TV-14,Teens (13-17)
s4226,More to Say,TV Show,Egypt,2018,2019,TV-14,Teens (13-17)
s4227,Morphle,TV Show,Netherlands,2020,2020,TV-Y,Kids & Family
s4228,Morris from America,Movie,Germany,2016,2018,R,Adult (18+)
s4228,Morris from America,Movie,United States,2016,2018,R,Adult (18+)
s4229,Mortel,TV Show,France,2019,2019,TV-MA,Adult (18+)
s4230,Mortified Nation,Movie,United States,2013,2018,TV-MA,Adult (18+)
s4231,Morya,Movie,India,2011,2018,TV-14,Teens (13-17)
s4232,Moshe Kasher: Live in Oakland,Movie,United States,2012,2019,TV-MA,Adult (18+)
s4233,Mossad 101,TV Show,Israel,2017,2018,TV-MA,Adult (18+)
s4234,Most Beautiful Thing,TV Show,Brazil,2020,2020,TV-MA,Adult (18+)
s4235,Mostly Sunny,Movie,Canada,2016,2017,TV-MA,Adult (18+)
s4236,Mosul,Movie,United States,2020,2020,TV-MA,Adult (18+)
s4237,MOTHER,Movie,Japan,2020,2020,TV-14,Teens (13-17)
s4238,Mother Goose Club,TV Show,United States,2016,2017,TV-Y,Kids & Family
s4239,Motichoor Chaknachoor,Movie,India,2019,2020,TV-14,Teens (13-17)
s4240,Motor Mitraan Di,Movie,India,2016,2018,TV-PG,Kids & Family
s4241,Motown Magic,TV Show,Australia,2019,2019,TV-Y,Kids & Family
s4241,Motown Magic,TV Show,United States,2019,2019,TV-Y,Kids & Family
s4242,Motu Patlu: King of Kings,Movie,India,2016,2017,TV-Y7-FV,Kids & Family
s4243,Mountain,Movie,Australia,2017,2018,PG,Kids & Family
s4244,Move,TV Show,United States,2020,2020,TV-MA,Adult (18+)
s4245,Movie 43,Movie,United States,2013,2019,R,Adult (18+)
s4246,Moving Art,TV Show,United States,2018,2019,TV-G,Kids & Family
s4247,Moving On,TV Show,Unknown Country,2016,2018,TV-PG,Kids & Family
s4248,Mowgli: Legend of the Jungle,Movie,United Kingdom,2018,2018,PG-13,Teens (13-17)
s4248,Mowgli: Legend of the Jungle,Movie,United States,2018,2018,PG-13,Teens (13-17)
s4249,Mr. Chandramouli,Movie,India,2018,2018,TV-MA,Adult (18+)
s4250,Mr. Church,Movie,United States,2016,2018,PG-13,Teens (13-17)
s4251,Mr. Deeds,Movie,United States,2002,2020,PG-13,Teens (13-17)
s4252,Mr. Gaga: A True Story of Love and Dance,Movie,Israel,2015,2017,TV-14,Teens (13-17)
s4252,Mr. Gaga: A True Story of Love and Dance,Movie,Sweden,2015,2017,TV-14,Teens (13-17)
s4252,Mr. Gaga: A True Story of Love and Dance,Movie,Germany,2015,2017,TV-14,Teens (13-17)
s4252,Mr. Gaga: A True Story of Love and Dance,Movie,Netherlands,2015,2017,TV-14,Teens (13-17)
s4253,Mr. Iglesias,TV Show,United States,2020,2020,TV-14,Teens (13-17)
s4254,Mr. Peabody & Sherman,Movie,United States,2014,2020,PG,Kids & Family
s4255,Mr. Pig,Movie,Mexico,2016,2016,TV-MA,Adult (18+)
s4256,MR. RIGHT,Movie,United States,2015,2020,R,Adult (18+)
s4257,Mr. Romantic,Movie,Unknown Country,2009,2020,TV-14,Teens (13-17)
s4258,Mr. Roosevelt,Movie,United States,2017,2017,TV-MA,Adult (18+)
s4259,Mr. Sunshine,TV Show,South Korea,2018,2018,TV-MA,Adult (18+)
s4260,Mr. Virgin,Movie,Hong Kong,1984,2018,TV-14,Teens (13-17)
s4261,Mr. Woodcock,Movie,United States,2007,2019,PG-13,Teens (13-17)
s4262,Mr. Young,TV Show,Canada,2013,2019,TV-G,Kids & Family
s4263,Mrs. Serial Killer,Movie,India,2020,2020,TV-MA,Adult (18+)
s4264,Ms. Mammy,Movie,Egypt,2012,2019,TV-14,Teens (13-17)
s4265,Mubarakan,Movie,India,2017,2017,PG-13,Teens (13-17)
s4266,Much Ado About Nothing,Movie,Chile,2016,2016,TV-MA,Adult (18+)
s4266,Much Ado About Nothing,Movie,United States,2016,2016,TV-MA,Adult (18+)
s4266,Much Ado About Nothing,Movie,France,2016,2016,TV-MA,Adult (18+)
s4267,Much Loved,Movie,France,2015,2017,TV-MA,Adult (18+)
s4267,Much Loved,Movie,Morocco,2015,2017,TV-MA,Adult (18+)
s4268,Mucho Mucho Amor: The Legend of Walter Mercado,Movie,United States,2020,2020,TV-14,Teens (13-17)
s4269,Mucize,Movie,Turkey,2015,2017,TV-14,Teens (13-17)
s4270,Mud,Movie,United States,2012,2021,PG-13,Teens (13-17)
s4271,Mudbound,Movie,United States,2017,2017,R,Adult (18+)
s4272,Mugamoodi,Movie,India,2012,2018,TV-14,Teens (13-17)
s4273,Mujeres arriba,Movie,Chile,2019,2020,TV-14,Teens (13-17)
s4274,Mujhse Shaadi Karogi,Movie,India,2004,2019,TV-PG,Kids & Family
s4275,Mujrim,Movie,India,1989,2017,TV-14,Teens (13-17)
s4276,Mukhsin,Movie,Malaysia,2006,2020,TV-PG,Kids & Family
s4277,Mumbai Cha Raja,Movie,India,2012,2016,TV-MA,Adult (18+)
s4278,Mumbai Delhi Mumbai,Movie,India,2014,2020,TV-MA,Adult (18+)
s4279,Mumbai Matinee,Movie,India,2003,2019,TV-14,Teens (13-17)
s4280,Mumbai Meri Jaan,Movie,India,2008,2018,TV-MA,Adult (18+)
s4281,Munafik 2,Movie,Malaysia,2018,2019,TV-MA,Adult (18+)
s4282,Mundeyan Ton Bachke Rahin,Movie,India,2014,2018,TV-14,Teens (13-17)
s4283,Mune: Guardian of the Moon,Movie,France,2014,2018,PG,Kids & Family
s4284,Muppets Most Wanted,Movie,United States,2014,2020,PG,Kids & Family
s4285,Muqaddar ka Faisla,Movie,India,1987,2020,TV-14,Teens (13-17)
s4286,Muramba,Movie,India,2017,2017,TV-MA,Adult (18+)
s4287,Muran,Movie,India,2011,2018,TV-14,Teens (13-17)
s4288,Murder Maps,TV Show,United Kingdom,2017,2018,TV-MA,Adult (18+)
s4289,Murder Mountain,TV Show,United States,2018,2018,TV-MA,Adult (18+)
s4290,Murder Mystery,Movie,United States,2019,2019,PG-13,Teens (13-17)
s4291,Murder Party,Movie,United States,2007,2018,NR,Not Rated (NR)
s4292,Murder to Mercy: The Cyntoia Brown Story,Movie,United States,2020,2020,TV-MA,Adult (18+)
s4293,Murderous Affairs,TV Show,United States,2017,2018,TV-MA,Adult (18+)
s4294,Murphy's Law of Love,TV Show,Taiwan,2015,2016,TV-PG,Kids & Family
s4295,Music Teacher,Movie,India,2019,2019,TV-14,Teens (13-17)
s4296,Must Be... Love,Movie,Philippines,2013,2020,TV-14,Teens (13-17)
s4297,Mustang Island,Movie,United States,2017,2018,TV-14,Teens (13-17)
s4298,Mutant Busters,TV Show,Spain,2017,2017,TV-PG,Kids & Family
s4299,Mute,Movie,United Kingdom,2018,2018,TV-MA,Adult (18+)
s4299,Mute,Movie,Germany,2018,2018,TV-MA,Adult (18+)
s4300,Mutiny of the Worker Bees,Movie,Mexico,2020,2020,TV-MA,Adult (18+)
s4301,Mutiny on the Bounty,Movie,United States,1962,2019,TV-PG,Kids & Family
s4302,Muzaffarnagar Baaqi Hai,Movie,India,2015,2018,TV-MA,Adult (18+)
s4303,My Amnesia Girl,Movie,Philippines,2010,2020,TV-14,Teens (13-17)
s4304,My Babysitter's a Vampire,TV Show,Canada,2012,2018,TV-PG,Kids & Family
s4305,My Babysitter's a Vampire: The Movie,Movie,Canada,2010,2018,TV-PG,Kids & Family
s4306,My Beautiful Broken Brain,Movie,United Kingdom,2016,2016,TV-14,Teens (13-17)
s4307,My Big Night,Movie,Spain,2015,2016,TV-MA,Adult (18+)
s4308,My Birthday Song,Movie,India,2018,2018,TV-14,Teens (13-17)
s4309,My Brother ... Nikhil,Movie,India,2005,2018,TV-PG,Kids & Family
s4310,My Country: The New Age,TV Show,South Korea,2019,2019,TV-14,Teens (13-17)
s4311,My Daddy is in Heaven,Movie,United States,2017,2018,TV-14,Teens (13-17)
s4312,My Dear Boy,TV Show,Taiwan,2017,2019,TV-MA,Adult (18+)
s4313,My Dear Warrior,TV Show,Thailand,2019,2019,TV-14,Teens (13-17)
s4314,My Dog is My Guide,Movie,Egypt,2013,2019,TV-14,Teens (13-17)
s4315,My Entire High School Sinking Into the Sea,Movie,United States,2016,2018,PG-13,Teens (13-17)
s4316,My Ex & Whys,Movie,Philippines,2017,2019,TV-14,Teens (13-17)
s4317,My Ex-Ex,Movie,Canada,2015,2017,TV-MA,Adult (18+)
s4318,My First First Love,TV Show,South Korea,2019,2019,TV-14,Teens (13-17)
s4319,My Friend Pinto,Movie,India,2011,2018,TV-14,Teens (13-17)
s4320,My Fuhrer,Movie,Germany,2007,2018,TV-14,Teens (13-17)
s4321,My Girl,Movie,United States,1991,2020,PG-13,Teens (13-17)
s4322,My Happy Family,Movie,Georgia,2017,2017,TV-14,Teens (13-17)
s4322,My Happy Family,Movie,Germany,2017,2017,TV-14,Teens (13-17)
s4322,My Happy Family,Movie,France,2017,2017,TV-14,Teens (13-17)
s4323,My Holo Love,TV Show,Unknown Country,2020,2020,TV-14,Teens (13-17)
s4324,My Honor Was Loyalty,Movie,Italy,2015,2017,Unknown,Unknown / Unrated
s4325,My Horrible Grandma,Movie,Egypt,2012,2020,TV-MA,Adult (18+)
s4326,My Hotter Half,TV Show,United Kingdom,2017,2019,TV-PG,Kids & Family
s4327,My Husband Won't Fit,TV Show,Japan,2019,2019,TV-MA,Adult (18+)
s4328,My Life as a Zucchini,Movie,Switzerland,2016,2017,PG-13,Teens (13-17)
s4328,My Life as a Zucchini,Movie,France,2016,2017,PG-13,Teens (13-17)
s4329,My Life My Story,TV Show,Unknown Country,2017,2017,TV-14,Teens (13-17)
s4330,My Little Baby,TV Show,South Korea,2016,2017,TV-PG,Kids & Family
s4331,My Little Pony Equestria Girls: Forgotten Friendship,Movie,United States,2018,2018,TV-Y,Kids & Family
s4331,My Little Pony Equestria Girls: Forgotten Friendship,Movie,Canada,2018,2018,TV-Y,Kids & Family
s4332,My Little Pony Equestria Girls: Friendship Games,Movie,United States,2015,2015,TV-Y,Kids & Family
s4332,My Little Pony Equestria Girls: Friendship Games,Movie,Canada,2015,2015,TV-Y,Kids & Family
s4333,My Little Pony Equestria Girls: Legend of Everfree,Movie,United States,2016,2016,TV-Y7,Kids & Family
s4333,My Little Pony Equestria Girls: Legend of Everfree,Movie,Canada,2016,2016,TV-Y7,Kids & Family
s4334,My Little Pony Equestria Girls: Rainbow Rocks,Movie,United States,2014,2014,TV-Y,Kids & Family
s4334,My Little Pony Equestria Girls: Rainbow Rocks,Movie,Canada,2014,2014,TV-Y,Kids & Family
s4335,My Little Pony Equestria Girls: Rollercoaster of Friendship,Movie,United States,2018,2018,TV-Y,Kids & Family
s4335,My Little Pony Equestria Girls: Rollercoaster of Friendship,Movie,Canada,2018,2018,TV-Y,Kids & Family
s4336,My Little Pony Friendship Is Magic: Best Gift Ever,Movie,United States,2018,2018,TV-Y,Kids & Family
s4337,My Little Pony: Friendship Is Magic,TV Show,United States,2018,2018,TV-Y,Kids & Family
s4337,My Little Pony: Friendship Is Magic,TV Show,Canada,2018,2018,TV-Y,Kids & Family
s4338,My Mister,TV Show,South Korea,2018,2020,TV-MA,Adult (18+)
s4339,My Mother's Wound,Movie,Unknown Country,2016,2020,TV-MA,Adult (18+)
s4340,My MVP Valentine,TV Show,Taiwan,2002,2019,TV-PG,Kids & Family
s4341,My Next Guest Needs No Introduction With David Letterman,TV Show,United States,2020,2020,TV-MA,Adult (18+)
s4342,My Next Guest with David Letterman and Shah Rukh Khan,Movie,Unknown Country,2019,2019,TV-PG,Kids & Family
s4343,My Octopus Teacher,Movie,South Africa,2020,2020,TV-G,Kids & Family
s4344,My Only Love Song,TV Show,South Korea,2017,2017,TV-MA,Adult (18+)
s4345,My Only Mother,Movie,Unknown Country,2013,2019,TV-14,Teens (13-17)
s4346,My Own Man,Movie,United States,2015,2015,TV-MA,Adult (18+)
s4347,My Perfect Landing,TV Show,Canada,2020,2020,TV-G,Kids & Family
s4348,My Perfect Romance,Movie,Canada,2018,2018,PG,Kids & Family
s4349,My Pride,TV Show,Unknown Country,2018,2019,TV-14,Teens (13-17)
s4350,My Runway,TV Show,South Korea,2016,2016,TV-14,Teens (13-17)
s4351,My Sassy Girl,TV Show,South Korea,2017,2019,TV-14,Teens (13-17)
s4352,"My Schoolmate, the Barbarian",Movie,Hong Kong,2001,2018,TV-14,Teens (13-17)
s4353,My Scientology Movie,Movie,United Kingdom,2015,2017,TV-MA,Adult (18+)
s4354,My Secret Romance,TV Show,South Korea,2017,2020,TV-14,Teens (13-17)
s4355,My Shy Boss,TV Show,South Korea,2017,2020,TV-MA,Adult (18+)
s4356,My Sister's Keeper,Movie,United States,2009,2019,PG-13,Teens (13-17)
s4357,My Sleeping Lover,Movie,Egypt,2008,2020,TV-PG,Kids & Family
s4358,My Step Dad: The Hippie,Movie,Turkey,2018,2020,TV-MA,Adult (18+)
s4358,My Step Dad: The Hippie,Movie,South Korea,2018,2020,TV-MA,Adult (18+)
s4359,My Stupid Boss,Movie,Indonesia,2016,2020,TV-G,Kids & Family
s4360,My Stupid Boss 2,Movie,Indonesia,2019,2020,TV-14,Teens (13-17)
s4361,My Suicide,Movie,United States,2009,2018,TV-MA,Adult (18+)
s4362,My Tattoo Addiction,TV Show,United Kingdom,2013,2019,TV-MA,Adult (18+)
s4363,"My Teacher, My Obsession",Movie,United States,2018,2018,TV-14,Teens (13-17)
s4364,My Travel Buddy,Movie,Turkey,2017,2019,TV-MA,Adult (18+)
s4365,My True Friend,Movie,Thailand,2012,2018,TV-MA,Adult (18+)
s4366,My Way,Movie,Italy,2016,2016,TV-14,Teens (13-17)
s4367,My Week with Marilyn,Movie,United Kingdom,2011,2019,R,Adult (18+)
s4367,My Week with Marilyn,Movie,United States,2011,2019,R,Adult (18+)
s4368,My Wife and I,Movie,South Africa,2017,2019,TV-MA,Adult (18+)
s4369,My Wife and My Wifey,Movie,Unknown Country,2014,2019,TV-14,Teens (13-17)
s4370,Mystery Lab,TV Show,Brazil,2020,2020,TV-PG,Kids & Family
s4371,Mystery Science Theater 3000,TV Show,United States,1999,2018,TV-14,Teens (13-17)
s4372,Mystery Science Theater 3000: The Return,TV Show,United States,2018,2018,TV-14,Teens (13-17)
s4373,Mystic Pizza,Movie,United States,1988,2021,R,Adult (18+)
s4374,Mystic Pop-up Bar,TV Show,South Korea,2020,2020,TV-MA,Adult (18+)
s4375,Mystic River,Movie,United States,2003,2019,R,Adult (18+)
s4375,Mystic River,Movie,Australia,2003,2019,R,Adult (18+)
s4376,Mystic Whispers,TV Show,Singapore,2014,2017,TV-14,Teens (13-17)
s4377,Mythily Veendum Varunnu,Movie,India,2017,2018,TV-PG,Kids & Family
s4378,Mythomaniac,TV Show,France,2019,2019,TV-MA,Adult (18+)
s4379,Myths & Monsters,TV Show,United Kingdom,2017,2017,TV-PG,Kids & Family
s4380,Naa Bangaaru Talli,Movie,India,2013,2018,TV-14,Teens (13-17)
s4381,Naam Shabana,Movie,India,2017,2018,TV-14,Teens (13-17)
s4382,Naan Sigappu Manithan,Movie,India,2014,2018,TV-14,Teens (13-17)
s4383,Nacho Libre,Movie,United States,2006,2019,PG,Kids & Family
s4383,Nacho Libre,Movie,Mexico,2006,2019,PG,Kids & Family
s4384,Nadiya’s Time to Eat,TV Show,United Kingdom,2020,2020,TV-G,Kids & Family
s4385,Naga The Eternal Yogi,Movie,Italy,2016,2017,TV-PG,Kids & Family
s4385,Naga The Eternal Yogi,Movie,India,2016,2017,TV-PG,Kids & Family
s4386,Nagi-Asu: A Lull in the Sea,TV Show,Japan,2014,2020,TV-14,Teens (13-17)
s4387,Nailed It,TV Show,United States,2020,2020,TV-PG,Kids & Family
s4388,Nailed It! France,TV Show,France,2019,2019,TV-14,Teens (13-17)
s4389,Nailed It! Germany,TV Show,Germany,2020,2020,TV-14,Teens (13-17)
s4390,Nailed It! Holiday!,TV Show,United States,2019,2019,TV-PG,Kids & Family
s4391,Nailed It! Mexico,TV Show,Mexico,2021,2021,TV-PG,Kids & Family
s4391,Nailed It! Mexico,TV Show,United States,2021,2021,TV-PG,Kids & Family
s4392,Nailed It! Spain,TV Show,Spain,2019,2019,TV-PG,Kids & Family
s4393,Nails,Movie,Ireland,2017,2018,TV-MA,Adult (18+)
s4394,Naked,Movie,United States,2017,2017,TV-14,Teens (13-17)
s4395,Naledi: A Baby Elephant's Tale,Movie,United States,2016,2020,TV-PG,Kids & Family
s4395,Naledi: A Baby Elephant's Tale,Movie,Botswana,2016,2020,TV-PG,Kids & Family
s4396,Namak Halaal,Movie,India,1982,2019,TV-14,Teens (13-17)
s4397,Namastey London,Movie,India,2007,2018,TV-14,Teens (13-17)
s4398,Namour,Movie,United States,2016,2017,NR,Not Rated (NR)
s4399,Nang Nak,Movie,Thailand,1999,2019,TV-MA,Adult (18+)
s4400,Naomi and Ely's No Kiss List,Movie,United States,2015,2015,TV-MA,Adult (18+)
s4401,Nappily Ever After,Movie,United States,2018,2019,TV-MA,Adult (18+)
s4402,Narcos,TV Show,United States,2017,2017,TV-MA,Adult (18+)
s4402,Narcos,TV Show,Colombia,2017,2017,TV-MA,Adult (18+)
s4402,Narcos,TV Show,Mexico,2017,2017,TV-MA,Adult (18+)
s4403,Narcos: Mexico,TV Show,Mexico,2020,2020,TV-MA,Adult (18+)
s4403,Narcos: Mexico,TV Show,United States,2020,2020,TV-MA,Adult (18+)
s4404,Narcoworld: Dope Stories,TV Show,United States,2019,2019,TV-MA,Adult (18+)
s4405,Naruto,TV Show,Japan,2006,2019,TV-14,Teens (13-17)
s4406,Naruto Shippûden the Movie: Bonds,Movie,Japan,2008,2016,TV-PG,Kids & Family
s4407,Naruto Shippûden the Movie: The Will of Fire,Movie,Japan,2009,2017,TV-PG,Kids & Family
s4408,Naruto Shippuden : Blood Prison,Movie,Japan,2011,2017,TV-14,Teens (13-17)
s4409,Naruto Shippuden: The Movie,Movie,Japan,2007,2016,TV-PG,Kids & Family
s4410,Naruto Shippuden: The Movie: The Lost Tower,Movie,Japan,2010,2017,TV-14,Teens (13-17)
s4411,Naruto the Movie 2: Legend of the Stone of Gelel,Movie,Japan,2005,2017,TV-PG,Kids & Family
s4412,Naruto the Movie 3: Guardians of the Crescent Moon Kingdom,Movie,Japan,2006,2017,TV-PG,Kids & Family
s4413,Naruto the Movie: Ninja Clash in the Land of Snow,Movie,Japan,2004,2017,TV-PG,Kids & Family
s4414,Nasha,Movie,India,2013,2018,TV-14,Teens (13-17)
s4415,Nasha Natasha,Movie,Uruguay,2020,2020,TV-PG,Kids & Family
s4416,Natalia Valdebenito: El especial,Movie,Chile,2018,2018,TV-MA,Adult (18+)
s4417,Natalia Valdebenito: Gritona,Movie,United States,2017,2017,TV-MA,Adult (18+)
s4418,Natalie Palamides: Nate - A One Man Show,Movie,United States,2020,2020,TV-MA,Adult (18+)
s4419,Natascha Kampusch: The Whole Story,Movie,United States,2010,2017,TV-14,Teens (13-17)
s4420,Nate Bargatze: The Tennessee Kid,Movie,United States,2019,2019,TV-PG,Kids & Family
s4421,Nathicharami,Movie,India,2018,2019,TV-MA,Adult (18+)
s4422,National Bird,Movie,United States,2016,2017,TV-MA,Adult (18+)
s4423,National Lampoon's Loaded Weapon 1,Movie,Unknown Country,1993,2019,PG-13,Teens (13-17)
s4424,National Parks Adventure,Movie,United States,2016,2018,TV-G,Kids & Family
s4425,National Treasure,Movie,United States,2004,2018,PG,Kids & Family
s4426,Natsamrat - Asa Nat Hone Nahi,Movie,India,2016,2018,TV-14,Teens (13-17)
s4427,Natural Born Pranksters,Movie,United States,2016,2016,R,Adult (18+)
s4428,Natural Selection,Movie,United States,2015,2016,R,Adult (18+)
s4429,Nature: Animals With Cameras,TV Show,United Kingdom,2018,2018,TV-PG,Kids & Family
s4429,Nature: Animals With Cameras,TV Show,United States,2018,2018,TV-PG,Kids & Family
s4430,NATURE: Natural Born Hustlers,TV Show,United States,2016,2017,TV-G,Kids & Family
s4431,Nature: Raising the Dinosaur Giant,Movie,United States,2016,2017,TV-G,Kids & Family
s4432,Nature's Great Events (2009),TV Show,United States,2009,2015,TV-PG,Kids & Family
s4432,Nature's Great Events (2009),TV Show,United Kingdom,2009,2015,TV-PG,Kids & Family
s4433,Nature's Great Events: Diaries,TV Show,United States,2009,2015,TV-PG,Kids & Family
s4433,Nature's Great Events: Diaries,TV Show,United Kingdom,2009,2015,TV-PG,Kids & Family
s4434,Nature's Great Race,TV Show,United Kingdom,2016,2017,TV-PG,Kids & Family
s4435,Nature's Weirdest Events,TV Show,United Kingdom,2015,2019,TV-PG,Kids & Family
s4436,Naughty Jatts,Movie,India,2013,2018,TV-PG,Kids & Family
s4437,Nazi Concentration Camps,Movie,United States,1945,2017,TV-MA,Adult (18+)
s4438,Nazi Mega Weapons,TV Show,United States,2016,2017,TV-PG,Kids & Family
s4439,NCIS,TV Show,United States,2017,2018,TV-14,Teens (13-17)
s4440,Ne Zha,Movie,China,2019,2020,TV-14,Teens (13-17)
s4441,Neal Brennan: 3 Mics,Movie,United States,2017,2017,TV-MA,Adult (18+)
s4442,Nee Enge En Anbe,Movie,Unknown Country,2014,2020,TV-14,Teens (13-17)
s4443,Needhi Singh,Movie,India,2016,2018,TV-14,Teens (13-17)
s4444,Neevevaro,Movie,India,2018,2019,TV-14,Teens (13-17)
s4445,Neo Yokio,TV Show,United States,2018,2018,TV-MA,Adult (18+)
s4446,Neon Genesis Evangelion,TV Show,Japan,1995,2019,TV-MA,Adult (18+)
s4447,Neruda,Movie,Chile,2016,2017,R,Adult (18+)
s4447,Neruda,Movie,Argentina,2016,2017,R,Adult (18+)
s4447,Neruda,Movie,France,2016,2017,R,Adult (18+)
s4447,Neruda,Movie,Spain,2016,2017,R,Adult (18+)
s4447,Neruda,Movie,United States,2016,2017,R,Adult (18+)
s4448,Neseli Hayat,Movie,Turkey,2009,2020,TV-14,Teens (13-17)
s4449,Netflix Presents: The Characters,TV Show,United States,2016,2016,TV-MA,Adult (18+)
s4450,Never Have I Ever,TV Show,United States,2020,2020,TV-14,Teens (13-17)
s4451,Never Heard,Movie,United States,2018,2019,TV-PG,Kids & Family
s4452,New Girl,TV Show,United States,2018,2019,TV-14,Teens (13-17)
s4453,New Money,Movie,Nigeria,2018,2020,TV-14,Teens (13-17)
s4454,New York Minute,Movie,United States,2004,2020,PG,Kids & Family
s4455,Newness,Movie,United States,2017,2018,TV-MA,Adult (18+)
s4456,Newtown,Movie,United States,2016,2017,NR,Not Rated (NR)
s4457,Next,Movie,United States,2007,2019,PG-13,Teens (13-17)
s4458,Next Enti?,Movie,India,2018,2019,TV-14,Teens (13-17)
s4459,Next Gen,Movie,China,2018,2018,TV-PG,Kids & Family
s4459,Next Gen,Movie,Canada,2018,2018,TV-PG,Kids & Family
s4459,Next Gen,Movie,United States,2018,2018,TV-PG,Kids & Family
s4460,Next in Fashion,TV Show,United States,2020,2020,TV-14,Teens (13-17)
s4461,Nibunan,Movie,India,2017,2018,TV-14,Teens (13-17)
s4462,Nicky Jam: El Ganador,TV Show,Puerto Rico,2018,2020,TV-MA,Adult (18+)
s4462,Nicky Jam: El Ganador,TV Show,United States,2018,2020,TV-MA,Adult (18+)
s4462,Nicky Jam: El Ganador,TV Show,Colombia,2018,2020,TV-MA,Adult (18+)
s4463,Nigerian Prince,Movie,United States,2018,2020,TV-MA,Adult (18+)
s4463,Nigerian Prince,Movie,Nigeria,2018,2020,TV-MA,Adult (18+)
s4464,Night Comes On,Movie,United States,2018,2020,TV-MA,Adult (18+)
s4465,Night Moves,Movie,United States,2013,2019,R,Adult (18+)
s4466,Night of Knots,Movie,Turkey,2018,2020,TV-MA,Adult (18+)
s4467,Night on Earth,TV Show,United Kingdom,2020,2020,TV-PG,Kids & Family
s4468,Night on Earth: Shot in the Dark,Movie,United Kingdom,2020,2020,TV-PG,Kids & Family
s4469,Night Stalker: The Hunt for a Serial Killer,TV Show,Unknown Country,2021,2021,TV-MA,Adult (18+)
s4470,Nightcrawler,Movie,United States,2014,2020,R,Adult (18+)
s4471,Nightflyers,TV Show,United States,2018,2019,TV-MA,Adult (18+)
s4472,Nightmare High,TV Show,South Korea,2016,2017,TV-14,Teens (13-17)
s4473,"Nightmare Tenants, Slum Landlords",TV Show,Unknown Country,2016,2019,TV-MA,Adult (18+)
s4474,Nights in Rodanthe,Movie,United States,2008,2019,PG-13,Teens (13-17)
s4474,Nights in Rodanthe,Movie,Australia,2008,2019,PG-13,Teens (13-17)
s4475,Nikki Glaser: Bangin’,Movie,United States,2019,2019,TV-MA,Adult (18+)
s4476,Nila,Movie,India,2016,2017,TV-MA,Adult (18+)
s4477,Nimbe,Movie,Nigeria,2019,2020,TV-MA,Adult (18+)
s4478,Ninja Assassin,Movie,Germany,2009,2019,R,Adult (18+)
s4478,Ninja Assassin,Movie,United States,2009,2019,R,Adult (18+)
s4478,Ninja Assassin,Movie,France,2009,2019,R,Adult (18+)
s4479,Ninja Hattori,TV Show,Japan,1981,2018,TV-Y7,Kids & Family
s4480,Ninja Turtles: The Next Mutation,TV Show,Canada,1997,2016,TV-G,Kids & Family
s4480,Ninja Turtles: The Next Mutation,TV Show,United States,1997,2016,TV-G,Kids & Family
s4481,NiNoKuni,Movie,Japan,2019,2020,TV-14,Teens (13-17)
s4482,"Nisman: The Prosecutor, the President, and the Spy",TV Show,Spain,2020,2020,TV-MA,Adult (18+)
s4482,"Nisman: The Prosecutor, the President, and the Spy",TV Show,Germany,2020,2020,TV-MA,Adult (18+)
s4482,"Nisman: The Prosecutor, the President, and the Spy",TV Show,Denmark,2020,2020,TV-MA,Adult (18+)
s4482,"Nisman: The Prosecutor, the President, and the Spy",TV Show,United States,2020,2020,TV-MA,Adult (18+)
s4483,Niyazi Gül Dörtnala,Movie,Turkey,2015,2017,TV-14,Teens (13-17)
s4484,Njan Prakashan,Movie,India,2018,2019,TV-PG,Kids & Family
s4485,No Direction Home: Bob Dylan,Movie,United Kingdom,2005,2020,TV-MA,Adult (18+)
s4485,No Direction Home: Bob Dylan,Movie,United States,2005,2020,TV-MA,Adult (18+)
s4485,No Direction Home: Bob Dylan,Movie,Japan,2005,2020,TV-MA,Adult (18+)
s4486,No Entry,Movie,India,2005,2018,TV-PG,Kids & Family
s4487,No Estoy Loca,Movie,Chile,2018,2018,TV-MA,Adult (18+)
s4488,No Game No Life,TV Show,Japan,2014,2020,TV-MA,Adult (18+)
s4489,No Game No Life: Zero,Movie,Japan,2017,2019,TV-MA,Adult (18+)
s4490,No Good Nick,TV Show,United States,2019,2019,TV-PG,Kids & Family
s4491,No Longer kids,Movie,Egypt,1979,2020,TV-14,Teens (13-17)
s4492,No One Killed Jessica,Movie,India,2011,2018,TV-MA,Adult (18+)
s4493,No One Will Ever Know,Movie,Mexico,2017,2019,TV-MA,Adult (18+)
s4494,No Other Woman,Movie,Philippines,2011,2019,TV-MA,Adult (18+)
s4495,No Reservations,Movie,United States,2007,2019,PG,Kids & Family
s4496,No Time for Shame,TV Show,Argentina,2019,2019,TV-MA,Adult (18+)
s4497,No Tomorrow,TV Show,United States,2016,2017,TV-PG,Kids & Family
s4498,Nobel,TV Show,Norway,2016,2016,R,Adult (18+)
s4499,Noblemen,Movie,India,2019,2019,TV-MA,Adult (18+)
s4500,Nobody Knows I'm Here,Movie,Chile,2020,2020,TV-MA,Adult (18+)
s4501,Nobody Sleeps in the Woods Tonight,Movie,Poland,2020,2020,TV-MA,Adult (18+)
s4502,Nobody Speak: Trials of the Free Press,Movie,Netherlands,2017,2017,TV-14,Teens (13-17)
s4502,Nobody Speak: Trials of the Free Press,Movie,United States,2017,2017,TV-14,Teens (13-17)
s4503,Nobody's Looking,TV Show,Brazil,2019,2019,TV-MA,Adult (18+)
s4504,Nocturnal Animals,Movie,United States,2016,2020,R,Adult (18+)
s4505,Noddy Toyland Detective,TV Show,France,2016,2017,TV-Y,Kids & Family
s4505,Noddy Toyland Detective,TV Show,United Kingdom,2016,2017,TV-Y,Kids & Family
s4505,Noddy Toyland Detective,TV Show,United States,2016,2017,TV-Y,Kids & Family
s4506,Norm Macdonald Has a Show,TV Show,United States,2018,2018,TV-MA,Adult (18+)
s4507,"Norm Macdonald: Hitler's Dog, Gossip & Trickery",Movie,United States,2017,2017,TV-MA,Adult (18+)
s4508,Norm of the North: Family Vacation,Movie,United States,2020,2020,TV-Y7,Kids & Family
s4509,Norm of the North: Keys to the Kingdom,Movie,India,2019,2020,TV-PG,Kids & Family
s4509,Norm of the North: Keys to the Kingdom,Movie,United States,2019,2020,TV-PG,Kids & Family
s4510,Norm of the North: King Sized Adventure,Movie,United States,2019,2019,TV-PG,Kids & Family
s4510,Norm of the North: King Sized Adventure,Movie,India,2019,2019,TV-PG,Kids & Family
s4510,Norm of the North: King Sized Adventure,Movie,South Korea,2019,2019,TV-PG,Kids & Family
s4510,Norm of the North: King Sized Adventure,Movie,China,2019,2019,TV-PG,Kids & Family
s4511,Norman Lear: Just Another Version of You,Movie,United States,2016,2016,TV-MA,Adult (18+)
s4512,Norsemen,TV Show,Norway,2020,2020,TV-MA,Adult (18+)
s4513,North & South,TV Show,United Kingdom,2004,2017,NR,Not Rated (NR)
s4514,Northern Rescue,TV Show,Canada,2019,2019,TV-14,Teens (13-17)
s4515,Not Alone,Movie,United States,2017,2018,TV-14,Teens (13-17)
s4516,Notes for My Son,Movie,Argentina,2020,2020,TV-MA,Adult (18+)
s4517,Notes on Blindness,Movie,United Kingdom,2016,2017,TV-PG,Kids & Family
s4518,Nothing to Hide,Movie,France,2018,2018,TV-MA,Adult (18+)
s4518,Nothing to Hide,Movie,Belgium,2018,2018,TV-MA,Adult (18+)
s4519,Nothing to Lose,Movie,Brazil,2018,2018,PG,Kids & Family
s4520,Nothing to Lose 2,Movie,Brazil,2019,2019,PG-13,Teens (13-17)
s4521,NOVA: Bird Brain,Movie,United States,2017,2019,TV-G,Kids & Family
s4522,NOVA: Black Hole Apocalypse,Movie,United States,2018,2019,TV-G,Kids & Family
s4523,NOVA: Building Chernobyl's MegaTomb,Movie,United States,2017,2019,TV-PG,Kids & Family
s4524,NOVA: Chinese Chariot Revealed,Movie,United States,2017,2019,TV-PG,Kids & Family
s4525,NOVA: Day the Dinosaurs Died,Movie,United States,2017,2019,TV-PG,Kids & Family
s4526,NOVA: Death Dive to Saturn,Movie,United States,2017,2019,TV-G,Kids & Family
s4527,NOVA: Decoding the Weather Machine,Movie,United States,2018,2019,TV-14,Teens (13-17)
s4528,NOVA: Eclipse Over America,Movie,United States,2017,2019,TV-G,Kids & Family
s4529,NOVA: Extreme Animal Weapons,Movie,United States,2017,2019,TV-PG,Kids & Family
s4530,NOVA: First Face of America,Movie,United States,2018,2019,TV-PG,Kids & Family
s4531,NOVA: Holocaust Escape Tunnel,Movie,United States,2017,2019,TV-14,Teens (13-17)
s4532,NOVA: Killer Floods,Movie,United States,2017,2019,TV-PG,Kids & Family
s4533,NOVA: Killer Hurricanes,Movie,United States,2017,2019,TV-PG,Kids & Family
s4534,NOVA: Killer Volcanoes,Movie,United States,2017,2019,TV-PG,Kids & Family
s4535,NOVA: Poisoned Water,Movie,United States,2017,2019,TV-PG,Kids & Family
s4536,NOVA: Prediction by the Numbers,Movie,United States,2018,2019,TV-G,Kids & Family
s4537,NOVA: Secrets of the Shining Knight,Movie,United States,2017,2019,TV-PG,Kids & Family
s4538,NOVA: Thai Cave Rescue,Movie,United States,2018,2019,TV-PG,Kids & Family
s4539,NOVA: The Impossible Flight,Movie,United States,2018,2019,TV-PG,Kids & Family
s4540,Nova: Ultimate Mars Challenge,Movie,United States,2012,2019,TV-G,Kids & Family
s4541,November 13: Attack on Paris,TV Show,France,2018,2018,TV-MA,Adult (18+)
s4542,November Criminals,Movie,United States,2017,2020,PG-13,Teens (13-17)
s4543,Now and Then,Movie,United States,1995,2019,PG-13,Teens (13-17)
s4544,Now More Than Ever: The History of Chicago,Movie,United States,2016,2018,TV-MA,Adult (18+)
s4545,Nowhere Boy,Movie,United Kingdom,2009,2018,R,Adult (18+)
s4545,Nowhere Boy,Movie,Canada,2009,2018,R,Adult (18+)
s4546,Nowhere Man,TV Show,Taiwan,2019,2019,TV-MA,Adult (18+)
s4547,NSU German History X,TV Show,Germany,2016,2016,TV-MA,Adult (18+)
s4548,Nuestra Lucha Libre,TV Show,Unknown Country,2018,2018,TV-MA,Adult (18+)
s4549,Numberblocks,TV Show,United Kingdom,2019,2020,TV-Y,Kids & Family
s4550,Numbered,Movie,Israel,2012,2017,TV-PG,Kids & Family
s4551,Numero Zero. The Roots of Italian Rap,Movie,Italy,2015,2018,TV-MA,Adult (18+)
s4552,Nura: Rise of the Yokai Clan: Demon Capital,TV Show,Japan,2011,2016,TV-MA,Adult (18+)
s4553,Nurse Jackie,TV Show,United States,2015,2015,TV-MA,Adult (18+)
s4554,Nurses Who Kill,TV Show,United Kingdom,2016,2017,TV-14,Teens (13-17)
s4555,Nymphomaniac: Volume 1,Movie,Denmark,2013,2018,NR,Not Rated (NR)
s4555,Nymphomaniac: Volume 1,Movie,Germany,2013,2018,NR,Not Rated (NR)
s4555,Nymphomaniac: Volume 1,Movie,Belgium,2013,2018,NR,Not Rated (NR)
s4555,Nymphomaniac: Volume 1,Movie,United Kingdom,2013,2018,NR,Not Rated (NR)
s4555,Nymphomaniac: Volume 1,Movie,France,2013,2018,NR,Not Rated (NR)
s4556,Nymphomaniac: Volume II,Movie,Denmark,2013,2018,TV-MA,Adult (18+)
s4556,Nymphomaniac: Volume II,Movie,Germany,2013,2018,TV-MA,Adult (18+)
s4556,Nymphomaniac: Volume II,Movie,Belgium,2013,2018,TV-MA,Adult (18+)
s4556,Nymphomaniac: Volume II,Movie,United Kingdom,2013,2018,TV-MA,Adult (18+)
s4556,Nymphomaniac: Volume II,Movie,France,2013,2018,TV-MA,Adult (18+)
s4556,Nymphomaniac: Volume II,Movie,Sweden,2013,2018,TV-MA,Adult (18+)
s4557,O Silêncio do Céu,Movie,Brazil,2016,2017,TV-MA,Adult (18+)
s4558,"O-Negative, Love Can’t Be Designed",TV Show,Unknown Country,2016,2018,TV-MA,Adult (18+)
s4559,Oasis: Supersonic,Movie,United Kingdom,2016,2018,R,Adult (18+)
s4560,Obvious Child,Movie,United States,2014,2018,R,Adult (18+)
s4561,Océans,Movie,France,2009,2019,G,Kids & Family
s4561,Océans,Movie,Switzerland,2009,2019,G,Kids & Family
s4561,Océans,Movie,Spain,2009,2019,G,Kids & Family
s4561,Océans,Movie,United States,2009,2019,G,Kids & Family
s4561,Océans,Movie,United Arab Emirates,2009,2019,G,Kids & Family
s4562,Occupation,Movie,Australia,2018,2019,R,Adult (18+)
s4563,Occupied,TV Show,Norway,2019,2019,TV-MA,Adult (18+)
s4563,Occupied,TV Show,Sweden,2019,2019,TV-MA,Adult (18+)
s4564,Ocean's Eleven,Movie,United States,1960,2019,TV-PG,Kids & Family
s4565,Ocean's Thirteen,Movie,United States,2007,2019,PG-13,Teens (13-17)
s4566,Ocean's Twelve,Movie,United States,2004,2019,PG-13,Teens (13-17)
s4567,OCTB,TV Show,Hong Kong,2017,2018,TV-14,Teens (13-17)
s4568,October Faction,TV Show,United States,2020,2020,TV-MA,Adult (18+)
s4569,Octonauts,TV Show,United States,2015,2020,TV-Y,Kids & Family
s4569,Octonauts,TV Show,Ireland,2015,2020,TV-Y,Kids & Family
s4569,Octonauts,TV Show,United Kingdom,2015,2020,TV-Y,Kids & Family
s4569,Octonauts,TV Show,India,2015,2020,TV-Y,Kids & Family
s4570,Octonauts & the Caves of Sac Actun,Movie,United Kingdom,2020,2020,TV-Y,Kids & Family
s4571,Octonauts & the Great Barrier Reef,Movie,United Kingdom,2020,2020,TV-Y,Kids & Family
s4572,Oddbods,TV Show,United Kingdom,2017,2020,TV-Y,Kids & Family
s4572,Oddbods,TV Show,Singapore,2017,2020,TV-Y,Kids & Family
s4573,Oddbods: Party Monsters,Movie,Unknown Country,2018,2018,TV-Y,Kids & Family
s4574,Oddbods: The Festive Menace,Movie,Unknown Country,2018,2018,TV-Y,Kids & Family
s4575,Odu Raja Odu,Movie,India,2018,2018,TV-14,Teens (13-17)
s4576,Off Camera,TV Show,United States,2015,2017,TV-MA,Adult (18+)
s4577,Off Course,Movie,Spain,2015,2016,TV-MA,Adult (18+)
s4578,Offering to the Storm,Movie,Spain,2020,2020,TV-MA,Adult (18+)
s4578,Offering to the Storm,Movie,Germany,2020,2020,TV-MA,Adult (18+)
s4579,Office Girls,TV Show,Taiwan,2011,2016,TV-14,Teens (13-17)
s4580,Officer Downe,Movie,United States,2016,2017,R,Adult (18+)
s4581,Offline - Das leben ist kein bonuslevel,Movie,Germany,2016,2017,TV-MA,Adult (18+)
s4582,Offspring,TV Show,Australia,2017,2017,TV-MA,Adult (18+)
s4583,Oggy and the Cockroaches,TV Show,France,2017,2017,TV-Y7,Kids & Family
s4584,Oh Darling Yeh Hai India,Movie,India,1995,2017,TV-14,Teens (13-17)
s4585,Oh My Ghost,TV Show,South Korea,2015,2019,TV-MA,Adult (18+)
s4586,Oh My Ghost 2,Movie,Thailand,2011,2018,TV-MA,Adult (18+)
s4587,Oh My Ghost 3,Movie,Thailand,2012,2018,TV-MA,Adult (18+)
s4588,Oh My Ghost 4,Movie,Unknown Country,2015,2018,TV-MA,Adult (18+)
s4589,Oh My God,Movie,India,2012,2020,TV-PG,Kids & Family
s4590,Oh No! It's an Alien Invasion,TV Show,Canada,2014,2015,TV-Y7-FV,Kids & Family
s4591,Oh Yuck,TV Show,Canada,2020,2020,TV-G,Kids & Family
s4592,"Oh, Hello On Broadway",Movie,United States,2017,2017,TV-MA,Adult (18+)
s4593,"Oh, Ramona!",Movie,Romania,2019,2019,TV-MA,Adult (18+)
s4594,Oh! Baby,Movie,India,2019,2019,TV-14,Teens (13-17)
s4595,Oh! Baby (Malayalam),Movie,Unknown Country,2019,2019,TV-14,Teens (13-17)
s4596,Oh! Baby (Tamil),Movie,Unknown Country,2019,2019,TV-14,Teens (13-17)
s4597,Ojos in d' House,TV Show,Nigeria,2013,2020,TV-G,Kids & Family
s4598,Okafor's Law,Movie,Nigeria,2016,2019,TV-14,Teens (13-17)
s4599,Okja,Movie,South Korea,2017,2017,TV-MA,Adult (18+)
s4599,Okja,Movie,United States,2017,2017,TV-MA,Adult (18+)
s4600,Okko's Inn,Movie,Japan,2018,2020,PG,Kids & Family
s4601,Oklahoma City,Movie,United States,2017,2017,TV-14,Teens (13-17)
s4602,Oktoberfest: Beer & Blood,TV Show,Germany,2020,2020,TV-MA,Adult (18+)
s4602,Oktoberfest: Beer & Blood,TV Show,Czech Republic,2020,2020,TV-MA,Adult (18+)
s4603,Old Lord Savanna,Movie,Brazil,2018,2019,TV-14,Teens (13-17)
s4604,Old Money,TV Show,United States,2015,2016,TV-MA,Adult (18+)
s4605,Oliver Stone's Untold History of the United States,TV Show,United States,2013,2016,TV-PG,Kids & Family
s4606,Ollie & Moon,TV Show,France,2018,2018,TV-Y,Kids & Family
s4607,Olmo & the Seagull,Movie,Denmark,2014,2019,TV-MA,Adult (18+)
s4607,Olmo & the Seagull,Movie,Brazil,2014,2019,TV-MA,Adult (18+)
s4607,Olmo & the Seagull,Movie,France,2014,2019,TV-MA,Adult (18+)
s4607,Olmo & the Seagull,Movie,Portugal,2014,2019,TV-MA,Adult (18+)
s4607,Olmo & the Seagull,Movie,Sweden,2014,2019,TV-MA,Adult (18+)
s4608,Olympus Has Fallen,Movie,United States,2013,2019,R,Adult (18+)
s4609,Om Shanti Om,Movie,India,2007,2018,TV-14,Teens (13-17)
s4610,Omar & Salma 2,Movie,Egypt,2009,2020,TV-14,Teens (13-17)
s4611,Omar and Salma 3,Movie,Egypt,2012,2019,TV-MA,Adult (18+)
s4612,Omniscient,TV Show,Brazil,2020,2020,TV-MA,Adult (18+)
s4613,On Body and Soul,Movie,Hungary,2017,2018,TV-MA,Adult (18+)
s4614,On Children,TV Show,Taiwan,2018,2018,TV-14,Teens (13-17)
s4615,On My Block,TV Show,United States,2020,2020,TV-14,Teens (13-17)
s4616,On My Skin,Movie,Italy,2018,2018,TV-MA,Adult (18+)
s4617,On the Real,TV Show,Nigeria,2017,2020,TV-MA,Adult (18+)
s4618,On the Wrong Track,Movie,Hong Kong,1983,2018,TV-14,Teens (13-17)
s4619,On Yoga The Architecture of Peace,Movie,Brazil,2017,2018,TV-14,Teens (13-17)
s4619,On Yoga The Architecture of Peace,Movie,India,2017,2018,TV-14,Teens (13-17)
s4619,On Yoga The Architecture of Peace,Movie,China,2017,2018,TV-14,Teens (13-17)
s4619,On Yoga The Architecture of Peace,Movie,United States,2017,2018,TV-14,Teens (13-17)
s4620,Onaatah,Movie,India,2016,2018,TV-14,Teens (13-17)
s4621,Once a Gangster,Movie,Hong Kong,2010,2018,TV-MA,Adult (18+)
s4622,Once Again,Movie,India,2018,2018,TV-PG,Kids & Family
s4622,Once Again,Movie,Germany,2018,2018,TV-PG,Kids & Family
s4622,Once Again,Movie,Austria,2018,2018,TV-PG,Kids & Family
s4623,Once in a Lifetime Sessions with George Ezra,Movie,United States,2018,2018,TV-MA,Adult (18+)
s4624,Once in a Lifetime Sessions with Kasabian,Movie,United States,2018,2018,TV-MA,Adult (18+)
s4625,Once In A Lifetime Sessions with Moby,Movie,United States,2018,2018,TV-14,Teens (13-17)
s4626,Once In A Lifetime Sessions with Nile Rodgers,Movie,United States,2018,2018,TV-PG,Kids & Family
s4627,Once In A Lifetime Sessions with Noel Gallagher,Movie,United States,2018,2018,TV-MA,Adult (18+)
s4628,Once in a Lifetime Sessions with OneRepublic,Movie,United States,2018,2018,TV-PG,Kids & Family
s4629,Once in a Lifetime Sessions with Snow Patrol,Movie,United States,2018,2018,TV-MA,Adult (18+)
s4630,Once In A Lifetime Sessions with TLC,Movie,United States,2018,2018,TV-PG,Kids & Family
s4631,Once Upon a Time,TV Show,Egypt,2019,2020,TV-14,Teens (13-17)
s4632,Once Upon A Time In Lingjian Mountain,TV Show,China,2019,2019,TV-14,Teens (13-17)
s4633,Once Upon a Time in London,Movie,United Kingdom,2019,2020,TV-MA,Adult (18+)
s4634,Once Upon a Time in Mumbaai,Movie,India,2010,2019,NR,Not Rated (NR)
s4635,Once Upon a Time in Mumbai Dobaara!,Movie,India,2013,2019,TV-14,Teens (13-17)
s4636,Once Upon a Time in the West,Movie,Italy,1968,2019,PG-13,Teens (13-17)
s4636,Once Upon a Time in the West,Movie,United States,1968,2019,PG-13,Teens (13-17)
s4637,One 2 Ka 4,Movie,India,2001,2017,TV-14,Teens (13-17)
s4638,One by Two,Movie,India,2014,2020,TV-14,Teens (13-17)
s4639,One Day,Movie,Thailand,2016,2018,TV-PG,Kids & Family
s4640,One Day at a Time,TV Show,United States,2019,2019,TV-PG,Kids & Family
s4641,One Day We'll Talk About Today,Movie,Indonesia,2020,2020,TV-G,Kids & Family
s4642,One Day: Justice Delivered,Movie,India,2019,2020,TV-14,Teens (13-17)
s4643,One Direction: This Is Us,Movie,United States,2013,2019,PG,Kids & Family
s4644,One Heart: The A.R. Rahman Concert Film,Movie,India,2017,2017,TV-G,Kids & Family
s4645,One in a Billion,Movie,United States,2016,2016,TV-14,Teens (13-17)
s4646,One Last Shot,Movie,Canada,1998,2018,TV-MA,Adult (18+)
s4647,One Last Thing,Movie,United States,2018,2019,TV-MA,Adult (18+)
s4648,One More Shot,Movie,United States,2017,2018,TV-MA,Adult (18+)
s4649,One More Time,TV Show,South Korea,2016,2017,TV-14,Teens (13-17)
s4650,One More Try,Movie,Philippines,2012,2020,TV-14,Teens (13-17)
s4651,One Night Stand,Movie,India,2016,2017,TV-MA,Adult (18+)
s4652,One of Us,Movie,United States,2017,2017,TV-14,Teens (13-17)
s4653,One on One,TV Show,United States,2006,2020,TV-14,Teens (13-17)
s4654,ONE PIECE,TV Show,Japan,2002,2020,TV-14,Teens (13-17)
s4655,One Spring Night,TV Show,South Korea,2019,2019,TV-14,Teens (13-17)
s4656,One Strange Rock,TV Show,United States,2018,2019,TV-PG,Kids & Family
s4657,One Take,Movie,Thailand,2020,2020,TV-G,Kids & Family
s4658,One-Punch Man,TV Show,Japan,2015,2017,TV-14,Teens (13-17)
s4659,One-Way to Tomorrow,Movie,Turkey,2020,2020,TV-MA,Adult (18+)
s4660,Only,Movie,United States,2019,2020,TV-MA,Adult (18+)
s4661,Only God Forgives,Movie,Denmark,2013,2018,R,Adult (18+)
s4661,Only God Forgives,Movie,France,2013,2018,R,Adult (18+)
s4661,Only God Forgives,Movie,United States,2013,2018,R,Adult (18+)
s4661,Only God Forgives,Movie,Sweden,2013,2018,R,Adult (18+)
s4662,Only Mine,Movie,United States,2018,2019,TV-14,Teens (13-17)
s4663,Only the Dead,Movie,Australia,2015,2018,TV-MA,Adult (18+)
s4663,Only the Dead,Movie,Iraq,2015,2018,TV-MA,Adult (18+)
s4664,Open Season,Movie,United States,2006,2019,PG,Kids & Family
s4665,Opening Night,Movie,United States,2016,2017,TV-MA,Adult (18+)
s4666,Operações Especiais,Movie,Brazil,2015,2017,TV-MA,Adult (18+)
s4667,Operation Christmas Drop,Movie,United States,2020,2020,TV-G,Kids & Family
s4668,Operation Chromite,Movie,South Korea,2016,2018,NR,Not Rated (NR)
s4669,Operation Gold Rush,TV Show,United Kingdom,2016,2019,TV-14,Teens (13-17)
s4670,Operation Mekong,Movie,China,2016,2017,TV-MA,Adult (18+)
s4670,Operation Mekong,Movie,Hong Kong,2016,2017,TV-MA,Adult (18+)
s4671,Operation Odessa,Movie,Unknown Country,2018,2020,TV-MA,Adult (18+)
s4672,Operation Ouch!,TV Show,United Kingdom,2012,2020,TV-PG,Kids & Family
s4673,Operation Proposal,TV Show,South Korea,2012,2016,TV-PG,Kids & Family
s4674,Operation Red Sea,Movie,China,2018,2018,TV-MA,Adult (18+)
s4674,Operation Red Sea,Movie,Morocco,2018,2018,TV-MA,Adult (18+)
s4674,Operation Red Sea,Movie,Hong Kong,2018,2018,TV-MA,Adult (18+)
s4675,Operator,Movie,United States,2016,2017,TV-MA,Adult (18+)
s4676,Opium and the Kung Fu Master,Movie,Hong Kong,1984,2018,TV-MA,Adult (18+)
s4677,Oprah Presents When They See Us Now,Movie,United States,2019,2019,TV-PG,Kids & Family
s4678,Orange Is the New Black,TV Show,United States,2019,2019,TV-MA,Adult (18+)
s4679,Orbiter 9,Movie,Spain,2017,2018,TV-14,Teens (13-17)
s4679,Orbiter 9,Movie,Colombia,2017,2018,TV-14,Teens (13-17)
s4680,Ordinary Heroes,TV Show,Unknown Country,2018,2018,TV-MA,Adult (18+)
s4681,Ordinary People,Movie,Philippines,2016,2020,TV-MA,Adult (18+)
s4682,Ordinary World,Movie,United States,2016,2020,TV-14,Teens (13-17)
s4683,Organize Isler,Movie,Turkey,2005,2020,TV-14,Teens (13-17)
s4684,Origins Collection,TV Show,United States,2018,2018,TV-PG,Kids & Family
s4685,Oru Vishsheshapetta Biryani Kissa,Movie,India,2017,2018,TV-14,Teens (13-17)
s4686,Oscar's Oasis,TV Show,France,2011,2015,TV-Y,Kids & Family
s4687,Osmosis,TV Show,France,2019,2019,TV-MA,Adult (18+)
s4688,Other People,Movie,United States,2016,2016,TV-MA,Adult (18+)
s4689,Otherhood,Movie,United Kingdom,2019,2019,R,Adult (18+)
s4689,Otherhood,Movie,United States,2019,2019,R,Adult (18+)
s4690,OtherLife,Movie,Australia,2017,2017,TV-MA,Adult (18+)
s4690,OtherLife,Movie,United Arab Emirates,2017,2017,TV-MA,Adult (18+)
s4691,Oththa Seruppu Size 7,Movie,India,2019,2019,TV-MA,Adult (18+)
s4692,Ottaal,Movie,India,2014,2017,TV-PG,Kids & Family
s4693,Our Godfather,Movie,United Kingdom,2019,2019,TV-MA,Adult (18+)
s4694,Our House,Movie,Canada,2018,2020,PG-13,Teens (13-17)
s4694,Our House,Movie,United States,2018,2020,PG-13,Teens (13-17)
s4694,Our House,Movie,Germany,2018,2020,PG-13,Teens (13-17)
s4695,Our Idiot Brother,Movie,United States,2011,2019,R,Adult (18+)
s4696,Our Lovers,Movie,Spain,2016,2017,TV-MA,Adult (18+)
s4697,Our Planet,TV Show,United States,2019,2019,TV-PG,Kids & Family
s4697,Our Planet,TV Show,United Kingdom,2019,2019,TV-PG,Kids & Family
s4698,Our Planet - Behind The Scenes,Movie,United Kingdom,2019,2019,TV-G,Kids & Family
s4699,Our Shining Days,Movie,China,2017,2018,TV-PG,Kids & Family
s4700,Our Souls at Night,Movie,United States,2017,2017,TV-14,Teens (13-17)
s4701,Ouran High School Host Club,TV Show,Japan,2006,2017,TV-PG,Kids & Family
s4702,Out of Life,Movie,France,1991,2020,TV-MA,Adult (18+)
s4702,Out of Life,Movie,Belgium,1991,2020,TV-MA,Adult (18+)
s4702,Out of Life,Movie,Italy,1991,2020,TV-MA,Adult (18+)
s4703,"Out of Many, One",Movie,United States,2018,2018,TV-PG,Kids & Family
s4704,Out of Thin Air,Movie,Unknown Country,2017,2017,TV-MA,Adult (18+)
s4705,Outback Truckers,TV Show,Australia,2015,2017,TV-MA,Adult (18+)
s4706,Outer Banks,TV Show,United States,2020,2020,TV-MA,Adult (18+)
s4707,Outlander,TV Show,United States,2017,2019,TV-MA,Adult (18+)
s4708,Outlaw King,Movie,United Kingdom,2018,2018,R,Adult (18+)
s4708,Outlaw King,Movie,United States,2018,2018,R,Adult (18+)
s4709,Outlawed,Movie,United Kingdom,2018,2019,TV-MA,Adult (18+)
s4710,Outside In,Movie,United States,2018,2018,TV-MA,Adult (18+)
s4711,Outside the Wire,Movie,Unknown Country,2021,2021,R,Adult (18+)
s4712,Over Christmas,TV Show,Germany,2020,2020,TV-MA,Adult (18+)
s4713,Over the Moon,Movie,China,2020,2020,PG,Kids & Family
s4713,Over the Moon,Movie,United States,2020,2020,PG,Kids & Family
s4714,Overnight Republic,Movie,Turkey,2017,2020,TV-MA,Adult (18+)
s4715,Oversize Cops,Movie,Thailand,2017,2019,TV-MA,Adult (18+)
s4716,Oye Lucky! Lucky Oye!,Movie,India,2008,2018,TV-14,Teens (13-17)
s4717,Ozark,TV Show,United States,2020,2020,TV-MA,Adult (18+)
s4718,P,Movie,United Kingdom,2006,2019,TV-MA,Adult (18+)
s4718,P,Movie,Thailand,2006,2019,TV-MA,Adult (18+)
s4719,P Se PM Tak,Movie,India,2015,2018,TV-14,Teens (13-17)
s4720,P. King Duckling,TV Show,United States,2016,2017,TV-Y,Kids & Family
s4721,P.S. I Love You,Movie,United States,2007,2019,PG-13,Teens (13-17)
s4722,Paan Singh Tomar,Movie,India,2010,2018,TV-14,Teens (13-17)
s4723,Paap-O-Meter,TV Show,Unknown Country,2017,2018,TV-Y7,Kids & Family
s4724,Paathi,Movie,India,2017,2018,TV-14,Teens (13-17)
s4725,Paava Kadhaigal,TV Show,India,2020,2020,TV-MA,Adult (18+)
s4726,Pablo,TV Show,United Kingdom,2017,2019,TV-Y,Kids & Family
s4727,"Pablo Escobar, el patrón del mal",TV Show,Colombia,2012,2017,TV-MA,Adult (18+)
s4728,Pablo Escobar: Angel or Demon?,Movie,Venezuela,2007,2018,NR,Not Rated (NR)
s4728,Pablo Escobar: Angel or Demon?,Movie,Colombia,2007,2018,NR,Not Rated (NR)
s4729,Pac-Man and the Ghostly Adventures,TV Show,United States,2014,2017,TV-Y7,Kids & Family
s4729,Pac-Man and the Ghostly Adventures,TV Show,Japan,2014,2017,TV-Y7,Kids & Family
s4729,Pac-Man and the Ghostly Adventures,TV Show,Canada,2014,2017,TV-Y7,Kids & Family
s4730,Pac's Scary Halloween,Movie,Unknown Country,2016,2016,TV-Y7,Kids & Family
s4731,Pachamama,Movie,France,2019,2019,PG,Kids & Family
s4731,Pachamama,Movie,Luxembourg,2019,2019,PG,Kids & Family
s4731,Pachamama,Movie,Canada,2019,2019,PG,Kids & Family
s4732,Pacific Heat,TV Show,Australia,2016,2016,TV-14,Teens (13-17)
s4733,Pacificum: Return to the Ocean,Movie,Peru,2017,2018,TV-G,Kids & Family
s4734,Pad Man,Movie,India,2018,2018,PG-13,Teens (13-17)
s4735,Padamu Aku Bersujud,TV Show,Unknown Country,2015,2017,TV-14,Teens (13-17)
s4736,Paddleton,Movie,United States,2019,2019,TV-MA,Adult (18+)
s4737,Pagpag: Nine Lives,Movie,Philippines,2013,2020,TV-14,Teens (13-17)
s4738,Paharganj,Movie,India,2019,2020,TV-MA,Adult (18+)
s4739,Paheli,Movie,India,2005,2018,TV-PG,Kids & Family
s4740,Pahuna,Movie,India,2018,2019,TV-PG,Kids & Family
s4740,Pahuna,Movie,Nepal,2018,2019,TV-PG,Kids & Family
s4741,Pahuyut Fighting Beat,Movie,Thailand,2007,2018,TV-MA,Adult (18+)
s4742,Paid in Full,Movie,United States,2002,2019,R,Adult (18+)
s4743,Paint It Black,Movie,United States,2016,2018,R,Adult (18+)
s4744,Painted Faces,Movie,Hong Kong,1988,2018,TV-PG,Kids & Family
s4745,Pajanimals,TV Show,United States,2011,2020,TV-Y,Kids & Family
s4746,Palazuelos mi rey,TV Show,Unknown Country,2019,2020,TV-14,Teens (13-17)
s4747,Palermo Hollywood,Movie,Argentina,2004,2020,TV-MA,Adult (18+)
s4748,Palio,Movie,United Kingdom,2015,2016,TV-14,Teens (13-17)
s4749,Palm Trees in the Snow,Movie,Spain,2015,2016,TV-MA,Adult (18+)
s4750,Pan's Labyrinth,Movie,Mexico,2006,2020,R,Adult (18+)
s4750,Pan's Labyrinth,Movie,Spain,2006,2020,R,Adult (18+)
s4751,Pandemic: How to Prevent an Outbreak,TV Show,United States,2020,2020,TV-14,Teens (13-17)
s4752,Pandigai,Movie,India,2017,2019,TV-MA,Adult (18+)
s4753,Pandora,Movie,South Korea,2016,2017,TV-MA,Adult (18+)
s4754,Panic Room,Movie,United States,2002,2019,R,Adult (18+)
s4755,Panipat - The Great Betrayal,Movie,India,2019,2020,TV-14,Teens (13-17)
s4756,Panoptic,Movie,Lebanon,2017,2020,TV-MA,Adult (18+)
s4757,Pants on Fire,Movie,Canada,2014,2019,TV-G,Kids & Family
s4758,Papa the Great,Movie,India,2000,2017,TV-PG,Kids & Family
s4759,Paper Year,Movie,Canada,2018,2019,TV-MA,Adult (18+)
s4760,Paprika,TV Show,Unknown Country,2018,2019,TV-Y,Kids & Family
s4761,Paquita Salas,TV Show,Spain,2018,2019,TV-MA,Adult (18+)
s4762,Paradise Beach,Movie,France,2019,2019,TV-MA,Adult (18+)
s4763,Paradise Lost,Movie,Brazil,2018,2018,TV-MA,Adult (18+)
s4764,Paradise PD,TV Show,United States,2020,2020,TV-MA,Adult (18+)
s4765,Paradox,Movie,United States,2018,2018,TV-MA,Adult (18+)
s4766,Paranoid,TV Show,United Kingdom,2016,2016,TV-MA,Adult (18+)
s4767,Paranormal,TV Show,Egypt,2020,2020,TV-14,Teens (13-17)
s4768,Paranormal Activity,Movie,United States,2007,2020,R,Adult (18+)
s4769,Paranormal Investigation,Movie,United States,2018,2019,TV-14,Teens (13-17)
s4769,Paranormal Investigation,Movie,France,2018,2019,TV-14,Teens (13-17)
s4770,Paranormal Survivor,TV Show,Canada,2016,2017,TV-14,Teens (13-17)
s4771,ParaNorman,Movie,United States,2012,2020,PG,Kids & Family
s4772,Parasyte: The Maxim,TV Show,Japan,2014,2020,TV-MA,Adult (18+)
s4773,Parchís: the Documentary,Movie,Spain,2019,2019,TV-14,Teens (13-17)
s4774,Pardes,Movie,India,1997,2018,TV-14,Teens (13-17)
s4775,Pareeth Pandaari,Movie,India,2017,2018,TV-PG,Kids & Family
s4776,Pari,Movie,Pakistan,2018,2019,TV-14,Teens (13-17)
s4777,Paris Is Burning,Movie,United States,1990,2017,R,Adult (18+)
s4778,Paris Is Us,Movie,France,2019,2019,TV-MA,Adult (18+)
s4779,Park Na-rae: Glamour Warning,Movie,South Korea,2019,2019,TV-MA,Adult (18+)
s4780,Parks and Recreation,TV Show,United States,2015,2016,TV-14,Teens (13-17)
s4781,Parmanu: The Story of Pokhran,Movie,India,2018,2018,TV-PG,Kids & Family
s4782,Parrot Sketch Not Included: Twenty Years of Monty Python,Movie,United Kingdom,1989,2018,TV-14,Teens (13-17)
s4783,Part-Time Idol,TV Show,Unknown Country,2017,2017,TV-14,Teens (13-17)
s4784,Party Monster: Scratching the Surface,Movie,United States,2018,2018,TV-14,Teens (13-17)
s4785,Pasión de Gavilanes,TV Show,Colombia,2003,2017,TV-14,Teens (13-17)
s4785,Pasión de Gavilanes,TV Show,United States,2003,2017,TV-14,Teens (13-17)
s4786,Paskal,Movie,Malaysia,2018,2019,TV-14,Teens (13-17)
s4787,Passenger 57,Movie,United States,1992,2021,R,Adult (18+)
s4788,Passion. Panache. Pep,TV Show,Unknown Country,2020,2020,TV-G,Kids & Family
s4789,Pat a Pat Como,TV Show,Unknown Country,2016,2020,TV-Y,Kids & Family
s4790,Patiala House,Movie,India,2011,2017,TV-PG,Kids & Family
s4791,Patient Seventeen,Movie,United States,2017,2018,TV-14,Teens (13-17)
s4792,Patria,Movie,Mexico,2019,2019,TV-MA,Adult (18+)
s4793,PATRICK (2019),Movie,United Kingdom,2019,2019,TV-PG,Kids & Family
s4794,Patriot Act with Hasan Minhaj,TV Show,United States,2020,2020,TV-MA,Adult (18+)
s4795,Patriot Games,Movie,United States,1992,2020,R,Adult (18+)
s4796,Patron Mutlu Son Istiyor,Movie,Turkey,2014,2017,TV-MA,Adult (18+)
s4797,Patton Oswalt: Annihilation,Movie,United States,2017,2017,TV-MA,Adult (18+)
s4798,Patton Oswalt: I Love Everything,TV Show,United States,2020,2020,TV-MA,Adult (18+)
s4799,Patton Oswalt: Talking for Clapping,Movie,United States,2016,2016,TV-MA,Adult (18+)
s4800,Paul Blart: Mall Cop,Movie,United States,2009,2020,PG,Kids & Family
s4801,Paul Hollywood's Big Continental Road Trip,TV Show,United Kingdom,2017,2017,TV-14,Teens (13-17)
s4802,Paulettante Veedu,Movie,India,2016,2018,TV-14,Teens (13-17)
s4803,Pawn Stars,TV Show,United States,2010,2019,TV-14,Teens (13-17)
s4804,Payday,Movie,Nigeria,2018,2019,TV-MA,Adult (18+)
s4805,Paying Guests,Movie,India,2009,2018,TV-14,Teens (13-17)
s4806,Peace Haven,Movie,India,2016,2018,TV-14,Teens (13-17)
s4806,Peace Haven,Movie,United States,2016,2018,TV-14,Teens (13-17)
s4807,Peaky Blinders,TV Show,United Kingdom,2019,2019,TV-MA,Adult (18+)
s4808,Peasants Rebellion,TV Show,Lebanon,2018,2019,TV-14,Teens (13-17)
s4809,Pedal the World,Movie,Germany,2015,2018,TV-MA,Adult (18+)
s4810,Pee Mak,Movie,Thailand,2013,2018,TV-MA,Adult (18+)
s4811,Pee-wee's Big Holiday,Movie,United States,2016,2016,TV-PG,Kids & Family
s4812,Pee-wee's Playhouse,TV Show,United States,1990,2014,TV-PG,Kids & Family
s4813,Pee-wee's Playhouse: Christmas Special,Movie,United States,1988,2014,TV-PG,Kids & Family
s4814,Peepli Live,Movie,India,2010,2021,TV-MA,Adult (18+)
s4815,Pegasus,Movie,China,2019,2019,TV-MA,Adult (18+)
s4816,Pek Yakında,Movie,Turkey,2014,2020,TV-MA,Adult (18+)
s4817,Pekak,Movie,Malaysia,2016,2017,TV-MA,Adult (18+)
s4818,Penalty,Movie,India,2019,2020,TV-14,Teens (13-17)
s4819,Penalty Kick,Movie,Colombia,2018,2018,TV-14,Teens (13-17)
s4819,Penalty Kick,Movie,Mexico,2018,2018,TV-14,Teens (13-17)
s4820,Penelope,Movie,United Kingdom,2006,2019,PG,Kids & Family
s4820,Penelope,Movie,United States,2006,2019,PG,Kids & Family
s4821,Penguins of Madagascar: The Movie,Movie,Unknown Country,2014,2021,PG,Kids & Family
s4822,Penny Dreadful,TV Show,Ireland,2016,2016,TV-MA,Adult (18+)
s4822,Penny Dreadful,TV Show,United Kingdom,2016,2016,TV-MA,Adult (18+)
s4822,Penny Dreadful,TV Show,United States,2016,2016,TV-MA,Adult (18+)
s4823,People Just Do Nothing,TV Show,United Kingdom,2018,2018,TV-MA,Adult (18+)
s4824,People You May Know,Movie,United States,2016,2017,TV-MA,Adult (18+)
s4824,People You May Know,Movie,Spain,2016,2017,TV-MA,Adult (18+)
s4825,Peppermint,Movie,Hong Kong,2018,2020,R,Adult (18+)
s4825,Peppermint,Movie,United States,2018,2020,R,Adult (18+)
s4826,Perú: Tesoro escondido,Movie,Uruguay,2017,2017,TV-PG,Kids & Family
s4827,Perdida,Movie,Argentina,2018,2018,TV-MA,Adult (18+)
s4827,Perdida,Movie,Spain,2018,2018,TV-MA,Adult (18+)
s4828,Perfect Bid: The Contestant Who Knew Too Much,Movie,Canada,2017,2019,TV-MA,Adult (18+)
s4829,Perfect Stranger,Movie,United States,2007,2019,R,Adult (18+)
s4830,Perfume,TV Show,Germany,2018,2018,TV-MA,Adult (18+)
s4831,Period. End of Sentence.,Movie,United States,2018,2019,TV-PG,Kids & Family
s4832,Person of Interest,TV Show,United States,2016,2016,TV-14,Teens (13-17)
s4833,Persona,TV Show,South Korea,2019,2019,TV-MA,Adult (18+)
s4834,Personal Shopper,Movie,France,2016,2019,R,Adult (18+)
s4834,Personal Shopper,Movie,Germany,2016,2019,R,Adult (18+)
s4834,Personal Shopper,Movie,Czech Republic,2016,2019,R,Adult (18+)
s4834,Personal Shopper,Movie,Belgium,2016,2019,R,Adult (18+)
s4835,Pete Davidson: Alive From New York,Movie,United States,2020,2020,TV-MA,Adult (18+)
s4836,Peter and the Farm,Movie,United States,2016,2017,TV-MA,Adult (18+)
s4837,Peter Rabbit,Movie,United States,2018,2018,PG,Kids & Family
s4837,Peter Rabbit,Movie,Australia,2018,2018,PG,Kids & Family
s4838,Pets United,Movie,Germany,2020,2020,TV-Y7,Kids & Family
s4838,Pets United,Movie,China,2020,2020,TV-Y7,Kids & Family
s4838,Pets United,Movie,United Kingdom,2020,2020,TV-Y7,Kids & Family
s4839,Petta,Movie,India,2019,2019,TV-14,Teens (13-17)
s4840,Petta (Telugu Version),Movie,Unknown Country,2019,2019,TV-14,Teens (13-17)
s4841,Pettersson and Findus 2,Movie,Germany,2016,2017,TV-G,Kids & Family
s4842,Phamous,Movie,Unknown Country,2018,2019,TV-MA,Adult (18+)
s4843,Phantom,Movie,India,2015,2018,TV-14,Teens (13-17)
s4844,Phantom Boy,Movie,France,2015,2017,PG,Kids & Family
s4844,Phantom Boy,Movie,Belgium,2015,2017,PG,Kids & Family
s4845,Philadelphia,Movie,United States,1993,2019,PG-13,Teens (13-17)
s4846,Phir Bhi Dil Hai Hindustani,Movie,India,2000,2018,TV-14,Teens (13-17)
s4847,Phir Hera Pheri,Movie,India,2006,2020,TV-14,Teens (13-17)
s4848,Phir Se,Movie,India,2015,2018,TV-14,Teens (13-17)
s4849,Phobia 2,Movie,Thailand,2009,2018,TV-MA,Adult (18+)
s4850,Phone Swap,Movie,Nigeria,2012,2019,TV-14,Teens (13-17)
s4851,PhotoCopy,Movie,India,2016,2020,TV-14,Teens (13-17)
s4852,Phullu,Movie,India,2017,2019,TV-14,Teens (13-17)
s4853,Pick of the Litter,Movie,United States,2018,2020,TV-PG,Kids & Family
s4854,Pickpockets,Movie,Colombia,2017,2018,TV-MA,Adult (18+)
s4855,Pieces of a Woman,Movie,Canada,2020,2021,R,Adult (18+)
s4855,Pieces of a Woman,Movie,Hungary,2020,2021,R,Adult (18+)
s4855,Pieces of a Woman,Movie,United States,2020,2021,R,Adult (18+)
s4856,Piercing,Movie,United States,2018,2020,R,Adult (18+)
s4857,Pierre Jackson,Movie,United States,2018,2019,TV-MA,Adult (18+)
s4858,Pihu,Movie,India,2018,2019,TV-14,Teens (13-17)
s4859,PILI Fantasy: War of Dragons,TV Show,Unknown Country,2019,2019,TV-14,Teens (13-17)
s4860,Pimpal,Movie,India,2017,2018,TV-PG,Kids & Family
s4861,Pine Gap,TV Show,Australia,2018,2018,TV-MA,Adult (18+)
s4862,Pineapple Express,Movie,United States,2008,2020,R,Adult (18+)
s4863,Pink,Movie,India,2016,2017,TV-14,Teens (13-17)
s4864,Pinkfong & Baby Shark's Space Adventure,Movie,Unknown Country,2019,2021,TV-Y,Kids & Family
s4865,Pinky Malinky,TV Show,United States,2019,2019,TV-Y7,Kids & Family
s4866,Pinky Memsaab,Movie,Pakistan,2018,2019,TV-MA,Adult (18+)
s4866,Pinky Memsaab,Movie,United Arab Emirates,2018,2019,TV-MA,Adult (18+)
s4867,Pioneers of African-American Cinema,TV Show,United States,1946,2017,TV-14,Teens (13-17)
s4868,Pioneers: First Women Filmmakers*,TV Show,Unknown Country,1925,2018,TV-14,Teens (13-17)
s4869,Pitaah,Movie,India,2002,2018,TV-MA,Adult (18+)
s4870,Pizza,Movie,India,2014,2018,TV-14,Teens (13-17)
s4871,"Pizza, birra, faso",Movie,Argentina,1998,2018,TV-MA,Adult (18+)
s4872,PJ Masks,TV Show,France,2018,2020,TV-Y,Kids & Family
s4872,PJ Masks,TV Show,United Kingdom,2018,2020,TV-Y,Kids & Family
s4873,PK,Movie,India,2014,2018,TV-14,Teens (13-17)
s4874,"Plaire, aimer et courir vite",Movie,France,2018,2019,TV-MA,Adult (18+)
s4875,Planet 51,Movie,Spain,2009,2019,PG,Kids & Family
s4875,Planet 51,Movie,United Kingdom,2009,2019,PG,Kids & Family
s4875,Planet 51,Movie,United States,2009,2019,PG,Kids & Family
s4876,Planet Earth II,TV Show,United Kingdom,2016,2017,TV-G,Kids & Family
s4877,Planet Earth: The Complete Collection,TV Show,United Kingdom,2006,2015,TV-PG,Kids & Family
s4878,Planet Hulk,Movie,United States,2010,2020,TV-14,Teens (13-17)
s4879,Planetarium,Movie,France,2016,2018,TV-MA,Adult (18+)
s4879,Planetarium,Movie,Belgium,2016,2018,TV-MA,Adult (18+)
s4880,Platoon,Movie,United States,1986,2020,R,Adult (18+)
s4880,Platoon,Movie,United Kingdom,1986,2020,R,Adult (18+)
s4881,Players,Movie,India,2012,2020,TV-14,Teens (13-17)
s4882,Playing for Keeps,Movie,United States,2012,2021,PG-13,Teens (13-17)
s4883,Playing for Time,Movie,United States,1980,2017,TV-14,Teens (13-17)
s4884,Playing Hard,Movie,Canada,2018,2019,TV-MA,Adult (18+)
s4884,Playing Hard,Movie,United States,2018,2019,TV-MA,Adult (18+)
s4885,Playing with Fire,TV Show,United States,2019,2020,TV-MA,Adult (18+)
s4886,PNL - Dans la légende tour,Movie,Unknown Country,2020,2020,TV-MA,Adult (18+)
s4887,Poacher,Movie,United Kingdom,2018,2020,TV-MA,Adult (18+)
s4887,Poacher,Movie,Kenya,2018,2020,TV-MA,Adult (18+)
s4888,Pocoyo,TV Show,Spain,2017,2019,TV-Y,Kids & Family
s4888,Pocoyo,TV Show,United Kingdom,2017,2019,TV-Y,Kids & Family
s4889,Pocoyo & Cars,Movie,Unknown Country,2015,2018,TV-Y,Kids & Family
s4890,Pocoyo & The Space Circus,Movie,Spain,2008,2018,TV-Y,Kids & Family
s4891,Pocoyo Carnival,Movie,Unknown Country,2015,2018,TV-Y,Kids & Family
s4892,Pocoyo Halloween: Space Halloween,Movie,United States,2015,2018,TV-Y,Kids & Family
s4893,Pocoyo Halloween: Spooky Movies,Movie,Unknown Country,2014,2018,TV-Y,Kids & Family
s4894,Pocoyo Special Sports,Movie,Unknown Country,2016,2018,TV-Y,Kids & Family
s4895,Point Blank,Movie,France,2019,2019,TV-MA,Adult (18+)
s4895,Point Blank,Movie,United States,2019,2019,TV-MA,Adult (18+)
s4896,Pokémon Journeys: The Series,TV Show,Unknown Country,2020,2020,TV-Y7,Kids & Family
s4897,Pokémon the Movie: I Choose You!,Movie,Japan,2017,2019,TV-Y7,Kids & Family
s4898,Pokémon the Movie: Power of Us,Movie,Japan,2018,2020,TV-Y7,Kids & Family
s4899,Pokémon the Series,TV Show,Unknown Country,2019,2020,TV-Y7,Kids & Family
s4900,Pokémon: Indigo League,TV Show,Japan,2000,2018,TV-Y7,Kids & Family
s4901,Pokémon: Mewtwo Strikes Back - Evolution,Movie,Japan,2019,2020,TV-Y7,Kids & Family
s4902,Polar,Movie,United States,2019,2019,TV-MA,Adult (18+)
s4902,Polar,Movie,Germany,2019,2019,TV-MA,Adult (18+)
s4903,Polaroid,Movie,United States,2019,2020,PG-13,Teens (13-17)
s4903,Polaroid,Movie,Norway,2019,2020,PG-13,Teens (13-17)
s4903,Polaroid,Movie,Canada,2019,2020,PG-13,Teens (13-17)
s4904,Polly Pocket,TV Show,Canada,2020,2020,TV-Y,Kids & Family
s4904,Polly Pocket,TV Show,United States,2020,2020,TV-Y,Kids & Family
s4904,Polly Pocket,TV Show,Ireland,2020,2020,TV-Y,Kids & Family
s4905,Ponysitters Club,TV Show,Canada,2018,2018,TV-G,Kids & Family
s4906,Pooja Kiven Aa,Movie,India,2013,2018,TV-PG,Kids & Family
s4907,Pop Team Epic,TV Show,Japan,2018,2020,TV-14,Teens (13-17)
s4908,"Pop, Lock 'n Roll",Movie,South Africa,2017,2020,TV-14,Teens (13-17)
s4909,Pope Francis: A Man of His Word,Movie,Switzerland,2018,2019,PG,Kids & Family
s4909,Pope Francis: A Man of His Word,Movie,Vatican City,2018,2019,PG,Kids & Family
s4909,Pope Francis: A Man of His Word,Movie,Italy,2018,2019,PG,Kids & Family
s4909,Pope Francis: A Man of His Word,Movie,Germany,2018,2019,PG,Kids & Family
s4909,Pope Francis: A Man of His Word,Movie,France,2018,2019,PG,Kids & Family
s4910,Popeye,Movie,United States,1980,2019,PG,Kids & Family
s4911,Popples,TV Show,United States,2016,2016,TV-Y,Kids & Family
s4911,Popples,TV Show,France,2016,2016,TV-Y,Kids & Family
s4912,Pororo - The Little Penguin,TV Show,South Korea,2013,2019,TV-Y7,Kids & Family
s4913,Portlandia,TV Show,United States,2018,2019,TV-14,Teens (13-17)
s4914,Porto,Movie,Portugal,2016,2018,TV-MA,Adult (18+)
s4914,Porto,Movie,France,2016,2018,TV-MA,Adult (18+)
s4914,Porto,Movie,Poland,2016,2018,TV-MA,Adult (18+)
s4914,Porto,Movie,United States,2016,2018,TV-MA,Adult (18+)
s4915,Pose,TV Show,United States,2019,2020,TV-MA,Adult (18+)
s4916,Poseidon,Movie,United States,2006,2019,PG-13,Teens (13-17)
s4917,Posesif,Movie,Indonesia,2017,2020,TV-MA,Adult (18+)
s4918,Poshter Girl,Movie,India,2016,2020,TV-14,Teens (13-17)
s4919,Possessed,TV Show,South Korea,2019,2019,TV-MA,Adult (18+)
s4920,Postcards from London,Movie,United Kingdom,2018,2019,TV-MA,Adult (18+)
s4921,Poster Boys,Movie,India,2017,2017,PG-13,Teens (13-17)
s4922,Potato Potahto,Movie,Ghana,2017,2019,TV-MA,Adult (18+)
s4923,Pottersville,Movie,United States,2017,2017,PG-13,Teens (13-17)
s4924,Powder,TV Show,India,2010,2018,TV-14,Teens (13-17)
s4925,Power Battle Watch Car,TV Show,Unknown Country,2016,2017,TV-Y7,Kids & Family
s4926,Power Paandi,Movie,India,2017,2018,TV-MA,Adult (18+)
s4927,Power Players,TV Show,United States,2020,2020,TV-Y7,Kids & Family
s4927,Power Players,TV Show,France,2020,2020,TV-Y7,Kids & Family
s4928,Power Rangers Beast Morphers,TV Show,United States,2020,2020,TV-Y7,Kids & Family
s4929,Power Rangers Dino Charge,TV Show,United States,2015,2015,TV-Y7,Kids & Family
s4930,Power Rangers Dino Super Charge,TV Show,Unknown Country,2016,2016,TV-Y7,Kids & Family
s4931,Power Rangers Dino Thunder,TV Show,United States,2004,2016,TV-Y7,Kids & Family
s4932,Power Rangers in Space,TV Show,United States,1998,2016,TV-Y7,Kids & Family
s4932,Power Rangers in Space,TV Show,France,1998,2016,TV-Y7,Kids & Family
s4932,Power Rangers in Space,TV Show,Japan,1998,2016,TV-Y7,Kids & Family
s4933,Power Rangers Jungle Fury,TV Show,United States,2008,2016,TV-Y7,Kids & Family
s4934,Power Rangers Lightspeed Rescue,TV Show,France,2000,2016,TV-Y7,Kids & Family
s4934,Power Rangers Lightspeed Rescue,TV Show,Japan,2000,2016,TV-Y7,Kids & Family
s4934,Power Rangers Lightspeed Rescue,TV Show,United States,2000,2016,TV-Y7,Kids & Family
s4935,Power Rangers Lost Galaxy,TV Show,United States,1999,2016,TV-Y7,Kids & Family
s4935,Power Rangers Lost Galaxy,TV Show,France,1999,2016,TV-Y7,Kids & Family
s4935,Power Rangers Lost Galaxy,TV Show,Japan,1999,2016,TV-Y7,Kids & Family
s4936,Power Rangers Mystic Force,TV Show,United States,2006,2016,TV-Y7,Kids & Family
s4937,Power Rangers Ninja Steel,TV Show,United States,2018,2018,TV-Y7,Kids & Family
s4938,Power Rangers Ninja Storm,TV Show,United States,2003,2016,TV-Y7,Kids & Family
s4938,Power Rangers Ninja Storm,TV Show,New Zealand,2003,2016,TV-Y7,Kids & Family
s4939,Power Rangers Operation Overdrive,TV Show,United States,2007,2016,TV-Y7,Kids & Family
s4939,Power Rangers Operation Overdrive,TV Show,New Zealand,2007,2016,TV-Y7,Kids & Family
s4939,Power Rangers Operation Overdrive,TV Show,Japan,2007,2016,TV-Y7,Kids & Family
s4940,Power Rangers RPM,TV Show,United States,2009,2016,TV-Y7,Kids & Family
s4941,Power Rangers S.P.D.,TV Show,United States,2005,2016,TV-Y7,Kids & Family
s4941,Power Rangers S.P.D.,TV Show,New Zealand,2005,2016,TV-Y7,Kids & Family
s4942,Power Rangers Samurai,TV Show,United States,2011,2016,TV-Y7,Kids & Family
s4943,"Power Rangers Samurai: Christmas Together, Friends Forever (Christmas Special)",Movie,United States,2011,2016,TV-Y7,Kids & Family
s4944,Power Rangers Samurai: Clash of the Red Rangers,Movie,United States,2011,2016,TV-Y7,Kids & Family
s4945,Power Rangers Samurai: Party Monsters (Halloween Special),Movie,United States,2011,2016,TV-Y7,Kids & Family
s4946,Power Rangers Super Megaforce,TV Show,Unknown Country,2014,2016,TV-Y7,Kids & Family
s4947,Power Rangers Super Megaforce: The Legendary Battle (Extended),Movie,United States,2014,2016,TV-Y7,Kids & Family
s4948,Power Rangers Super Samurai,TV Show,Unknown Country,2012,2016,TV-Y7,Kids & Family
s4949,Power Rangers Super Samurai: Stuck on Christmas,Movie,United States,2012,2016,TV-Y7,Kids & Family
s4950,Power Rangers Super Samurai: Trickster Treat,Movie,United States,2012,2016,TV-Y7,Kids & Family
s4951,Power Rangers Time Force,TV Show,United States,2001,2016,TV-Y7,Kids & Family
s4952,Power Rangers Turbo,TV Show,United States,1997,2016,TV-Y7,Kids & Family
s4952,Power Rangers Turbo,TV Show,France,1997,2016,TV-Y7,Kids & Family
s4952,Power Rangers Turbo,TV Show,Japan,1997,2016,TV-Y7,Kids & Family
s4953,Power Rangers Wild Force,TV Show,United States,2002,2016,TV-Y7,Kids & Family
s4953,Power Rangers Wild Force,TV Show,Netherlands,2002,2016,TV-Y7,Kids & Family
s4953,Power Rangers Wild Force,TV Show,Japan,2002,2016,TV-Y7,Kids & Family
s4953,Power Rangers Wild Force,TV Show,France,2002,2016,TV-Y7,Kids & Family
s4954,Power Rangers Zeo,TV Show,United States,1996,2016,TV-Y7,Kids & Family
s4954,Power Rangers Zeo,TV Show,France,1996,2016,TV-Y7,Kids & Family
s4954,Power Rangers Zeo,TV Show,Japan,1996,2016,TV-Y7,Kids & Family
s4955,Power Rangers: Megaforce,TV Show,United States,2013,2016,TV-Y7,Kids & Family
s4956,Power Rangers: Megaforce: Raising Spirits,Movie,United States,2013,2016,TV-Y7,Kids & Family
s4957,Power Rangers: Megaforce: The Robo Knight Before Christmas,Movie,United States,2013,2016,TV-Y7,Kids & Family
s4958,Prague,Movie,India,2013,2017,TV-MA,Adult (18+)
s4958,Prague,Movie,Switzerland,2013,2017,TV-MA,Adult (18+)
s4959,Pranaam,Movie,India,2019,2019,TV-14,Teens (13-17)
s4960,Prank Encounters,TV Show,United States,2019,2019,TV-MA,Adult (18+)
s4961,Prelude to War,Movie,United States,1942,2017,TV-14,Teens (13-17)
s4962,Prem Ratan Dhan Payo,Movie,India,2015,2020,TV-14,Teens (13-17)
s4963,Premachi Goshta,Movie,India,2013,2018,TV-14,Teens (13-17)
s4964,Prescription Thugs,Movie,United States,2015,2016,NR,Not Rated (NR)
s4965,President,TV Show,South Korea,2010,2017,TV-14,Teens (13-17)
s4966,Pretend It’s a City,TV Show,United States,2021,2021,TV-14,Teens (13-17)
s4967,Pretty Little Stalker,Movie,United States,2018,2020,TV-14,Teens (13-17)
s4968,Pretty Man,TV Show,Unknown Country,2018,2018,TV-14,Teens (13-17)
s4969,Pretville,Movie,South Africa,2012,2020,TV-PG,Kids & Family
s4970,Primal Fear,Movie,United States,1996,2019,R,Adult (18+)
s4971,Prince,Movie,India,1969,2017,TV-PG,Kids & Family
s4972,Prince Charming,Movie,Hong Kong,1984,2018,TV-14,Teens (13-17)
s4973,Prince Jai Aur Dumdaar Viru,TV Show,Unknown Country,2017,2020,TV-Y,Kids & Family
s4974,Prince of Peoria,TV Show,United States,2019,2019,TV-G,Kids & Family
s4975,Prince of Peoria: A Christmas Moose Miracle,Movie,United States,2018,2018,TV-G,Kids & Family
s4976,Princess Cyd,Movie,United States,2017,2018,TV-MA,Adult (18+)
s4977,Print the Legend,Movie,United States,2014,2014,TV-14,Teens (13-17)
s4978,Prison Playbook,TV Show,South Korea,2017,2018,TV-MA,Adult (18+)
s4979,Private Life,Movie,United States,2018,2018,R,Adult (18+)
s4980,Private Lives,TV Show,South Korea,2020,2020,TV-14,Teens (13-17)
s4981,Private Practice,TV Show,United States,2012,2019,TV-14,Teens (13-17)
s4982,Professor,Movie,India,1962,2017,TV-PG,Kids & Family
s4983,Professor Mack,Movie,United States,2018,2019,TV-MA,Adult (18+)
s4984,Prohibition: A Film by Ken Burns and Lynn Novick,TV Show,United States,2011,2017,TV-PG,Kids & Family
s4985,Project Marathwada,Movie,India,2016,2020,TV-MA,Adult (18+)
s4986,Project Mc²,TV Show,United States,2017,2017,TV-G,Kids & Family
s4987,Project Papa,Movie,India,2018,2020,TV-14,Teens (13-17)
s4988,Project Power,Movie,United States,2020,2020,R,Adult (18+)
s4989,Project S The Series,TV Show,Thailand,2017,2018,TV-MA,Adult (18+)
s4990,Prom Night,Movie,United States,2008,2020,PG-13,Teens (13-17)
s4990,Prom Night,Movie,Canada,2008,2020,PG-13,Teens (13-17)
s4991,Prosecuting Evil: The Extraordinary World of Ben Ferencz,Movie,Canada,2019,2019,TV-MA,Adult (18+)
s4992,Prospect,Movie,Canada,2018,2020,R,Adult (18+)
s4992,Prospect,Movie,United States,2018,2020,R,Adult (18+)
s4993,Psiconautas,TV Show,Argentina,2016,2018,TV-MA,Adult (18+)
s4994,Psycho,Movie,India,2020,2020,TV-MA,Adult (18+)
s4995,Psychokinesis,Movie,South Korea,2018,2018,TV-MA,Adult (18+)
s4996,Pucca: Love Recipe,TV Show,Unknown Country,2018,2019,TV-Y7,Kids & Family
s4997,Puella Magi Madoka Magica,TV Show,Japan,2011,2019,TV-14,Teens (13-17)
s4998,Puerta 7,TV Show,Argentina,2020,2020,TV-MA,Adult (18+)
s4999,Puerto Ricans in Paris,Movie,United States,2015,2020,R,Adult (18+)
s5000,Puffin Rock,TV Show,Ireland,2016,2016,TV-Y,Kids & Family
s5001,Pukar,Movie,India,2000,2018,TV-14,Teens (13-17)
s5002,Pulang,Movie,Malaysia,2018,2018,TV-14,Teens (13-17)
s5003,Pulp Fiction,Movie,United States,1994,2019,R,Adult (18+)
s5004,Punjab 1984,Movie,Canada,2014,2017,TV-14,Teens (13-17)
s5004,Punjab 1984,Movie,India,2014,2017,TV-14,Teens (13-17)
s5005,Pup Academy,TV Show,United States,2020,2020,TV-Y,Kids & Family
s5006,Pup Star,Movie,Canada,2016,2016,G,Kids & Family
s5007,Pup Star: Better 2Gether,Movie,Canada,2017,2017,PG,Kids & Family
s5008,Pup Star: World Tour,Movie,Canada,2018,2018,G,Kids & Family
s5008,Pup Star: World Tour,Movie,Japan,2018,2018,G,Kids & Family
s5008,Pup Star: World Tour,Movie,United States,2018,2018,G,Kids & Family
s5009,Puppy Star Christmas,Movie,United States,2018,2018,PG,Kids & Family
s5010,Puriyatha Puthir,Movie,India,2017,2019,TV-MA,Adult (18+)
s5011,Pusher,Movie,United Kingdom,2012,2017,R,Adult (18+)
s5012,Puss in Book: Trapped in an Epic Tale,Movie,United States,2017,2017,TV-Y7,Kids & Family
s5013,Puss in Boots,Movie,United States,2011,2020,PG,Kids & Family
s5014,Put Your Head on My Shoulder,TV Show,China,2019,2019,TV-14,Teens (13-17)
s5015,Pyaar Ka Punchnama,Movie,India,2011,2017,TV-14,Teens (13-17)
s5016,Pyaar Ka Punchnama 2,Movie,India,2015,2020,TV-MA,Adult (18+)
s5017,Pyaar Ke Side Effects,Movie,India,2006,2019,TV-MA,Adult (18+)
s5018,Pyaar Tune Kya Kiya,TV Show,India,2014,2017,TV-14,Teens (13-17)
s5019,Pyar Ke Do Pal,Movie,India,1986,2018,TV-14,Teens (13-17)
s5020,Q Ball,Movie,United States,2019,2020,TV-MA,Adult (18+)
s5021,Qarib Qarib Singlle,Movie,India,2017,2018,TV-14,Teens (13-17)
s5022,QB1: Beyond the Lights,TV Show,United States,2019,2021,TV-14,Teens (13-17)
s5023,Qila,Movie,India,1998,2017,TV-14,Teens (13-17)
s5024,Qin Empire: Alliance,TV Show,China,2012,2017,TV-14,Teens (13-17)
s5025,Qismat,Movie,India,2018,2019,TV-PG,Kids & Family
s5026,QLIMAX THE SOURCE,Movie,Netherlands,2020,2020,TV-14,Teens (13-17)
s5027,Qué pena tu serie,TV Show,United States,2015,2016,TV-MA,Adult (18+)
s5028,Quantico,TV Show,United States,2018,2018,TV-14,Teens (13-17)
s5029,Quantum of Solace,Movie,United Kingdom,2008,2020,PG-13,Teens (13-17)
s5029,Quantum of Solace,Movie,United States,2008,2020,PG-13,Teens (13-17)
s5030,Quartet,Movie,United Kingdom,2012,2020,PG-13,Teens (13-17)
s5031,Queen,Movie,India,2014,2020,TV-MA,Adult (18+)
s5032,Queen of No Marriage,TV Show,Taiwan,2009,2016,TV-MA,Adult (18+)
s5033,Queen of the Desert,Movie,United States,2015,2019,PG-13,Teens (13-17)
s5033,Queen of the Desert,Movie,Morocco,2015,2019,PG-13,Teens (13-17)
s5034,Queen of the South,TV Show,United States,2018,2020,TV-MA,Adult (18+)
s5034,Queen of the South,TV Show,Mexico,2018,2020,TV-MA,Adult (18+)
s5034,Queen of the South,TV Show,Spain,2018,2020,TV-MA,Adult (18+)
s5034,Queen of the South,TV Show,Malta,2018,2020,TV-MA,Adult (18+)
s5035,Queen Sono,TV Show,South Africa,2020,2020,TV-MA,Adult (18+)
s5036,Queens of Comedy,TV Show,Unknown Country,2017,2018,TV-MA,Adult (18+)
s5037,Queens vs. Kings,TV Show,Unknown Country,2018,2018,TV-14,Teens (13-17)
s5038,Queer Eye,TV Show,United States,2020,2020,TV-14,Teens (13-17)
s5039,Queer Eye: We're in Japan!,TV Show,United States,2019,2019,TV-14,Teens (13-17)
s5039,Queer Eye: We're in Japan!,TV Show,Japan,2019,2019,TV-14,Teens (13-17)
s5040,Quién te cantará,Movie,Spain,2018,2019,TV-MA,Adult (18+)
s5040,Quién te cantará,Movie,France,2018,2019,TV-MA,Adult (18+)
s5041,Quicksand,TV Show,Sweden,2019,2019,TV-MA,Adult (18+)
s5042,Quiet Victory: The Charlie Wedemeyer Story,Movie,United States,1988,2011,TV-PG,Kids & Family
s5043,Quigley Down Under,Movie,Australia,1990,2020,PG-13,Teens (13-17)
s5043,Quigley Down Under,Movie,United States,1990,2020,PG-13,Teens (13-17)
s5044,Quincy,Movie,United States,2018,2018,TV-MA,Adult (18+)
s5045,Qurious Como,TV Show,Unknown Country,2017,2020,TV-Y,Kids & Family
s5046,R.K.Nagar,Movie,India,2019,2020,TV-14,Teens (13-17)
s5047,R.L. Stine's Mostly Ghostly,Movie,United States,2008,2018,PG,Kids & Family
s5048,Raajneeti,Movie,India,2010,2018,TV-14,Teens (13-17)
s5049,Raat Akeli Hai,Movie,India,2020,2020,TV-MA,Adult (18+)
s5050,Rab Se Sohna Isshq,TV Show,Unknown Country,2012,2017,TV-14,Teens (13-17)
s5051,Rabbids Invasion,TV Show,France,2018,2019,TV-Y7,Kids & Family
s5052,Rabun,Movie,Malaysia,2004,2020,TV-PG,Kids & Family
s5053,Race,Movie,India,2008,2018,TV-14,Teens (13-17)
s5054,Race 2,Movie,India,2013,2018,TV-14,Teens (13-17)
s5055,Race to Witch Mountain,Movie,United States,2009,2019,PG,Kids & Family
s5056,Rachel Getting Married,Movie,United States,2008,2019,R,Adult (18+)
s5057,Radical: the Controversial Saga of Dada Figueiredo,Movie,Brazil,2013,2017,TV-MA,Adult (18+)
s5058,Radio Rebel,Movie,United States,2012,2019,TV-G,Kids & Family
s5059,Radiopetti,Movie,India,2015,2017,TV-PG,Kids & Family
s5060,Radium Girls,Movie,United States,2018,2021,TV-14,Teens (13-17)
s5061,Raees,Movie,India,2017,2017,TV-14,Teens (13-17)
s5062,"Rafał Banaś, Michał Leja Laugh out Loud",Movie,Unknown Country,2016,2016,TV-MA,Adult (18+)
s5063,Rafinha Bastos: Ultimatum,Movie,Brazil,2018,2018,TV-MA,Adult (18+)
s5064,Raging Bull,Movie,United States,1980,2019,R,Adult (18+)
s5065,Ragini MMS,Movie,India,2011,2019,TV-MA,Adult (18+)
s5066,Ragini MMS 2,Movie,India,2014,2019,TV-MA,Adult (18+)
s5067,Ragnarok,TV Show,Norway,2020,2020,TV-MA,Adult (18+)
s5067,Ragnarok,TV Show,Denmark,2020,2020,TV-MA,Adult (18+)
s5068,Rahasya,Movie,India,2015,2018,TV-14,Teens (13-17)
s5069,Raiders!: The Story of the Greatest Fan Film Ever Made,Movie,United States,2015,2016,NR,Not Rated (NR)
s5070,Railroad Tigers,Movie,China,2016,2017,TV-14,Teens (13-17)
s5071,Rain Man,Movie,United States,1988,2019,R,Adult (18+)
s5072,Rainbow Jelly,Movie,India,2018,2019,TV-14,Teens (13-17)
s5073,Rainbow Ruby,TV Show,South Korea,2016,2019,TV-Y,Kids & Family
s5073,Rainbow Ruby,TV Show,Canada,2016,2019,TV-Y,Kids & Family
s5073,Rainbow Ruby,TV Show,United States,2016,2019,TV-Y,Kids & Family
s5073,Rainbow Ruby,TV Show,China,2016,2019,TV-Y,Kids & Family
s5074,Rainbow Time,Movie,United States,2016,2016,TV-MA,Adult (18+)
s5075,Raising Dion,TV Show,United States,2019,2019,TV-PG,Kids & Family
s5076,Raising the Bar,Movie,Australia,2016,2017,TV-Y,Kids & Family
s5077,Raising Victor Vargas,Movie,France,2002,2020,R,Adult (18+)
s5077,Raising Victor Vargas,Movie,United States,2002,2020,R,Adult (18+)
s5078,Raja Hindustani,Movie,India,1996,2017,TV-14,Teens (13-17)
s5079,Raja Natwarlal,Movie,India,2014,2018,TV-14,Teens (13-17)
s5080,Raja Rasoi Aur Anya Kahaniyan,TV Show,India,2014,2018,TV-G,Kids & Family
s5081,Rajma Chawal,Movie,India,2018,2018,TV-MA,Adult (18+)
s5082,Rajnigandha,Movie,India,1974,2019,TV-PG,Kids & Family
s5083,Rake,TV Show,Australia,2018,2018,TV-MA,Adult (18+)
s5084,Rakkhosh,Movie,India,2019,2019,TV-MA,Adult (18+)
s5085,Ralph Breaks the Internet: Wreck-It Ralph 2,Movie,United States,2018,2019,PG,Kids & Family
s5086,Ralphie May: Imperfectly Yours,Movie,United States,2015,2015,TV-MA,Adult (18+)
s5087,Ralphie May: Unruly,Movie,United States,2015,2015,TV-MA,Adult (18+)
s5088,"Ram Dass, Going Home",Movie,United States,2018,2018,TV-14,Teens (13-17)
s5089,Ram Jaane,Movie,India,1995,2017,TV-14,Teens (13-17)
s5090,Ram Teri Ganga Maili,Movie,India,1985,2019,TV-14,Teens (13-17)
s5091,Raman Raghav 2.0,Movie,India,2016,2020,TV-MA,Adult (18+)
s5092,Ramayan,TV Show,India,2012,2018,TV-14,Teens (13-17)
s5093,Ramen Shop,Movie,Singapore,2018,2019,TV-PG,Kids & Family
s5093,Ramen Shop,Movie,Japan,2018,2019,TV-PG,Kids & Family
s5093,Ramen Shop,Movie,France,2018,2019,TV-PG,Kids & Family
s5094,Ramji Londonwaley,Movie,India,2005,2019,TV-14,Teens (13-17)
s5095,Rampage: President Down,Movie,Canada,2016,2017,TV-MA,Adult (18+)
s5096,Rampant,Movie,South Korea,2018,2019,TV-MA,Adult (18+)
s5097,Ranbhool,Movie,India,2010,2018,TV-MA,Adult (18+)
s5098,Rang De Basanti,Movie,India,2006,2018,TV-14,Teens (13-17)
s5099,Rango,Movie,United States,2011,2020,PG,Kids & Family
s5100,Rangoon,Movie,India,2017,2017,TV-14,Teens (13-17)
s5101,Rangreza,Movie,Pakistan,2017,2018,TV-14,Teens (13-17)
s5102,Rapture,TV Show,United States,2018,2018,TV-MA,Adult (18+)
s5103,Ratched,TV Show,United States,2020,2020,TV-MA,Adult (18+)
s5104,Ratones Paranoicos: The Band that Rocked Argentina,Movie,Unknown Country,2021,2021,TV-MA,Adult (18+)
s5105,Rats,Movie,United States,2016,2016,NR,Not Rated (NR)
s5106,Rattlesnake,Movie,United States,2019,2019,TV-MA,Adult (18+)
s5107,Ravenous,Movie,Canada,2017,2018,TV-MA,Adult (18+)
s5108,"Ray Romano: Right Here, Around the Corner",Movie,United States,2019,2019,TV-MA,Adult (18+)
s5109,Raya and Sakina,Movie,Unknown Country,1984,2020,TV-14,Teens (13-17)
s5110,Razia Sultan,TV Show,India,2015,2017,TV-14,Teens (13-17)
s5111,Re:Mind,TV Show,Japan,2017,2018,TV-MA,Adult (18+)
s5112,REA(L)OVE,TV Show,Japan,2018,2018,TV-MA,Adult (18+)
s5113,Reaction,Movie,Egypt,2011,2019,TV-14,Teens (13-17)
s5114,Ready,Movie,India,2011,2017,TV-PG,Kids & Family
s5115,Ready to Mingle,Movie,Mexico,2019,2019,TV-MA,Adult (18+)
s5116,Real Crime: Diamond Geezers,Movie,United Kingdom,2008,2016,TV-14,Teens (13-17)
s5117,Real Crime: Supermarket Heist (Tesco Bomber),Movie,United Kingdom,2010,2016,TV-14,Teens (13-17)
s5118,Real Rob,TV Show,United States,2017,2017,TV-MA,Adult (18+)
s5119,Real Steel,Movie,United States,2011,2020,PG-13,Teens (13-17)
s5119,Real Steel,Movie,India,2011,2020,PG-13,Teens (13-17)
s5120,Reality of Dream,TV Show,Unknown Country,2015,2018,TV-MA,Adult (18+)
s5121,Reality Z,TV Show,Brazil,2020,2020,TV-MA,Adult (18+)
s5122,Rebecca,Movie,United Kingdom,2020,2020,PG-13,Teens (13-17)
s5123,Rebel Without a Cause,Movie,United States,1955,2019,PG-13,Teens (13-17)
s5124,Rebelde,TV Show,Mexico,2004,2017,TV-14,Teens (13-17)
s5125,Rebellion,TV Show,Ireland,2016,2020,TV-MA,Adult (18+)
s5126,Rebirth,Movie,United States,2016,2016,TV-MA,Adult (18+)
s5127,Reboot: The Guardian Code,TV Show,Canada,2018,2018,TV-Y7,Kids & Family
s5128,Recall,Movie,Canada,2018,2019,TV-MA,Adult (18+)
s5129,Reckoning,TV Show,Australia,2019,2020,TV-MA,Adult (18+)
s5129,Reckoning,TV Show,United States,2019,2020,TV-MA,Adult (18+)
s5130,Record of Grancrest War,TV Show,Japan,2018,2019,TV-MA,Adult (18+)
s5131,Record of Youth,TV Show,South Korea,2020,2020,TV-14,Teens (13-17)
s5132,Recovery Boys,Movie,United States,2018,2018,TV-MA,Adult (18+)
s5133,Rectify,TV Show,United States,2016,2017,TV-MA,Adult (18+)
s5134,Red Christmas,Movie,Australia,2016,2017,TV-MA,Adult (18+)
s5135,Red Dawn,Movie,United States,1984,2019,PG-13,Teens (13-17)
s5136,Red Oleanders Raktokarobi,Movie,India,2017,2018,TV-14,Teens (13-17)
s5137,Red Trees,Movie,United Kingdom,2017,2018,TV-PG,Kids & Family
s5138,Red vs. Blue,TV Show,United States,2015,,NR,Not Rated (NR)
s5139,Redemption,Movie,United Kingdom,2013,2021,R,Adult (18+)
s5139,Redemption,Movie,United States,2013,2021,R,Adult (18+)
s5140,Refresh Man,TV Show,Taiwan,2016,2016,TV-14,Teens (13-17)
s5141,Refugee,Movie,Unknown Country,2016,2017,TV-PG,Kids & Family
s5142,Regatta,Movie,Egypt,2015,2019,TV-MA,Adult (18+)
s5143,Reggie Watts: Spatial,Movie,United States,2016,2016,TV-MA,Adult (18+)
s5144,Reggie Yates Outside Man,TV Show,United Kingdom,2017,2017,TV-MA,Adult (18+)
s5145,Regiment Diaries,TV Show,India,2020,2020,TV-PG,Kids & Family
s5146,Rehmataan,Movie,India,2012,2018,TV-14,Teens (13-17)
s5147,Reign,TV Show,United States,2017,2017,TV-14,Teens (13-17)
s5148,Reincarnated,Movie,United States,2012,2016,R,Adult (18+)
s5149,ReMastered: Devil at the Crossroads,Movie,United States,2019,2019,TV-14,Teens (13-17)
s5150,ReMastered: Massacre at the Stadium,Movie,United States,2019,2019,TV-MA,Adult (18+)
s5151,ReMastered: The Lion's Share,Movie,Unknown Country,2019,2019,TV-14,Teens (13-17)
s5152,ReMastered: The Miami Showband Massacre,Movie,United States,2019,2019,TV-MA,Adult (18+)
s5153,ReMastered: The Two Killings of Sam Cooke,Movie,United States,2019,2019,TV-MA,Adult (18+)
s5154,ReMastered: Tricky Dick & The Man in Black,Movie,United States,2018,2018,TV-14,Teens (13-17)
s5155,ReMastered: Who Killed Jam Master Jay?,Movie,Unknown Country,2018,2018,TV-MA,Adult (18+)
s5156,ReMastered: Who Shot the Sheriff,Movie,United States,2018,2018,TV-14,Teens (13-17)
s5157,Rembat,Movie,Malaysia,2015,2017,TV-PG,Kids & Family
s5158,Remember,Movie,Canada,2015,2018,R,Adult (18+)
s5158,Remember,Movie,Mexico,2015,2018,R,Adult (18+)
s5158,Remember,Movie,Germany,2015,2018,R,Adult (18+)
s5158,Remember,Movie,South Africa,2015,2018,R,Adult (18+)
s5159,Remember Me,Movie,United States,2010,2020,PG-13,Teens (13-17)
s5160,Rememory,Movie,United Kingdom,2017,2020,PG-13,Teens (13-17)
s5160,Rememory,Movie,United States,2017,2020,PG-13,Teens (13-17)
s5160,Rememory,Movie,Canada,2017,2020,PG-13,Teens (13-17)
s5161,Rencor tatuado,Movie,Mexico,2018,2020,TV-MA,Adult (18+)
s5162,Reply 1988,TV Show,South Korea,2015,2020,TV-14,Teens (13-17)
s5163,Reply 1994,TV Show,South Korea,2014,2019,TV-MA,Adult (18+)
s5164,Reply 1997,TV Show,South Korea,2012,2019,TV-MA,Adult (18+)
s5165,Republic of Doyle,TV Show,Canada,2014,2020,TV-14,Teens (13-17)
s5166,Requiem,TV Show,United Kingdom,2018,2018,TV-MA,Adult (18+)
s5167,Resident Evil: Afterlife,Movie,Germany,2010,2020,R,Adult (18+)
s5167,Resident Evil: Afterlife,Movie,France,2010,2020,R,Adult (18+)
s5167,Resident Evil: Afterlife,Movie,United States,2010,2020,R,Adult (18+)
s5167,Resident Evil: Afterlife,Movie,Canada,2010,2020,R,Adult (18+)
s5167,Resident Evil: Afterlife,Movie,United Kingdom,2010,2020,R,Adult (18+)
s5168,Residente,Movie,United States,2017,2018,TV-MA,Adult (18+)
s5169,Residue,Movie,United States,2020,2020,TV-MA,Adult (18+)
s5170,Restaurants on the Edge,TV Show,Canada,2020,2020,TV-14,Teens (13-17)
s5171,Restless Creature: Wendy Whelan,Movie,United States,2016,2017,TV-MA,Adult (18+)
s5172,Results,Movie,United States,2015,2015,R,Adult (18+)
s5173,Resurface,Movie,United States,2017,2017,TV-MA,Adult (18+)
s5174,Resurrection: Ertugrul,TV Show,Turkey,2018,2019,TV-14,Teens (13-17)
s5175,Retablo,Movie,Peru,2017,2020,TV-MA,Adult (18+)
s5175,Retablo,Movie,Germany,2017,2020,TV-MA,Adult (18+)
s5175,Retablo,Movie,Norway,2017,2020,TV-MA,Adult (18+)
s5176,Retribution,TV Show,United Kingdom,2016,2018,TV-MA,Adult (18+)
s5177,Return of the Prodigal Son,Movie,Egypt,1976,2020,TV-MA,Adult (18+)
s5178,Return To The 36th Chamber,Movie,Hong Kong,1980,2018,R,Adult (18+)
s5179,Revelations,Movie,India,2016,2017,NR,Not Rated (NR)
s5180,Revenge,TV Show,Unknown Country,2017,2019,TV-MA,Adult (18+)
s5181,Revenge of the Green Dragons,Movie,Hong Kong,2014,2018,R,Adult (18+)
s5181,Revenge of the Green Dragons,Movie,United States,2014,2018,R,Adult (18+)
s5182,Revenge of the Pontianak,Movie,Singapore,2019,2019,TV-14,Teens (13-17)
s5182,Revenge of the Pontianak,Movie,Malaysia,2019,2019,TV-14,Teens (13-17)
s5183,Revenger,Movie,South Korea,2018,2019,TV-MA,Adult (18+)
s5184,Reversing Roe,Movie,United States,2018,2018,TV-14,Teens (13-17)
s5185,Revisions,TV Show,Japan,2018,2019,TV-14,Teens (13-17)
s5186,Revolt,Movie,United Kingdom,2017,2018,R,Adult (18+)
s5187,Revolting Rhymes,TV Show,United Kingdom,2017,2018,TV-PG,Kids & Family
s5188,Revolutionary Love,TV Show,South Korea,2017,2020,TV-MA,Adult (18+)
s5189,Revolutionary Road,Movie,United States,2008,2019,R,Adult (18+)
s5189,Revolutionary Road,Movie,United Kingdom,2008,2019,R,Adult (18+)
s5190,Rezeta,Movie,Mexico,2012,2016,NR,Not Rated (NR)
s5191,Rhyme Time Town,TV Show,Unknown Country,2020,2020,TV-Y,Kids & Family
s5192,Rhyme Time Town Singalongs,TV Show,United States,2020,2020,TV-Y,Kids & Family
s5193,Rhys Nicholson Live at the Athenaeum,Movie,United Kingdom,2020,2020,TV-MA,Adult (18+)
s5194,Rhythm + Flow,TV Show,United States,2019,2019,TV-MA,Adult (18+)
s5195,"Rica, Famosa, Latina",TV Show,United States,2016,2019,TV-MA,Adult (18+)
s5196,Ricardo O'Farrill Abrazo Genial,Movie,Mexico,2016,2016,TV-MA,Adult (18+)
s5197,Ricardo O'Farrill: Abrazo navideño,Movie,Mexico,2016,2016,TV-MA,Adult (18+)
s5198,Ricardo Quevedo: Hay gente así,Movie,Colombia,2018,2018,TV-MA,Adult (18+)
s5199,Ricardo Quevedo: Los amargados somos más,Movie,Unknown Country,2019,2019,TV-MA,Adult (18+)
s5200,Rich in Love,Movie,Brazil,2020,2020,TV-14,Teens (13-17)
s5201,Richard Pryor: Live in Concert,Movie,United States,1979,2016,TV-MA,Adult (18+)
s5202,Richie Rich,TV Show,United States,2015,2015,TV-G,Kids & Family
s5203,Ricky Gervais: Humanity,Movie,United Kingdom,2018,2018,TV-MA,Adult (18+)
s5204,Ride Like a Girl,Movie,Australia,2020,2020,PG,Kids & Family
s5205,RIDE ON TIME,TV Show,Unknown Country,2019,2020,TV-PG,Kids & Family
s5206,Riding Faith,Movie,United States,2020,2020,TV-PG,Kids & Family
s5207,Right Here Right Now,Movie,Germany,2018,2019,TV-MA,Adult (18+)
s5208,Righteous Kill,Movie,United States,2008,2019,R,Adult (18+)
s5209,Rilakkuma and Kaoru,TV Show,Japan,2019,2019,TV-PG,Kids & Family
s5209,Rilakkuma and Kaoru,TV Show,United States,2019,2019,TV-PG,Kids & Family
s5210,Rim of the World,Movie,United States,2019,2019,TV-14,Teens (13-17)
s5211,Rimba Racer,TV Show,Malaysia,2017,2019,TV-PG,Kids & Family
s5212,Ringan,Movie,India,2015,2018,TV-14,Teens (13-17)
s5213,Riot,Movie,Unknown Country,2015,2020,TV-MA,Adult (18+)
s5214,Rip Tide,Movie,Australia,2017,2018,TV-PG,Kids & Family
s5214,Rip Tide,Movie,United Arab Emirates,2017,2018,TV-PG,Kids & Family
s5215,Riphagen - The Untouchable,Movie,Netherlands,2016,2016,TV-14,Teens (13-17)
s5216,Ripper Street,TV Show,United Kingdom,2017,2017,TV-MA,Adult (18+)
s5216,Ripper Street,TV Show,Ireland,2017,2017,TV-MA,Adult (18+)
s5217,Rise of Empires: Ottoman,TV Show,Unknown Country,2020,2020,TV-MA,Adult (18+)
s5218,Rise of the Zombie,Movie,India,2013,2017,TV-MA,Adult (18+)
s5219,Rise: Ini Kalilah,Movie,Malaysia,2018,2019,TV-PG,Kids & Family
s5220,Rishta.com,TV Show,India,2010,2018,TV-14,Teens (13-17)
s5221,Rising High,Movie,Germany,2020,2020,TV-MA,Adult (18+)
s5222,Rising Phoenix,Movie,United Kingdom,2020,2020,PG-13,Teens (13-17)
s5223,Rita,TV Show,Denmark,2020,2020,TV-MA,Adult (18+)
s5224,Rivaaz,Movie,India,2011,2017,TV-MA,Adult (18+)
s5225,"River, el más grande siempre",Movie,Argentina,2019,2019,TV-G,Kids & Family
s5226,River's Edge,Movie,Japan,2018,2019,TV-MA,Adult (18+)
s5227,Riverdale,TV Show,United States,2019,2020,TV-14,Teens (13-17)
s5228,Rize,Movie,United States,2005,2020,PG-13,Teens (13-17)
s5228,Rize,Movie,United Kingdom,2005,2020,PG-13,Teens (13-17)
s5229,Road To High & Low,Movie,Japan,2016,2020,TV-MA,Adult (18+)
s5230,ROAD TO ROMA,Movie,Mexico,2020,2020,TV-PG,Kids & Family
s5231,Road to Sangam,Movie,India,2010,2019,TV-14,Teens (13-17)
s5232,Road to Yesterday,Movie,Nigeria,2015,2016,TV-14,Teens (13-17)
s5233,Road Trip: Beer Pong,Movie,United States,2009,2020,R,Adult (18+)
s5234,"Rob Schneider: Asian Momma, Mexican Kids",Movie,United States,2020,2020,TV-MA,Adult (18+)
s5235,Roberto Saviano: Writing Under Police Protection,Movie,Italy,2016,2018,TV-14,Teens (13-17)
s5236,Robin Hood: The Rebellion,Movie,United Kingdom,2018,2019,TV-14,Teens (13-17)
s5237,Robocar Poli,TV Show,South Korea,2015,2017,TV-Y,Kids & Family
s5238,Robot Trains,TV Show,South Korea,2018,2019,TV-Y7,Kids & Family
s5239,Robotech,TV Show,United States,1985,2016,TV-MA,Adult (18+)
s5239,Robotech,TV Show,Japan,1985,2016,TV-MA,Adult (18+)
s5240,Robozuna,TV Show,United Kingdom,2018,2019,TV-Y7,Kids & Family
s5241,Rocco,Movie,France,2016,2017,TV-MA,Adult (18+)
s5242,Rock My Heart,Movie,Germany,2019,2019,TV-PG,Kids & Family
s5243,Rock On!!,Movie,India,2008,2019,TV-14,Teens (13-17)
s5244,Rocko's Modern Life: Static Cling,Movie,United States,2019,2019,TV-Y7,Kids & Family
s5245,Rocky,Movie,United States,1976,2019,PG,Kids & Family
s5246,Rocky Handsome,Movie,India,2016,2017,TV-MA,Adult (18+)
s5247,Rocky II,Movie,United States,1979,2019,PG,Kids & Family
s5248,Rocky III,Movie,United States,1982,2019,PG,Kids & Family
s5249,Rocky IV,Movie,United States,1985,2019,PG,Kids & Family
s5250,Rocky V,Movie,United States,1990,2019,PG-13,Teens (13-17)
s5251,Rodney Carrington: Here Comes the Truth,Movie,United States,2017,2017,TV-MA,Adult (18+)
s5252,Rodney King,Movie,United States,2017,2017,TV-MA,Adult (18+)
s5253,Roger Corman's Death Race 2050,Movie,United States,2017,2017,R,Adult (18+)
s5254,Rogue City,Movie,France,2020,2020,TV-MA,Adult (18+)
s5255,Rogue Warfare,Movie,United States,2019,2020,R,Adult (18+)
s5256,Rogue Warfare: The Hunt,Movie,United States,2020,2020,R,Adult (18+)
s5257,Roh's Beauty,Movie,Egypt,2014,2019,TV-MA,Adult (18+)
s5258,Roll Red Roll,Movie,United States,2018,2019,TV-MA,Adult (18+)
s5259,Roll With Me,Movie,United States,2017,2018,TV-MA,Adult (18+)
s5260,Rolling Papers,Movie,United States,2015,2017,TV-MA,Adult (18+)
s5260,Rolling Papers,Movie,Uruguay,2015,2017,TV-MA,Adult (18+)
s5261,Rolling Thunder Revue: A Bob Dylan Story by Martin Scorsese,Movie,United States,2019,2019,TV-MA,Adult (18+)
s5262,ROMA,Movie,Mexico,2018,2018,R,Adult (18+)
s5262,ROMA,Movie,United States,2018,2018,R,Adult (18+)
s5263,Roman Empire: Reign of Blood,TV Show,Canada,2019,2019,TV-MA,Adult (18+)
s5263,Roman Empire: Reign of Blood,TV Show,United States,2019,2019,TV-MA,Adult (18+)
s5264,Romance Doll,Movie,Japan,2020,2020,TV-MA,Adult (18+)
s5265,Romance is a bonus book,TV Show,South Korea,2019,2019,TV-14,Teens (13-17)
s5266,Romantik Komedi,Movie,Turkey,2010,2017,NR,Not Rated (NR)
s5267,Romantik Komedi 2: Bekarlığa Veda,Movie,Turkey,2013,2017,TV-14,Teens (13-17)
s5268,Romeo Akbar Walter,Movie,India,2019,2019,TV-14,Teens (13-17)
s5269,Romeo Ranjha,Movie,India,2014,2017,TV-14,Teens (13-17)
s5269,Romeo Ranjha,Movie,Canada,2014,2017,TV-14,Teens (13-17)
s5270,Romina,Movie,Mexico,2018,2018,TV-MA,Adult (18+)
s5271,"Ron White: If You Quit Listening, I'll Shut Up",Movie,United States,2018,2018,TV-MA,Adult (18+)
s5272,Ronnie Coleman: The King,Movie,United States,2018,2018,TV-MA,Adult (18+)
s5273,Ronny Chieng: Asian Comedian Destroys America!,Movie,United States,2019,2019,TV-MA,Adult (18+)
s5274,Rookie Historian Goo Hae-Ryung,TV Show,South Korea,2019,2019,TV-14,Teens (13-17)
s5275,Room,Movie,Ireland,2015,2018,R,Adult (18+)
s5275,Room,Movie,Canada,2015,2018,R,Adult (18+)
s5275,Room,Movie,United Kingdom,2015,2018,R,Adult (18+)
s5275,Room,Movie,United States,2015,2018,R,Adult (18+)
s5276,Room 2806: The Accusation,TV Show,France,2020,2020,TV-MA,Adult (18+)
s5277,Room for Rent,Movie,Canada,2017,2019,TV-MA,Adult (18+)
s5278,Room on the Broom,Movie,United Kingdom,2012,2019,TV-Y7,Kids & Family
s5278,Room on the Broom,Movie,Germany,2012,2019,TV-Y7,Kids & Family
s5279,Roonpi Secret Love,TV Show,Thailand,2016,2019,TV-14,Teens (13-17)
s5280,Rooting for Roona,Movie,India,2020,2020,TV-PG,Kids & Family
s5281,Roots,Movie,Unknown Country,2016,2017,TV-PG,Kids & Family
s5282,Roped,Movie,United States,2020,2020,PG,Kids & Family
s5283,Rory Scovel Tries Stand-Up for the First Time,Movie,United States,2017,2017,TV-MA,Adult (18+)
s5284,Rosario Tijeras,TV Show,Mexico,2018,2019,TV-MA,Adult (18+)
s5285,Rose Island,Movie,Italy,2020,2020,TV-14,Teens (13-17)
s5286,Rosemary's Baby,Movie,United States,1968,2019,R,Adult (18+)
s5287,"Roswell, New Mexico",TV Show,United States,2020,2020,TV-14,Teens (13-17)
s5288,Rotten,TV Show,United States,2019,2019,TV-MA,Adult (18+)
s5289,Rounders,Movie,United States,1998,2019,R,Adult (18+)
s5290,Rowdy Rathore,Movie,India,2012,2018,TV-14,Teens (13-17)
s5291,Roxanne Roxanne,Movie,United States,2018,2018,TV-MA,Adult (18+)
s5292,Royal Pains,TV Show,United States,2016,2017,TV-PG,Kids & Family
s5293,Rubi,TV Show,Mexico,2004,2017,TV-PG,Kids & Family
s5294,Rudy Habibie,Movie,Indonesia,2016,2019,TV-14,Teens (13-17)
s5295,Rugal,TV Show,South Korea,2020,2020,TV-MA,Adult (18+)
s5296,Rugrats in Paris: The Movie,Movie,Germany,2000,2019,G,Kids & Family
s5296,Rugrats in Paris: The Movie,Movie,United States,2000,2019,G,Kids & Family
s5297,Rukh,Movie,India,2017,2018,TV-MA,Adult (18+)
s5298,Rumble,Movie,Mexico,2016,2017,TV-MA,Adult (18+)
s5299,Rumble in the Bronx,Movie,Hong Kong,1995,2019,R,Adult (18+)
s5300,Rumor Has It,Movie,United States,2005,2019,PG-13,Teens (13-17)
s5300,Rumor Has It,Movie,Germany,2005,2019,PG-13,Teens (13-17)
s5300,Rumor Has It,Movie,Australia,2005,2019,PG-13,Teens (13-17)
s5301,Run,Movie,India,2004,2018,TV-14,Teens (13-17)
s5302,Run On,TV Show,South Korea,2020,2020,TV-MA,Adult (18+)
s5303,Runaway Bride,Movie,United States,1999,2020,PG,Kids & Family
s5304,Running for Grace,Movie,United States,2018,2019,TV-14,Teens (13-17)
s5305,Running Man,TV Show,Unknown Country,2020,2021,TV-Y7,Kids & Family
s5306,Running Out Of Time,Movie,United States,2018,2019,TV-14,Teens (13-17)
s5307,Running Shaadi,Movie,India,2017,2018,TV-14,Teens (13-17)
s5308,Rurouni Kenshin,TV Show,Japan,1998,2020,TV-14,Teens (13-17)
s5309,Rush: Beyond the Lighted Stage,Movie,Canada,2010,2017,TV-MA,Adult (18+)
s5310,RUSSELL BRAND: RE:BIRTH,Movie,Unknown Country,2018,2018,TV-MA,Adult (18+)
s5311,Russell Howard: Recalibrate,Movie,United Kingdom,2017,2017,TV-MA,Adult (18+)
s5312,Russell Madness,Movie,United States,2015,2015,PG,Kids & Family
s5313,Russell Peters vs. the World,TV Show,United States,2013,2013,NR,Not Rated (NR)
s5314,Russell Peters: Almost Famous,Movie,United States,2016,2016,TV-MA,Adult (18+)
s5315,Russell Peters: Notorious,Movie,United States,2013,2013,NR,Not Rated (NR)
s5316,Russian Doll,TV Show,United States,2019,2019,TV-MA,Adult (18+)
s5317,Rust Creek,Movie,United States,2019,2020,R,Adult (18+)
s5318,Rust Valley Restorers,TV Show,Canada,2020,2020,TV-14,Teens (13-17)
s5319,Rustom,Movie,India,2016,2017,TV-14,Teens (13-17)
s5320,Ryan Hamilton: Happy Face,Movie,United States,2017,2017,TV-14,Teens (13-17)
s5321,S Is for Stanley,Movie,Italy,2016,2017,TV-MA,Adult (18+)
s5322,S Storm,Movie,Hong Kong,2016,2018,TV-MA,Adult (18+)
s5322,S Storm,Movie,China,2016,2018,TV-MA,Adult (18+)
s5323,S.W.A.T.,Movie,United States,2003,2021,PG-13,Teens (13-17)
s5324,"Sí, Mi Amor",Movie,Unknown Country,2020,2020,TV-MA,Adult (18+)
s5325,Saadey CM Saab,Movie,India,2015,2018,TV-PG,Kids & Family
s5326,Saaho,Movie,India,2019,2019,TV-14,Teens (13-17)
s5327,Saath Saath,Movie,India,1982,2019,TV-14,Teens (13-17)
s5328,Saavat,Movie,India,2019,2019,TV-14,Teens (13-17)
s5329,Saawan,Movie,Pakistan,2016,2019,TV-14,Teens (13-17)
s5330,Sab Jholmaal Hai,TV Show,India,2017,2020,TV-Y7,Kids & Family
s5331,Sabrina,Movie,Indonesia,2018,2018,TV-MA,Adult (18+)
s5332,Sacred Games,TV Show,India,2019,2019,TV-MA,Adult (18+)
s5332,Sacred Games,TV Show,United States,2019,2019,TV-MA,Adult (18+)
s5333,Sacro GRA,Movie,Italy,2013,2017,TV-MA,Adult (18+)
s5333,Sacro GRA,Movie,France,2013,2017,TV-MA,Adult (18+)
s5334,Sad Hill Unearthed,Movie,Spain,2017,2018,TV-14,Teens (13-17)
s5335,Sadece Sen,Movie,Turkey,2014,2017,TV-MA,Adult (18+)
s5336,Sadie's Last Days on Earth,Movie,Canada,2016,2017,TV-14,Teens (13-17)
s5337,Sadma,Movie,India,1983,2019,TV-14,Teens (13-17)
s5338,Sadqay Tumhare,TV Show,Pakistan,2014,2016,TV-PG,Kids & Family
s5339,Saeed Mirza: The Leftist Sufi,Movie,India,2016,2017,TV-MA,Adult (18+)
s5340,Safe,TV Show,United Kingdom,2018,2019,TV-MA,Adult (18+)
s5341,Safety Not Guaranteed,Movie,United States,2012,2020,R,Adult (18+)
s5342,Sahara,Movie,France,2017,2017,TV-Y7,Kids & Family
s5342,Sahara,Movie,Canada,2017,2017,TV-Y7,Kids & Family
s5343,Saheb Bibi Golaam,Movie,India,2016,2017,TV-MA,Adult (18+)
s5344,Saheb Biwi Aur Gangster Returns,Movie,India,2013,2020,TV-MA,Adult (18+)
s5345,Saint Seiya,TV Show,Japan,1986,2020,TV-14,Teens (13-17)
s5346,Saint Seiya: The Lost Canvas,TV Show,Japan,2009,2018,TV-MA,Adult (18+)
s5347,Sairat,Movie,India,2016,2018,TV-14,Teens (13-17)
s5348,Sakaling Maging Tayo,Movie,Philippines,2019,2020,TV-14,Teens (13-17)
s5349,Sakhi,Movie,India,2007,2018,TV-PG,Kids & Family
s5350,Sakho & Mangane,TV Show,Senegal,2019,2020,TV-MA,Adult (18+)
s5351,Salaakhen,Movie,India,1975,2017,TV-14,Teens (13-17)
s5352,Saladin,Movie,Egypt,1963,2020,TV-MA,Adult (18+)
s5353,Salam - The First ****** Nobel Laureate,Movie,United States,2018,2019,TV-PG,Kids & Family
s5354,Salem: His Sister's Father,Movie,Egypt,2014,2019,TV-14,Teens (13-17)
s5355,Salt Fat Acid Heat,TV Show,Unknown Country,2018,2018,TV-PG,Kids & Family
s5356,Sam & Cat,TV Show,United States,2014,2019,TV-PG,Kids & Family
s5357,Sam Jay: 3 In The Morning,Movie,United States,2020,2020,TV-MA,Adult (18+)
s5358,Sam Kinison: Breaking the Rules,Movie,United States,1987,2018,TV-MA,Adult (18+)
s5359,Sam Kinison: Family Entertainment Hour,Movie,United States,1991,2018,TV-MA,Adult (18+)
s5360,Sam Kinison: Live in Vegas,Movie,United States,1991,2018,TV-MA,Adult (18+)
s5361,Sam Kinison: The Scream Continues,Movie,United States,2016,2018,TV-MA,Adult (18+)
s5362,Samantaral,Movie,India,2017,2018,TV-MA,Adult (18+)
s5363,Samantha!,TV Show,Brazil,2019,2019,TV-MA,Adult (18+)
s5364,Samarppanam,Movie,India,2017,2018,TV-PG,Kids & Family
s5365,Same Kind of Different as Me,Movie,United States,2017,2018,PG-13,Teens (13-17)
s5366,Sameer Abu Alneel,Movie,Egypt,2013,2019,TV-14,Teens (13-17)
s5367,Sammy & Co,TV Show,France,2014,2015,TV-Y,Kids & Family
s5368,Sample This,Movie,United States,2012,2016,TV-14,Teens (13-17)
s5369,Samson,Movie,South Africa,2018,2018,PG-13,Teens (13-17)
s5369,Samson,Movie,United States,2018,2018,PG-13,Teens (13-17)
s5370,Samudri Lootere,Movie,Unknown Country,2018,2019,TV-Y,Kids & Family
s5371,Samurai Gourmet,TV Show,Japan,2017,2017,TV-PG,Kids & Family
s5372,San Pietro,Movie,United States,1945,2017,TV-14,Teens (13-17)
s5373,Sanai Choughade,Movie,India,2008,2018,TV-14,Teens (13-17)
s5374,Sand Castle,Movie,United States,2017,2017,TV-MA,Adult (18+)
s5375,Sand Storm,Movie,Israel,2016,2016,TV-PG,Kids & Family
s5375,Sand Storm,Movie,Germany,2016,2016,TV-PG,Kids & Family
s5375,Sand Storm,Movie,France,2016,2016,TV-PG,Kids & Family
s5376,Sandy Wexler,Movie,United States,2017,2017,TV-14,Teens (13-17)
s5377,Sangam,Movie,India,1964,2019,TV-14,Teens (13-17)
s5378,Sanju,Movie,India,2018,2018,TV-MA,Adult (18+)
s5379,SanPa: Sins of the Savior,TV Show,Italy,2020,2020,TV-MA,Adult (18+)
s5380,Santa Banta Pvt Ltd,Movie,India,2016,2020,TV-14,Teens (13-17)
s5381,Santa Clarita Diet,TV Show,United States,2019,2019,TV-MA,Adult (18+)
s5382,Santa Claws,Movie,United States,2014,2017,TV-PG,Kids & Family
s5383,Santa Girl,Movie,United States,2019,2019,TV-PG,Kids & Family
s5384,Santa Pac's Merry Berry Day,Movie,Unknown Country,2016,2016,TV-Y,Kids & Family
s5385,Santa's Apprentice,Movie,Australia,2010,2015,TV-G,Kids & Family
s5385,Santa's Apprentice,Movie,France,2010,2015,TV-G,Kids & Family
s5385,Santa's Apprentice,Movie,Ireland,2010,2015,TV-G,Kids & Family
s5386,Santana,Movie,South Africa,2020,2020,TV-MA,Adult (18+)
s5386,Santana,Movie,Angola,2020,2020,TV-MA,Adult (18+)
s5387,Santo Cachón,Movie,Colombia,2018,2018,TV-14,Teens (13-17)
s5388,Sara's Notebook,Movie,Spain,2018,2018,TV-MA,Adult (18+)
s5389,Sarah Cooper: Everything's Fine,Movie,United States,2020,2020,TV-MA,Adult (18+)
s5390,Sarah Silverman A Speck of Dust,Movie,United States,2017,2017,TV-MA,Adult (18+)
s5391,Sarah's Key,Movie,France,2010,2019,PG-13,Teens (13-17)
s5392,Sarajevo,Movie,Austria,2014,2017,TV-PG,Kids & Family
s5392,Sarajevo,Movie,Czech Republic,2014,2017,TV-PG,Kids & Family
s5393,Sardaar ji,Movie,Canada,2015,2017,TV-14,Teens (13-17)
s5394,Sardaarji 2,Movie,Australia,2016,2017,TV-PG,Kids & Family
s5394,Sardaarji 2,Movie,India,2016,2017,TV-PG,Kids & Family
s5395,Sarivar Sari,Movie,India,2005,2018,TV-14,Teens (13-17)
s5396,Sarkar,Movie,Unknown Country,2018,2019,TV-MA,Adult (18+)
s5397,Sarvam Thaala Mayam (Tamil Version),Movie,Unknown Country,2018,2019,TV-14,Teens (13-17)
s5398,Sarvam Thaala Mayam (Telugu Version),Movie,India,2018,2019,TV-14,Teens (13-17)
s5399,Sarvopari Palakkaran,Movie,India,2017,2018,TV-14,Teens (13-17)
s5400,Sat Shri Akaal England,Movie,India,2017,2018,TV-14,Teens (13-17)
s5401,Sat Sri Akal,Movie,India,2008,2019,TV-14,Teens (13-17)
s5402,Satan & Adam,Movie,United States,2018,2019,TV-MA,Adult (18+)
s5403,Satrangi,TV Show,Unknown Country,2014,2017,TV-PG,Kids & Family
s5404,Satrangi Re,Movie,India,2012,2018,TV-14,Teens (13-17)
s5405,Satria Heroes: Revenge of the Darkness,Movie,Indonesia,2017,2020,TV-G,Kids & Family
s5406,Satte Pe Satta,Movie,India,1982,2019,TV-14,Teens (13-17)
s5407,Satu Hari,TV Show,Unknown Country,2014,2017,TV-PG,Kids & Family
s5408,Saturday Church,Movie,United States,2017,2020,TV-MA,Adult (18+)
s5409,Satyagraha,Movie,India,2013,2018,TV-14,Teens (13-17)
s5410,Saudi Arabia Uncovered,Movie,United Kingdom,2016,2016,TV-14,Teens (13-17)
s5411,Savage Dog,Movie,United States,2017,2017,TV-MA,Adult (18+)
s5412,Savage Raghda,Movie,Egypt,2018,2019,TV-MA,Adult (18+)
s5413,Save Me,TV Show,South Korea,2017,2020,TV-MA,Adult (18+)
s5414,Save Our Shelter,TV Show,United States,2015,2018,TV-G,Kids & Family
s5415,Saverio Raimondo: Il Satiro Parlante,Movie,Italy,2019,2019,TV-MA,Adult (18+)
s5416,Saving Capitalism,Movie,United States,2017,2017,TV-PG,Kids & Family
s5417,Saving Mr. Banks,Movie,United States,2013,2019,PG-13,Teens (13-17)
s5417,Saving Mr. Banks,Movie,United Kingdom,2013,2019,PG-13,Teens (13-17)
s5417,Saving Mr. Banks,Movie,Australia,2013,2019,PG-13,Teens (13-17)
s5418,Saving Zoë,Movie,United States,2019,2020,R,Adult (18+)
s5419,Savita Damodar Paranjpe,Movie,India,2018,2018,TV-14,Teens (13-17)
s5420,Say I Do,TV Show,United States,2020,2020,TV-14,Teens (13-17)
s5421,Say When,Movie,United States,2014,2018,R,Adult (18+)
s5422,Sayed the Servant,Movie,Unknown Country,1985,2020,TV-14,Teens (13-17)
s5423,Scales: Mermaids Are Real,Movie,United States,2017,2020,PG,Kids & Family
s5424,SCAMS,TV Show,Japan,2019,2019,TV-14,Teens (13-17)
s5425,Scandal,TV Show,United States,2018,2018,TV-14,Teens (13-17)
s5426,Scandal in Sorrento,Movie,Italy,1955,2020,TV-PG,Kids & Family
s5426,Scandal in Sorrento,Movie,France,1955,2020,TV-PG,Kids & Family
s5427,Scare Tactics,TV Show,United States,2011,2019,TV-MA,Adult (18+)
s5428,Scarecrow,Movie,Egypt,2019,2020,TV-MA,Adult (18+)
s5429,Scary Movie,Movie,United States,2000,2020,R,Adult (18+)
s5430,Scary Movie 5,Movie,United States,2013,2020,PG-13,Teens (13-17)
s5431,Schindler's List,Movie,United States,1993,2018,R,Adult (18+)
s5432,Schitt's Creek,TV Show,Canada,2020,2020,TV-MA,Adult (18+)
s5432,Schitt's Creek,TV Show,United States,2020,2020,TV-MA,Adult (18+)
s5433,School Daze,Movie,United States,1988,2020,R,Adult (18+)
s5434,School Life,Movie,France,2019,2020,TV-MA,Adult (18+)
s5435,Schubert In Love,Movie,Germany,2016,2018,TV-14,Teens (13-17)
s5436,Schulz Saves America,TV Show,United States,2020,2020,TV-MA,Adult (18+)
s5437,Scissor Seven,TV Show,China,2020,2020,TV-14,Teens (13-17)
s5438,Scooby-Doo on Zombie Island,Movie,United States,1998,2019,TV-PG,Kids & Family
s5439,Scooby-Doo!: Mystery Incorporated,TV Show,United States,2012,2019,TV-Y7,Kids & Family
s5440,Scorpion King 5: Book of Souls,Movie,United States,2018,2018,PG-13,Teens (13-17)
s5441,Scott Pilgrim vs. the World,Movie,United States,2010,2018,PG-13,Teens (13-17)
s5441,Scott Pilgrim vs. the World,Movie,United Kingdom,2010,2018,PG-13,Teens (13-17)
s5441,Scott Pilgrim vs. the World,Movie,Canada,2010,2018,PG-13,Teens (13-17)
s5441,Scott Pilgrim vs. the World,Movie,Japan,2010,2018,PG-13,Teens (13-17)
s5442,Scream,TV Show,United States,2019,2019,TV-MA,Adult (18+)
s5443,Scream 2,Movie,United States,1997,2019,R,Adult (18+)
s5444,Scream 3,Movie,United States,2000,2019,R,Adult (18+)
s5445,Screwball,Movie,United States,2018,2019,TV-MA,Adult (18+)
s5446,SDU: Sex Duties Unit,Movie,Hong Kong,2013,2018,TV-MA,Adult (18+)
s5447,Señora Acero,TV Show,Mexico,2018,2019,TV-MA,Adult (18+)
s5447,Señora Acero,TV Show,United States,2018,2019,TV-MA,Adult (18+)
s5448,Seal Team Six: The Raid on Osama Bin Laden,Movie,United States,2012,2020,TV-MA,Adult (18+)
s5449,Search Party,Movie,United States,2014,2020,R,Adult (18+)
s5450,Searching for Bobby Fischer,Movie,United States,1993,2020,PG,Kids & Family
s5451,Searching for Sugar Man,Movie,Sweden,2012,2019,PG-13,Teens (13-17)
s5451,Searching for Sugar Man,Movie,United Kingdom,2012,2019,PG-13,Teens (13-17)
s5451,Searching for Sugar Man,Movie,Finland,2012,2019,PG-13,Teens (13-17)
s5452,Season of the Witch,Movie,United States,2011,2019,PG-13,Teens (13-17)
s5453,Sebastián Marcelo Wainraich,Movie,Argentina,2018,2018,TV-MA,Adult (18+)
s5454,Sebastian Maniscalco: Stay Hungry,Movie,United States,2019,2019,TV-MA,Adult (18+)
s5455,Sebastian Maniscalco: What's Wrong with People?,Movie,United States,2012,2019,TV-MA,Adult (18+)
s5456,Sebastian Maniscalco: Why Would You Do That,Movie,United States,2016,2019,TV-MA,Adult (18+)
s5457,Second 20s,TV Show,South Korea,2015,2019,TV-14,Teens (13-17)
s5458,Secret,Movie,Hong Kong,2007,2018,TV-PG,Kids & Family
s5458,Secret,Movie,Taiwan,2007,2018,TV-PG,Kids & Family
s5459,Secret Affair,TV Show,South Korea,2014,2017,TV-14,Teens (13-17)
s5460,Secret City,TV Show,Australia,2016,2019,TV-MA,Adult (18+)
s5461,Secret in Their Eyes,Movie,United States,2015,2018,PG-13,Teens (13-17)
s5461,Secret in Their Eyes,Movie,United Kingdom,2015,2018,PG-13,Teens (13-17)
s5461,Secret in Their Eyes,Movie,Spain,2015,2018,PG-13,Teens (13-17)
s5461,Secret in Their Eyes,Movie,South Korea,2015,2018,PG-13,Teens (13-17)
s5462,Secret Obsession,Movie,United States,2019,2019,TV-14,Teens (13-17)
s5463,Secret of Success,TV Show,Unknown Country,2015,2019,TV-14,Teens (13-17)
s5464,Secret of the Nile,TV Show,Egypt,2016,2018,TV-14,Teens (13-17)
s5465,Secret Superstar,Movie,India,2017,2018,TV-14,Teens (13-17)
s5466,Secreto bien guardado,TV Show,Argentina,2019,2020,TV-MA,Adult (18+)
s5467,Secrets in the Hot Spring,Movie,Taiwan,2018,2018,TV-14,Teens (13-17)
s5468,Secrets of Althorp - The Spencers,Movie,United States,2013,2017,TV-PG,Kids & Family
s5469,Secrets of Chatsworth,Movie,United States,2013,2017,TV-PG,Kids & Family
s5470,Secrets of Great British Castles,TV Show,United Kingdom,2016,2019,TV-PG,Kids & Family
s5471,Secrets of Henry VIII's Palace: Hampton Court,Movie,United States,2013,2017,TV-PG,Kids & Family
s5472,Secrets of Her Majesty's Secret Service,Movie,United Kingdom,2014,2017,TV-PG,Kids & Family
s5473,Secrets of Highclere Castle,Movie,United States,2013,2017,TV-PG,Kids & Family
s5474,Secrets of Scotland Yard,Movie,United Kingdom,2013,2017,TV-14,Teens (13-17)
s5475,Secrets of Selfridges,Movie,United States,2014,2017,TV-PG,Kids & Family
s5476,Secrets of the Saqqara Tomb,Movie,United States,2020,2020,TV-PG,Kids & Family
s5477,Secrets of the Tower of London,Movie,United Kingdom,2013,2017,TV-PG,Kids & Family
s5478,Secrets of Underground London,Movie,United Kingdom,2014,2017,TV-PG,Kids & Family
s5479,Secrets of Westminster,Movie,United States,2014,2017,TV-PG,Kids & Family
s5479,Secrets of Westminster,Movie,United Kingdom,2014,2017,TV-PG,Kids & Family
s5480,Security,Movie,United States,2017,2017,R,Adult (18+)
s5481,See You in Time,TV Show,Unknown Country,2017,2019,TV-14,Teens (13-17)
s5482,See You Yesterday,Movie,United States,2019,2019,TV-MA,Adult (18+)
s5483,Seeing Allred,Movie,United States,2018,2018,TV-14,Teens (13-17)
s5484,Sei,Movie,India,2018,2019,TV-14,Teens (13-17)
s5485,Seis Manos,TV Show,United States,2019,2019,TV-MA,Adult (18+)
s5486,Selection Day,TV Show,India,2018,2018,TV-14,Teens (13-17)
s5487,Selena: The Series,TV Show,Mexico,2020,2020,TV-PG,Kids & Family
s5487,Selena: The Series,TV Show,United States,2020,2020,TV-PG,Kids & Family
s5488,Self Made: Inspired by the Life of Madam C.J. Walker,TV Show,United States,2020,2020,TV-MA,Adult (18+)
s5489,Selfless,Movie,United States,2015,2019,PG-13,Teens (13-17)
s5490,Selling Sunset,TV Show,Unknown Country,2020,2020,TV-MA,Adult (18+)
s5491,Semana Santa,Movie,Mexico,2015,2017,TV-MA,Adult (18+)
s5492,Sen Kimsin?,Movie,Turkey,2012,2017,TV-14,Teens (13-17)
s5493,Senna,Movie,United Kingdom,2010,2019,PG-13,Teens (13-17)
s5493,Senna,Movie,France,2010,2019,PG-13,Teens (13-17)
s5493,Senna,Movie,United States,2010,2019,PG-13,Teens (13-17)
s5494,Sense8,TV Show,United States,2018,2016,TV-MA,Adult (18+)
s5495,Sensitive Skin,TV Show,Canada,2016,2019,TV-MA,Adult (18+)
s5496,Seoul Searching,Movie,South Korea,2015,2017,TV-MA,Adult (18+)
s5496,Seoul Searching,Movie,China,2015,2017,TV-MA,Adult (18+)
s5496,Seoul Searching,Movie,United States,2015,2017,TV-MA,Adult (18+)
s5497,Septembers of Shiraz,Movie,United States,2016,2020,PG-13,Teens (13-17)
s5498,"Septiembre, un llanto en silencio",Movie,Guatemala,2017,2018,TV-MA,Adult (18+)
s5499,Sergio,Movie,United States,2020,2020,R,Adult (18+)
s5500,Serial Killer with Piers Morgan,TV Show,United Kingdom,2018,2019,TV-14,Teens (13-17)
s5501,Serious Men,Movie,India,2020,2020,TV-MA,Adult (18+)
s5502,Seriously Single,Movie,South Africa,2020,2020,TV-MA,Adult (18+)
s5503,Servant of the People,TV Show,Ukraine,2015,2017,TV-14,Teens (13-17)
s5504,Set It Up,Movie,United States,2018,2018,TV-MA,Adult (18+)
s5505,Set Off,Movie,China,2008,2018,TV-MA,Adult (18+)
s5506,Set Up,Movie,United States,2011,2020,R,Adult (18+)
s5507,Seth Meyers: Lobby Baby,Movie,United States,2019,2019,TV-MA,Adult (18+)
s5508,Seth Rogen's Hilarity for Charity,Movie,United States,2018,2018,TV-MA,Adult (18+)
s5509,SETHUM AAYIRAM PON,Movie,India,2020,2020,TV-MA,Adult (18+)
s5510,Settai,Movie,India,2013,2018,TV-14,Teens (13-17)
s5511,Seven (Tamil),Movie,India,2019,2020,TV-MA,Adult (18+)
s5512,Seven (Telugu),Movie,Unknown Country,2019,2020,TV-14,Teens (13-17)
s5513,Seven and a half dates,Movie,Unknown Country,2018,2019,TV-14,Teens (13-17)
s5514,Seven and Me,TV Show,France,2017,2017,TV-Y,Kids & Family
s5515,Seven in Heaven,Movie,United States,2018,2018,PG-13,Teens (13-17)
s5516,Seven Pounds,Movie,United States,2008,2018,PG-13,Teens (13-17)
s5517,Seven Seconds,TV Show,United States,2018,2018,TV-MA,Adult (18+)
s5518,Seven Sundays,Movie,Philippines,2017,2019,TV-MA,Adult (18+)
s5519,Seventeen,Movie,Spain,2019,2019,TV-MA,Adult (18+)
s5520,Seventh Son,Movie,United States,2014,2020,PG-13,Teens (13-17)
s5520,Seventh Son,Movie,United Kingdom,2014,2020,PG-13,Teens (13-17)
s5520,Seventh Son,Movie,Canada,2014,2020,PG-13,Teens (13-17)
s5520,Seventh Son,Movie,China,2014,2020,PG-13,Teens (13-17)
s5521,Sex and the City 2,Movie,United States,2010,2021,R,Adult (18+)
s5522,Sex and the City: The Movie,Movie,United States,2008,2021,R,Adult (18+)
s5523,Sex Doll,Movie,United Kingdom,2016,2017,UR,Adult (18+)
s5523,Sex Doll,Movie,France,2016,2017,UR,Adult (18+)
s5524,Sex Drive,Movie,United States,2008,2020,R,Adult (18+)
s5525,Sex Education,TV Show,United Kingdom,2020,2020,TV-MA,Adult (18+)
s5526,"Sex, Explained",TV Show,United States,2020,2020,TV-MA,Adult (18+)
s5527,"Sexo, Pudor y Lagrimas",Movie,Mexico,1999,2017,R,Adult (18+)
s5528,Sextuplets,Movie,United States,2019,2019,TV-14,Teens (13-17)
s5529,Sexy Central,TV Show,Hong Kong,2019,2019,TV-MA,Adult (18+)
s5530,SGT. Will Gardner,Movie,United States,2019,2019,TV-MA,Adult (18+)
s5531,Shéhérazade,Movie,France,2019,2019,TV-MA,Adult (18+)
s5532,Shabd,Movie,India,2005,2019,TV-14,Teens (13-17)
s5533,Shadow,Movie,China,2018,2019,TV-14,Teens (13-17)
s5533,Shadow,Movie,Hong Kong,2018,2019,TV-14,Teens (13-17)
s5534,Shadow of Truth,TV Show,Israel,2016,2017,TV-MA,Adult (18+)
s5535,Shahanpan Dega Deva,Movie,India,2011,2018,TV-14,Teens (13-17)
s5536,Shaitan,Movie,India,2011,2020,TV-MA,Adult (18+)
s5537,Shaka Zulu,TV Show,Italy,1986,2019,TV-14,Teens (13-17)
s5537,Shaka Zulu,TV Show,South Africa,1986,2019,TV-14,Teens (13-17)
s5537,Shaka Zulu,TV Show,West Germany,1986,2019,TV-14,Teens (13-17)
s5537,Shaka Zulu,TV Show,Australia,1986,2019,TV-14,Teens (13-17)
s5537,Shaka Zulu,TV Show,United States,1986,2019,TV-14,Teens (13-17)
s5538,Shakti: The Power,Movie,India,2002,2018,TV-MA,Adult (18+)
s5539,Shameless (U.S.),TV Show,United States,2019,2020,TV-MA,Adult (18+)
s5540,Shanghai,Movie,India,2012,2018,TV-14,Teens (13-17)
s5541,Shanghai Fortress,Movie,China,2019,2019,TV-14,Teens (13-17)
s5542,Shararat,Movie,India,2002,2018,TV-PG,Kids & Family
s5543,Shark Busters,Movie,Hong Kong,2002,2018,TV-14,Teens (13-17)
s5544,Shark Night,Movie,United States,2011,2019,PG-13,Teens (13-17)
s5545,Shattered Memories,Movie,United States,2018,2020,TV-14,Teens (13-17)
s5546,Shaun the Sheep,TV Show,United Kingdom,2016,2020,TV-Y,Kids & Family
s5546,Shaun the Sheep,TV Show,Finland,2016,2020,TV-Y,Kids & Family
s5546,Shaun the Sheep,TV Show,Germany,2016,2020,TV-Y,Kids & Family
s5547,Shaun the Sheep: Adventures from Mossy Bottom,TV Show,United Kingdom,2020,2020,TV-Y7,Kids & Family
s5548,Shaun the Sheep: The Farmer’s Llamas,Movie,United Kingdom,2020,2020,TV-Y,Kids & Family
s5549,Shaurya: It Takes Courage to Make Right... Right,Movie,India,2008,2018,TV-14,Teens (13-17)
s5550,Shawn Mendes: In Wonder,Movie,United States,2020,2020,TV-MA,Adult (18+)
s5551,Shawn Mendes: Live in Concert,Movie,United Kingdom,2020,2020,TV-PG,Kids & Family
s5551,Shawn Mendes: Live in Concert,Movie,United States,2020,2020,TV-PG,Kids & Family
s5552,She,TV Show,India,2020,2020,TV-MA,Adult (18+)
s5553,She Did That,Movie,United States,2019,2020,TV-PG,Kids & Family
s5554,She Made Me a Criminal,Movie,Egypt,2006,2020,TV-14,Teens (13-17)
s5555,She-Ra and the Princesses of Power,TV Show,United States,2020,2020,TV-Y7,Kids & Family
s5556,She's Dating the Gangster,Movie,Philippines,2014,2019,TV-14,Teens (13-17)
s5557,She's Gotta Have It,TV Show,United States,2018,2019,TV-MA,Adult (18+)
s5558,She's Out of My League,Movie,United States,2010,2019,R,Adult (18+)
s5559,She's the One,Movie,Philippines,2013,2020,TV-14,Teens (13-17)
s5560,Shelby American,Movie,United States,2019,2019,TV-MA,Adult (18+)
s5561,Shelter,Movie,United States,2010,2017,R,Adult (18+)
s5562,Shepherds and Butchers,Movie,South Africa,2016,2017,R,Adult (18+)
s5562,Shepherds and Butchers,Movie,United States,2016,2017,R,Adult (18+)
s5562,Shepherds and Butchers,Movie,Germany,2016,2017,R,Adult (18+)
s5563,Sherlock,TV Show,United Kingdom,2017,2017,TV-14,Teens (13-17)
s5563,Sherlock,TV Show,United States,2017,2017,TV-14,Teens (13-17)
s5564,Sherlock Holmes,Movie,United States,2009,2021,PG-13,Teens (13-17)
s5564,Sherlock Holmes,Movie,Germany,2009,2021,PG-13,Teens (13-17)
s5564,Sherlock Holmes,Movie,United Kingdom,2009,2021,PG-13,Teens (13-17)
s5564,Sherlock Holmes,Movie,Australia,2009,2021,PG-13,Teens (13-17)
s5565,Shikari,Movie,India,1991,2017,TV-14,Teens (13-17)
s5565,Shikari,Movie,Soviet Union,1991,2017,TV-14,Teens (13-17)
s5566,Shimla Mirchi,Movie,India,2020,2020,TV-14,Teens (13-17)
s5567,Shimmer Lake,Movie,Canada,2017,2017,TV-MA,Adult (18+)
s5567,Shimmer Lake,Movie,United States,2017,2017,TV-MA,Adult (18+)
s5568,Shine On with Reese,TV Show,United States,2018,2019,TV-MA,Adult (18+)
s5569,Shine Your Eyes,Movie,Brazil,2020,2020,TV-MA,Adult (18+)
s5569,Shine Your Eyes,Movie,France,2020,2020,TV-MA,Adult (18+)
s5570,Shirkers,Movie,United States,2018,2018,TV-14,Teens (13-17)
s5570,Shirkers,Movie,United Kingdom,2018,2018,TV-14,Teens (13-17)
s5571,Shiva,Movie,India,1990,2019,TV-MA,Adult (18+)
s5572,Shonar Pahar,Movie,India,2018,2019,TV-PG,Kids & Family
s5573,Shooter,TV Show,United States,2018,2019,TV-14,Teens (13-17)
s5574,Shootout at Lokhandwala,Movie,India,2007,2019,UR,Adult (18+)
s5575,Shopkins,TV Show,United States,2014,2020,TV-Y,Kids & Family
s5576,Shopkins: Chef Club,Movie,United States,2016,2018,TV-Y,Kids & Family
s5577,Shopkins: Wild,Movie,Australia,2018,2018,TV-Y,Kids & Family
s5578,Shopkins: World Vacation,Movie,Australia,2017,2018,TV-Y,Kids & Family
s5579,Shor In the City,Movie,India,2011,2019,TV-MA,Adult (18+)
s5580,Shorgul,Movie,India,2016,2018,TV-14,Teens (13-17)
s5581,Short Term 12,Movie,United States,2013,2019,R,Adult (18+)
s5582,Shortcut Safari,Movie,India,2016,2019,TV-PG,Kids & Family
s5583,Shorts,Movie,United States,2009,2019,PG,Kids & Family
s5583,Shorts,Movie,United Arab Emirates,2009,2019,PG,Kids & Family
s5584,Shot Caller,Movie,United States,2017,2019,R,Adult (18+)
s5585,Shot in the Dark,TV Show,United States,2017,2017,TV-MA,Adult (18+)
s5586,SHOT! The Psycho-Spiritual Mantra of Rock,Movie,United Kingdom,2016,2017,TV-MA,Adult (18+)
s5586,SHOT! The Psycho-Spiritual Mantra of Rock,Movie,United States,2016,2017,TV-MA,Adult (18+)
s5587,Show Me the Money,TV Show,Unknown Country,2004,2018,TV-14,Teens (13-17)
s5588,Shrek the Musical,Movie,United States,2013,2013,TV-G,Kids & Family
s5589,Shtisel,TV Show,Israel,2015,2018,TV-14,Teens (13-17)
s5590,Shubh Aarambh,Movie,India,2017,2018,TV-PG,Kids & Family
s5591,Shuddhi,Movie,India,2017,2018,TV-14,Teens (13-17)
s5591,Shuddhi,Movie,United States,2017,2018,TV-14,Teens (13-17)
s5592,Shutter,Movie,Thailand,2004,2018,TV-MA,Adult (18+)
s5593,Si Doel the Movie,Movie,Indonesia,2018,2020,TV-PG,Kids & Family
s5594,Si Doel the Movie 2,Movie,Indonesia,2019,2020,TV-G,Kids & Family
s5595,Si Doel the Movie 3,Movie,Indonesia,2020,2020,TV-G,Kids & Family
s5596,Si saben cómo me pongo ¿pá qué me invitan?,Movie,Colombia,2018,2018,TV-MA,Adult (18+)
s5597,Sicilian Ghost Story,Movie,Italy,2017,2019,TV-MA,Adult (18+)
s5597,Sicilian Ghost Story,Movie,France,2017,2019,TV-MA,Adult (18+)
s5597,Sicilian Ghost Story,Movie,Switzerland,2017,2019,TV-MA,Adult (18+)
s5598,Sick Note,TV Show,United Kingdom,2018,2018,TV-MA,Adult (18+)
s5599,Sid the Science Kid,TV Show,United States,2008,2020,TV-Y,Kids & Family
s5600,Siddhant,Movie,India,2014,2018,TV-G,Kids & Family
s5601,Sierra Burgess Is A Loser,Movie,United States,2018,2018,PG-13,Teens (13-17)
s5602,Sigaram Thodu,Movie,India,2014,2018,TV-14,Teens (13-17)
s5603,Signal,TV Show,South Korea,2016,2019,TV-MA,Adult (18+)
s5604,Signs,TV Show,Poland,2020,2020,TV-MA,Adult (18+)
s5605,Silencer,Movie,United States,2018,2018,TV-MA,Adult (18+)
s5606,Silent,Movie,United States,2014,2019,TV-Y,Kids & Family
s5607,Silent Hill: Revelation,Movie,Canada,2012,2019,R,Adult (18+)
s5607,Silent Hill: Revelation,Movie,France,2012,2019,R,Adult (18+)
s5607,Silent Hill: Revelation,Movie,United States,2012,2019,R,Adult (18+)
s5608,Silicon Cowboys,Movie,United States,2016,2017,TV-PG,Kids & Family
s5609,Sillu Karuppatti,Movie,India,2019,2020,TV-14,Teens (13-17)
s5610,Silvana Sin Lana,TV Show,United States,2016,2018,TV-14,Teens (13-17)
s5611,Silver Linings Playbook,Movie,United States,2012,2020,R,Adult (18+)
s5612,Silver Spoon,TV Show,Russia,2015,2017,TV-MA,Adult (18+)
s5613,Simon,TV Show,France,2016,2018,TV-Y,Kids & Family
s5614,Simon Amstell: Set Free,Movie,United Kingdom,2019,2019,TV-MA,Adult (18+)
s5615,Simon Killer,Movie,United States,2012,2020,TV-MA,Adult (18+)
s5615,Simon Killer,Movie,France,2012,2020,TV-MA,Adult (18+)
s5616,Simplemente Manu NNa,Movie,Mexico,2017,2017,TV-MA,Adult (18+)
s5617,Sin City,Movie,Unknown Country,2019,2020,TV-14,Teens (13-17)
s5618,Sin senos no hay paraíso,TV Show,Colombia,2008,2017,TV-14,Teens (13-17)
s5618,Sin senos no hay paraíso,TV Show,Mexico,2008,2017,TV-14,Teens (13-17)
s5618,Sin senos no hay paraíso,TV Show,United States,2008,2017,TV-14,Teens (13-17)
s5619,Sin Senos sí Hay Paraíso,TV Show,United States,2018,2019,TV-MA,Adult (18+)
s5619,Sin Senos sí Hay Paraíso,TV Show,Colombia,2018,2019,TV-MA,Adult (18+)
s5620,Sinatra: All or Nothing at All,TV Show,United States,2015,2020,TV-14,Teens (13-17)
s5621,"Sincerely Yours, Dhaka",Movie,Bangladesh,2018,2019,TV-MA,Adult (18+)
s5622,Sing On!,TV Show,United States,2020,2020,TV-PG,Kids & Family
s5623,Sing On! Germany,TV Show,Germany,2020,2020,TV-PG,Kids & Family
s5624,Sing On! Spain,TV Show,Spain,2020,2020,TV-G,Kids & Family
s5625,Singapore,Movie,India,1960,2017,TV-PG,Kids & Family
s5625,Singapore,Movie,Malaysia,1960,2017,TV-PG,Kids & Family
s5626,Singapore Social,TV Show,Singapore,2019,2019,TV-MA,Adult (18+)
s5626,Singapore Social,TV Show,United States,2019,2019,TV-MA,Adult (18+)
s5627,Singh Saab the Great,Movie,India,2013,2017,TV-14,Teens (13-17)
s5628,Singham,Movie,India,2011,2020,TV-14,Teens (13-17)
s5629,Single,Movie,Indonesia,2015,2018,TV-PG,Kids & Family
s5630,Single Ladies Senior,TV Show,Unknown Country,2018,2018,TV-MA,Adult (18+)
s5631,Single Wives,TV Show,Australia,2018,2020,TV-MA,Adult (18+)
s5632,Singles Villa,TV Show,China,2015,2017,TV-14,Teens (13-17)
s5633,Singularity,Movie,Switzerland,2017,2018,PG-13,Teens (13-17)
s5633,Singularity,Movie,United States,2017,2018,PG-13,Teens (13-17)
s5634,Sinister 2,Movie,United States,2015,2019,R,Adult (18+)
s5634,Sinister 2,Movie,United Kingdom,2015,2019,R,Adult (18+)
s5635,Sinister Circle,Movie,Peru,2017,2019,TV-MA,Adult (18+)
s5636,Sintonia,TV Show,Brazil,2019,2019,TV-MA,Adult (18+)
s5637,Siren,Movie,United States,2016,2020,TV-MA,Adult (18+)
s5638,Sirius the Jaeger,TV Show,Japan,2018,2018,TV-MA,Adult (18+)
s5639,Sister Cities,Movie,United States,2016,2016,TV-MA,Adult (18+)
s5640,Sister Code,Movie,United States,2015,2016,R,Adult (18+)
s5641,"Sister, Sister",TV Show,United States,1998,2020,TV-G,Kids & Family
s5642,Sisterakas,Movie,Philippines,2012,2019,TV-14,Teens (13-17)
s5643,Sisters,TV Show,Australia,2018,2018,TV-MA,Adult (18+)
s5644,Sitara: Let Girls Dream,Movie,Pakistan,2020,2020,TV-PG,Kids & Family
s5644,Sitara: Let Girls Dream,Movie,United States,2020,2020,TV-PG,Kids & Family
s5645,Six Windows in the Desert,TV Show,Saudi Arabia,2020,2020,TV-14,Teens (13-17)
s5646,Skin,Movie,Nigeria,2019,2020,TV-MA,Adult (18+)
s5647,Skin Decision: Before and After,TV Show,United States,2020,2020,TV-MA,Adult (18+)
s5648,Skin Trade,Movie,Thailand,2014,2018,R,Adult (18+)
s5648,Skin Trade,Movie,Canada,2014,2018,R,Adult (18+)
s5648,Skin Trade,Movie,United States,2014,2018,R,Adult (18+)
s5649,Skin Wars,TV Show,United States,2016,2016,TV-14,Teens (13-17)
s5650,Skin Wars: Fresh Paint,TV Show,United States,2016,2018,TV-14,Teens (13-17)
s5651,Skins,Movie,Spain,2017,2017,TV-MA,Adult (18+)
s5652,Skiptrace,Movie,China,2016,2019,PG-13,Teens (13-17)
s5652,Skiptrace,Movie,Hong Kong,2016,2019,PG-13,Teens (13-17)
s5652,Skiptrace,Movie,United States,2016,2019,PG-13,Teens (13-17)
s5653,Sky Ladder: The Art of Cai Guo-Qiang,Movie,United States,2016,2016,TV-MA,Adult (18+)
s5654,Sky on Fire,Movie,China,2016,2017,TV-MA,Adult (18+)
s5654,Sky on Fire,Movie,Hong Kong,2016,2017,TV-MA,Adult (18+)
s5655,Sky Tour: The Movie,Movie,Vietnam,2020,2020,TV-G,Kids & Family
s5656,Skydancers,Movie,United States,2014,2018,TV-G,Kids & Family
s5656,Skydancers,Movie,France,2014,2018,TV-G,Kids & Family
s5657,Skylanders Academy,TV Show,South Korea,2018,2018,TV-Y7,Kids & Family
s5657,Skylanders Academy,TV Show,United States,2018,2018,TV-Y7,Kids & Family
s5658,Skyline,Movie,United States,2010,2019,PG-13,Teens (13-17)
s5659,Skylines,TV Show,Germany,2019,2019,TV-MA,Adult (18+)
s5660,Slam,Movie,Italy,2017,2017,TV-MA,Adult (18+)
s5661,Slasher,TV Show,Canada,2019,2020,TV-MA,Adult (18+)
s5662,Sleeping with Other People,Movie,United States,2015,2017,R,Adult (18+)
s5663,Sleepless Society: Bedtime Wishes,TV Show,Unknown Country,2019,2019,TV-MA,Adult (18+)
s5664,Sleepless Society: Insomnia,TV Show,Thailand,2019,2020,TV-MA,Adult (18+)
s5665,Sleepless Society: Nyctophobia,TV Show,Thailand,2019,2019,TV-MA,Adult (18+)
s5666,Sleepless Society: Two Pillows & A Lost Soul,TV Show,Thailand,2020,2020,TV-MA,Adult (18+)
s5667,Sleepover,Movie,United States,2004,2020,PG,Kids & Family
s5668,Sling Blade,Movie,United States,1996,2019,R,Adult (18+)
s5669,Sliver,Movie,United States,1993,2020,R,Adult (18+)
s5670,Slobby's World,TV Show,United States,2018,2018,TV-MA,Adult (18+)
s5671,Slow Country,Movie,Nigeria,2017,2019,TV-MA,Adult (18+)
s5672,Slow West,Movie,United Kingdom,2015,2018,R,Adult (18+)
s5672,Slow West,Movie,New Zealand,2015,2018,R,Adult (18+)
s5673,Small Crimes,Movie,Canada,2017,2017,TV-MA,Adult (18+)
s5673,Small Crimes,Movie,United States,2017,2017,TV-MA,Adult (18+)
s5674,Small Soldiers,Movie,United States,1998,2019,PG-13,Teens (13-17)
s5675,Small Town Crime,Movie,United States,2017,2018,R,Adult (18+)
s5676,Smart People,Movie,United States,2008,2019,R,Adult (18+)
s5677,Smash: Motorized Mayhem,Movie,United States,2017,2017,TV-MA,Adult (18+)
s5678,Smoke & Mirrors,Movie,Spain,2016,2017,TV-14,Teens (13-17)
s5679,Smoking,TV Show,Japan,2018,2018,TV-MA,Adult (18+)
s5680,SMOSH: The Movie,Movie,United States,2015,2015,PG-13,Teens (13-17)
s5681,Sneakerheads,TV Show,United States,2020,2020,TV-MA,Adult (18+)
s5682,Sniper: Special Ops,Movie,United States,2016,2020,R,Adult (18+)
s5683,Snow Day,Movie,United States,2000,2020,PG,Kids & Family
s5684,Snowden,Movie,United Kingdom,2016,2020,R,Adult (18+)
s5684,Snowden,Movie,France,2016,2020,R,Adult (18+)
s5684,Snowden,Movie,Germany,2016,2020,R,Adult (18+)
s5684,Snowden,Movie,United States,2016,2020,R,Adult (18+)
s5685,Snowpiercer,Movie,South Korea,2013,2019,R,Adult (18+)
s5685,Snowpiercer,Movie,Czech Republic,2013,2019,R,Adult (18+)
s5686,So Much Love to Give,Movie,Argentina,2020,2020,TV-14,Teens (13-17)
s5687,Socha Na Tha,Movie,India,2005,2018,TV-14,Teens (13-17)
s5688,Social Animals,Movie,United States,2018,2019,TV-MA,Adult (18+)
s5689,Social Distance,TV Show,United States,2020,2020,TV-MA,Adult (18+)
s5690,Soekarno,Movie,Indonesia,2013,2019,TV-MA,Adult (18+)
s5691,Sofía Niño de Rivera: Exposed,Movie,Mexico,2016,2016,TV-MA,Adult (18+)
s5692,Sofía Niño de Rivera: Selección Natural,Movie,Mexico,2018,2018,TV-MA,Adult (18+)
s5693,Sofia the First,TV Show,United States,2017,2018,TV-Y,Kids & Family
s5694,Sohni Mahiwal,Movie,India,1984,2017,TV-14,Teens (13-17)
s5694,Sohni Mahiwal,Movie,Soviet Union,1984,2017,TV-14,Teens (13-17)
s5695,Sol Levante,Movie,Japan,2020,2020,TV-14,Teens (13-17)
s5696,Soldier,Movie,India,1998,2020,TV-14,Teens (13-17)
s5697,Solo,Movie,Spain,2018,2019,TV-MA,Adult (18+)
s5698,Solo Con Tu Pareja,Movie,Mexico,1991,2018,NR,Not Rated (NR)
s5699,Solo: A Star Wars Story,Movie,United States,2018,2019,PG-13,Teens (13-17)
s5700,Solo: A Star Wars Story (Spanish Version),Movie,United States,2018,2019,PG-13,Teens (13-17)
s5701,Solomon Kane,Movie,Czech Republic,2009,2018,R,Adult (18+)
s5701,Solomon Kane,Movie,United Kingdom,2009,2018,R,Adult (18+)
s5701,Solomon Kane,Movie,France,2009,2018,R,Adult (18+)
s5702,Some Assembly Required,TV Show,Canada,2015,2015,TV-Y,Kids & Family
s5703,Some Freaks,Movie,United States,2017,2017,TV-MA,Adult (18+)
s5704,Somebody Feed Phil,TV Show,United States,2020,2020,TV-14,Teens (13-17)
s5705,Someone Great,Movie,United States,2019,2019,R,Adult (18+)
s5706,Someone Has to Die,TV Show,Mexico,2020,2020,TV-MA,Adult (18+)
s5706,Someone Has to Die,TV Show,Spain,2020,2020,TV-MA,Adult (18+)
s5707,Someone Like You,TV Show,Taiwan,2015,2016,TV-14,Teens (13-17)
s5708,Something Huge,Movie,Spain,2017,2018,TV-MA,Adult (18+)
s5709,Something in the Rain,TV Show,South Korea,2018,2018,TV-MA,Adult (18+)
s5710,Something's Gotta Give,Movie,United States,2003,2019,PG-13,Teens (13-17)
s5711,Sometimes,Movie,India,2016,2018,TV-14,Teens (13-17)
s5712,Somewhere Between,TV Show,United States,2017,2018,TV-14,Teens (13-17)
s5713,Somewhere Only We Know,TV Show,China,2019,2019,TV-MA,Adult (18+)
s5714,Sommore: Chandelier Status,Movie,United States,2013,2018,TV-MA,Adult (18+)
s5715,Sommore: The Reign Continues,Movie,United States,2015,2018,TV-MA,Adult (18+)
s5716,Son of a Gun,Movie,Australia,2014,2018,R,Adult (18+)
s5716,Son of a Gun,Movie,United Kingdom,2014,2018,R,Adult (18+)
s5716,Son of a Gun,Movie,Canada,2014,2018,R,Adult (18+)
s5717,Son Of Adam,Movie,Egypt,2018,2020,TV-14,Teens (13-17)
s5718,Song Exploder,TV Show,United States,2020,2020,TV-MA,Adult (18+)
s5719,Soni,Movie,India,2018,2019,TV-MA,Adult (18+)
s5720,Sonic X,TV Show,Japan,2003,2020,TV-Y7,Kids & Family
s5721,Sons of Ben,Movie,United States,2016,2016,NR,Not Rated (NR)
s5722,Sons of the Caliphate,TV Show,Nigeria,2017,2020,TV-14,Teens (13-17)
s5723,Soorma,Movie,India,2018,2018,TV-14,Teens (13-17)
s5724,Sorry To Disturb,Movie,Egypt,2008,2020,TV-14,Teens (13-17)
s5725,Sotus The Series,TV Show,Thailand,2016,2019,TV-MA,Adult (18+)
s5726,Soul Eater,TV Show,Japan,2008,2020,TV-14,Teens (13-17)
s5727,Soul Robbers,Movie,Mexico,2015,2018,TV-14,Teens (13-17)
s5728,Soul Surfer,Movie,United States,2011,2020,PG,Kids & Family
s5729,Soul to Keep,Movie,United States,2019,2019,TV-MA,Adult (18+)
s5730,Soundtrack,TV Show,United States,2019,2019,TV-MA,Adult (18+)
s5731,Sour Grapes,Movie,United Kingdom,2016,2016,NR,Not Rated (NR)
s5732,Southern Survival,TV Show,United States,2020,2020,TV-PG,Kids & Family
s5733,Space Cowboys,Movie,United States,2000,2019,PG-13,Teens (13-17)
s5734,Space Force,TV Show,United States,2020,2020,TV-MA,Adult (18+)
s5735,Space Jungle,TV Show,Unknown Country,2016,2019,TV-Y,Kids & Family
s5736,Space Racers,TV Show,United States,2014,2020,TV-Y,Kids & Family
s5737,Spanish Affair 2,Movie,Spain,2015,2016,TV-MA,Adult (18+)
s5738,Spark,TV Show,South Korea,2016,2017,TV-PG,Kids & Family
s5739,Sparkle,Movie,United States,1976,2019,PG,Kids & Family
s5740,Sparring,Movie,France,2017,2018,TV-MA,Adult (18+)
s5741,Sparta,TV Show,Russia,2018,2019,TV-MA,Adult (18+)
s5742,Spartacus,TV Show,United States,2013,2015,TV-MA,Adult (18+)
s5743,Special,TV Show,United States,2019,2019,TV-MA,Adult (18+)
s5744,Special 26,Movie,India,2013,2020,TV-PG,Kids & Family
s5745,Special Correspondents,Movie,Canada,2016,2016,TV-MA,Adult (18+)
s5745,Special Correspondents,Movie,United Kingdom,2016,2016,TV-MA,Adult (18+)
s5745,Special Correspondents,Movie,United States,2016,2016,TV-MA,Adult (18+)
s5746,Spectral,Movie,United States,2016,2016,TV-14,Teens (13-17)
s5746,Spectral,Movie,Hungary,2016,2016,TV-14,Teens (13-17)
s5747,Spectros,TV Show,Brazil,2020,2020,TV-MA,Adult (18+)
s5748,Speech & Debate,Movie,United States,2017,2017,PG-13,Teens (13-17)
s5749,Speed Is My Need,Movie,United Kingdom,2019,2020,TV-14,Teens (13-17)
s5750,Spelling the Dream,Movie,United States,2020,2020,TV-G,Kids & Family
s5751,Spenser Confidential,Movie,United States,2020,2020,R,Adult (18+)
s5752,SPF-18,Movie,United States,2017,2017,PG-13,Teens (13-17)
s5753,Spice Up,TV Show,Unknown Country,2014,2017,TV-14,Teens (13-17)
s5754,Spider-Man 3,Movie,United States,2007,2019,PG-13,Teens (13-17)
s5755,Spider-Man: Into the Spider-Verse,Movie,United States,2018,2019,PG,Kids & Family
s5756,Spinning Out,TV Show,United States,2020,2020,TV-MA,Adult (18+)
s5757,Spirit Riding Free: Pony Tales,TV Show,United States,2019,2019,TV-Y7,Kids & Family
s5758,Spirit Riding Free: Ride Along Adventure,Movie,United States,2020,2020,TV-Y7,Kids & Family
s5759,Spirit Riding Free: Riding Academy,TV Show,United States,2020,2020,TV-Y7,Kids & Family
s5760,Spirit Riding Free: Spirit of Christmas,Movie,United States,2019,2019,TV-Y7,Kids & Family
s5761,Spirit: Riding Free,TV Show,United States,2019,2019,TV-Y7,Kids & Family
s5762,Spiritual House,TV Show,Unknown Country,2017,2018,TV-PG,Kids & Family
s5763,Spitfire: The Plane that Saved the World,Movie,United Kingdom,2018,2019,TV-14,Teens (13-17)
s5764,Spivak,Movie,United States,2017,2018,TV-MA,Adult (18+)
s5765,Splash and Bubbles,TV Show,United States,2018,2018,TV-Y,Kids & Family
s5766,Splatter,Movie,United States,2009,2009,TV-MA,Adult (18+)
s5767,Spookley and the Christmas Kittens,Movie,United States,2019,2020,TV-Y,Kids & Family
s5768,Spookley the Square Pumpkin,Movie,United States,2004,2019,G,Kids & Family
s5769,Spotless,TV Show,United Kingdom,2015,2016,TV-MA,Adult (18+)
s5769,Spotless,TV Show,France,2015,2016,TV-MA,Adult (18+)
s5770,Spotlight,Movie,United States,2015,2020,R,Adult (18+)
s5771,Spring Breakers,Movie,United States,2012,2021,R,Adult (18+)
s5771,Spring Breakers,Movie,France,2012,2021,R,Adult (18+)
s5772,Springsteen on Broadway,Movie,United States,2018,2018,TV-MA,Adult (18+)
s5773,Sprinter,Movie,Jamaica,2018,2020,TV-MA,Adult (18+)
s5773,Sprinter,Movie,United States,2018,2020,TV-MA,Adult (18+)
s5774,Spy Kids,Movie,United States,2001,2019,PG,Kids & Family
s5775,Spy Kids 2: The Island of Lost Dreams,Movie,United States,2002,2019,PG,Kids & Family
s5776,Spy Kids 3: Game Over,Movie,United States,2003,2019,PG,Kids & Family
s5777,Spy Kids: All the Time in the World,Movie,United States,2011,2019,PG,Kids & Family
s5778,Spy Kids: Mission Critical,TV Show,United States,2018,2018,TV-Y7,Kids & Family
s5778,Spy Kids: Mission Critical,TV Show,Canada,2018,2018,TV-Y7,Kids & Family
s5779,Spy Time,Movie,Spain,2015,2016,TV-MA,Adult (18+)
s5780,Spyder,Movie,India,2017,2018,TV-14,Teens (13-17)
s5781,St. Agatha,Movie,United States,2018,2019,TV-MA,Adult (18+)
s5782,Staged Killer,Movie,United States,2019,2019,TV-14,Teens (13-17)
s5783,Stand Up and Away! with Brian Regan,TV Show,United States,2018,2018,TV-PG,Kids & Family
s5784,Standoff,Movie,Canada,2015,2018,R,Adult (18+)
s5785,Star Men,Movie,Canada,2015,2017,TV-14,Teens (13-17)
s5785,Star Men,Movie,United States,2015,2017,TV-14,Teens (13-17)
s5785,Star Men,Movie,United Kingdom,2015,2017,TV-14,Teens (13-17)
s5786,Star Trek,TV Show,United States,1968,2017,TV-14,Teens (13-17)
s5787,Star Trek: Deep Space Nine,TV Show,United States,1999,2017,TV-14,Teens (13-17)
s5788,Star Trek: Enterprise,TV Show,United States,2004,2017,TV-14,Teens (13-17)
s5789,Star Trek: The Next Generation,TV Show,United States,1993,2018,TV-PG,Kids & Family
s5790,Star Trek: Voyager,TV Show,United States,2000,2017,TV-PG,Kids & Family
s5791,Star Wars: Episode VIII: The Last Jedi,Movie,United States,2017,2018,PG-13,Teens (13-17)
s5792,Star-Crossed,TV Show,United States,2014,2015,TV-14,Teens (13-17)
s5793,StarBeam,TV Show,United States,2020,2020,TV-Y,Kids & Family
s5794,StarBeam: Halloween Hero,Movie,Canada,2020,2020,TV-Y,Kids & Family
s5795,Stardust,Movie,United Kingdom,2007,2020,PG-13,Teens (13-17)
s5795,Stardust,Movie,United States,2007,2020,PG-13,Teens (13-17)
s5796,Stargate SG-1,TV Show,United States,2006,2020,TV-MA,Adult (18+)
s5796,Stargate SG-1,TV Show,Canada,2006,2020,TV-MA,Adult (18+)
s5797,Starred Up,Movie,United Kingdom,2013,2019,TV-MA,Adult (18+)
s5798,Stars in the Sky: A Hunting Story,Movie,United States,2018,2020,TV-14,Teens (13-17)
s5799,Starsky & Hutch,Movie,United States,2004,2019,PG-13,Teens (13-17)
s5800,Start-Up,TV Show,South Korea,2020,2020,TV-14,Teens (13-17)
s5801,Starting Over Again,Movie,Philippines,2014,2019,TV-14,Teens (13-17)
s5802,Stateless,TV Show,Australia,2020,2020,TV-MA,Adult (18+)
s5803,Station Horizon,TV Show,Switzerland,2015,2016,TV-MA,Adult (18+)
s5804,Stay Here,TV Show,United States,2018,2018,TV-PG,Kids & Family
s5805,Stay Tuned!,TV Show,Japan,2019,2019,TV-14,Teens (13-17)
s5806,Steal a Pencil for Me,Movie,United States,2006,2019,TV-PG,Kids & Family
s5807,Stealing History,Movie,United States,2006,2016,TV-PG,Kids & Family
s5808,Steam Team to the Rescue,Movie,Unknown Country,2019,2020,TV-Y,Kids & Family
s5809,Steel Rain,Movie,South Korea,2018,2018,TV-MA,Adult (18+)
s5810,Step Brothers,Movie,United States,2008,2019,R,Adult (18+)
s5811,Step Outside,Movie,Egypt,2018,2019,TV-14,Teens (13-17)
s5812,Step Sisters,Movie,United States,2018,2018,PG-13,Teens (13-17)
s5813,Stephanie,Movie,United States,2017,2018,R,Adult (18+)
s5814,Stereo,Movie,Germany,2014,2017,TV-MA,Adult (18+)
s5815,Steve Jobs,Movie,United Kingdom,2015,2020,R,Adult (18+)
s5815,Steve Jobs,Movie,United States,2015,2020,R,Adult (18+)
s5816,Steve Martin and Martin Short: An Evening You Will Forget for the Rest of Your Life,Movie,United States,2018,2018,TV-14,Teens (13-17)
s5817,Sthaniya Sambaad,Movie,India,2010,2018,TV-14,Teens (13-17)
s5818,Still,Movie,Thailand,2010,2018,TV-MA,Adult (18+)
s5819,Still Game,TV Show,United Kingdom,2018,2020,TV-14,Teens (13-17)
s5820,Still LAUGH-IN: The Stars Celebrate,Movie,United States,2019,2019,TV-MA,Adult (18+)
s5821,Stink!,Movie,United States,2015,2018,TV-PG,Kids & Family
s5822,Stoked,TV Show,United States,2010,2017,TV-PG,Kids & Family
s5822,Stoked,TV Show,Canada,2010,2017,TV-PG,Kids & Family
s5823,Stolen Away,TV Show,Spain,2020,2020,TV-MA,Adult (18+)
s5824,Stone Age,TV Show,South Korea,2017,2019,TV-Y7,Kids & Family
s5825,Stonehearst Asylum,Movie,United States,2014,2017,PG-13,Teens (13-17)
s5826,Stop at Nothing: The Lance Armstrong Story,Movie,Australia,2014,2015,NR,Not Rated (NR)
s5826,Stop at Nothing: The Lance Armstrong Story,Movie,United Kingdom,2014,2015,NR,Not Rated (NR)
s5826,Stop at Nothing: The Lance Armstrong Story,Movie,United States,2014,2015,NR,Not Rated (NR)
s5826,Stop at Nothing: The Lance Armstrong Story,Movie,New Zealand,2014,2015,NR,Not Rated (NR)
s5826,Stop at Nothing: The Lance Armstrong Story,Movie,Italy,2014,2015,NR,Not Rated (NR)
s5826,Stop at Nothing: The Lance Armstrong Story,Movie,France,2014,2015,NR,Not Rated (NR)
s5827,Storage Wars: Northern Treasures,TV Show,United States,2015,2019,TV-MA,Adult (18+)
s5828,Stories by Rabindranath Tagore,TV Show,India,2015,2018,TV-PG,Kids & Family
s5829,Story of an Egg,Movie,India,2017,2017,TV-PG,Kids & Family
s5830,StoryBots Super Songs,TV Show,United States,2016,2016,TV-Y,Kids & Family
s5831,Straight Up,Movie,United States,2020,2020,TV-MA,Adult (18+)
s5832,Strange but True,Movie,Canada,2019,2020,PG-13,Teens (13-17)
s5833,Strange Voices,Movie,United States,1987,2011,TV-PG,Kids & Family
s5834,Strange Weather,Movie,United States,2016,2017,R,Adult (18+)
s5835,Stranger,TV Show,South Korea,2020,2020,TV-MA,Adult (18+)
s5836,Stranger than Fiction,Movie,United States,2006,2020,PG-13,Teens (13-17)
s5836,Stranger than Fiction,Movie,United Kingdom,2006,2020,PG-13,Teens (13-17)
s5837,Stranger Things,TV Show,United States,2019,2019,TV-14,Teens (13-17)
s5838,Strangers from Hell,TV Show,South Korea,2019,2020,TV-MA,Adult (18+)
s5839,Strawberry Shortcake: Berry Bitty Adventures,TV Show,France,2015,2016,TV-Y,Kids & Family
s5839,Strawberry Shortcake: Berry Bitty Adventures,TV Show,United States,2015,2016,TV-Y,Kids & Family
s5839,Strawberry Shortcake: Berry Bitty Adventures,TV Show,Canada,2015,2016,TV-Y,Kids & Family
s5840,Stray Bullet,Movie,Lebanon,2010,2020,TV-MA,Adult (18+)
s5841,Stree,Movie,India,2018,2019,TV-MA,Adult (18+)
s5842,Street Flow,Movie,France,2019,2019,TV-MA,Adult (18+)
s5843,Street Food,TV Show,United States,2019,2019,TV-PG,Kids & Family
s5844,Street Food: Latin America,TV Show,Unknown Country,2020,2020,TV-PG,Kids & Family
s5845,Stretch Armstrong & the Flex Fighters,TV Show,United States,2018,2018,TV-Y7,Kids & Family
s5846,Stretch Armstrong: The Breakout,Movie,United States,2018,2018,TV-Y7,Kids & Family
s5847,Strictly Ballroom,Movie,Australia,1992,2020,PG,Kids & Family
s5847,Strictly Ballroom,Movie,United Kingdom,1992,2020,PG,Kids & Family
s5848,Strike a Pose,Movie,Netherlands,2016,2017,TV-MA,Adult (18+)
s5848,Strike a Pose,Movie,Belgium,2016,2017,TV-MA,Adult (18+)
s5849,Stripes,Movie,United States,1981,2019,R,Adult (18+)
s5850,Striptease,Movie,United States,1996,2021,R,Adult (18+)
s5851,Strong,TV Show,United States,2016,2018,TV-14,Teens (13-17)
s5852,Strong Girl Bong-soon,TV Show,South Korea,2017,2019,TV-14,Teens (13-17)
s5853,Strong Island,Movie,United States,2017,2017,TV-MA,Adult (18+)
s5853,Strong Island,Movie,Denmark,2017,2017,TV-MA,Adult (18+)
s5854,Stronger Than the World,Movie,Brazil,2016,2017,NR,Not Rated (NR)
s5855,Strongest Deliveryman,TV Show,South Korea,2017,2020,TV-MA,Adult (18+)
s5856,Strongland,TV Show,Unknown Country,2018,2019,TV-PG,Kids & Family
s5857,Struggle: The Life and Lost Art of Szukalski,Movie,Poland,2018,2018,TV-MA,Adult (18+)
s5857,Struggle: The Life and Lost Art of Szukalski,Movie,United States,2018,2018,TV-MA,Adult (18+)
s5858,Stuart Little,Movie,Germany,1999,2020,PG,Kids & Family
s5858,Stuart Little,Movie,United States,1999,2020,PG,Kids & Family
s5859,Stuart Little 2,Movie,United States,2002,2020,PG,Kids & Family
s5860,Stuck Apart,Movie,Turkey,2021,2021,TV-MA,Adult (18+)
s5861,Studio 54,Movie,United States,2018,2019,TV-MA,Adult (18+)
s5862,Stunt School,Movie,Turkey,2019,2020,TV-G,Kids & Family
s5863,Stunt Science,TV Show,United Kingdom,2018,2018,TV-MA,Adult (18+)
s5864,Sturgill Simpson Presents Sound & Fury,Movie,United States,2019,2019,TV-MA,Adult (18+)
s5865,Styling Hollywood,TV Show,Unknown Country,2019,2019,TV-14,Teens (13-17)
s5866,Submission,Movie,United States,2019,2019,TV-MA,Adult (18+)
s5867,Suburra,Movie,Italy,2015,2015,NR,Not Rated (NR)
s5867,Suburra,Movie,France,2015,2015,NR,Not Rated (NR)
s5868,Suburra: Blood on Rome,TV Show,Italy,2020,2020,TV-MA,Adult (18+)
s5869,Suckseed,Movie,Thailand,2011,2018,TV-MA,Adult (18+)
s5870,Sudani from Nigeria,Movie,India,2018,2018,TV-14,Teens (13-17)
s5871,Sudden,TV Show,Singapore,2013,2017,TV-14,Teens (13-17)
s5872,Suffragette,Movie,United Kingdom,2015,2019,PG-13,Teens (13-17)
s5872,Suffragette,Movie,France,2015,2019,PG-13,Teens (13-17)
s5873,Sugar High,Movie,United States,2020,2020,TV-G,Kids & Family
s5874,Sugar Rush,TV Show,United States,2020,2020,TV-PG,Kids & Family
s5875,Sugar Rush Christmas,TV Show,United States,2020,2020,TV-14,Teens (13-17)
s5876,Suicide (Hitabdut),Movie,Israel,2014,2016,TV-MA,Adult (18+)
s5877,Suite Française,Movie,United Kingdom,2014,2017,TV-MA,Adult (18+)
s5877,Suite Française,Movie,France,2014,2017,TV-MA,Adult (18+)
s5877,Suite Française,Movie,Canada,2014,2017,TV-MA,Adult (18+)
s5877,Suite Française,Movie,Belgium,2014,2017,TV-MA,Adult (18+)
s5877,Suite Française,Movie,United States,2014,2017,TV-MA,Adult (18+)
s5878,Suits,TV Show,South Korea,2018,2019,TV-MA,Adult (18+)
s5879,Summer Night,Movie,United States,2019,2020,TV-MA,Adult (18+)
s5880,Summer of '92,Movie,Denmark,2015,2016,TV-MA,Adult (18+)
s5880,Summer of '92,Movie,United Kingdom,2015,2016,TV-MA,Adult (18+)
s5880,Summer of '92,Movie,Sweden,2015,2016,TV-MA,Adult (18+)
s5881,Summertime,TV Show,Italy,2020,2020,TV-MA,Adult (18+)
s5882,Sun Dogs,Movie,Mexico,2017,2018,TV-MA,Adult (18+)
s5882,Sun Dogs,Movie,United States,2017,2018,TV-MA,Adult (18+)
s5883,Sunday's Illness,Movie,Spain,2017,2018,PG-13,Teens (13-17)
s5884,Sunderland 'Til I Die,TV Show,United Kingdom,2020,2020,TV-MA,Adult (18+)
s5885,SunGanges,Movie,India,2018,2019,TV-14,Teens (13-17)
s5885,SunGanges,Movie,United States,2018,2019,TV-14,Teens (13-17)
s5886,Sunny Bunnies,TV Show,Belarus,2016,2020,TV-Y,Kids & Family
s5887,Sunrise,Movie,India,2014,2017,TV-MA,Adult (18+)
s5887,Sunrise,Movie,France,2014,2017,TV-MA,Adult (18+)
s5888,Super Bheem,TV Show,India,2019,2019,TV-Y,Kids & Family
s5889,Super Bheem Bana Vajraveer,Movie,India,2018,2019,TV-Y7,Kids & Family
s5890,Super Dark Times,Movie,United States,2017,2018,TV-MA,Adult (18+)
s5891,Super Deluxe,Movie,India,2019,2019,TV-MA,Adult (18+)
s5892,Super Drags,TV Show,Brazil,2018,2018,TV-MA,Adult (18+)
s5893,Super Monsters,TV Show,Unknown Country,2019,2019,TV-Y,Kids & Family
s5894,Super Monsters and the Wish Star,Movie,Unknown Country,2018,2018,TV-Y,Kids & Family
s5895,Super Monsters Back to School,Movie,Canada,2019,2019,TV-Y,Kids & Family
s5896,Super Monsters Furever Friends,Movie,Unknown Country,2019,2019,TV-Y,Kids & Family
s5897,Super Monsters Monster Party,TV Show,Unknown Country,2018,2018,TV-Y,Kids & Family
s5898,Super Monsters Monster Pets,TV Show,United States,2019,2019,TV-Y,Kids & Family
s5899,Super Monsters Save Christmas,Movie,United States,2019,2019,TV-Y,Kids & Family
s5900,Super Monsters Save Halloween,Movie,Unknown Country,2018,2018,TV-Y,Kids & Family
s5901,Super Monsters: Dia de los Monsters,Movie,Canada,2020,2020,TV-Y,Kids & Family
s5902,Super Monsters: Santa’s Super Monster Helpers,Movie,Unknown Country,2020,2020,TV-Y,Kids & Family
s5903,Super Monsters: The New Class,Movie,Canada,2020,2020,TV-Y,Kids & Family
s5904,Super Monsters: Vida's First Halloween,Movie,United States,2019,2019,TV-Y,Kids & Family
s5905,Super Nani,Movie,India,2014,2018,TV-PG,Kids & Family
s5906,Super Wings,TV Show,United States,2020,2020,TV-Y,Kids & Family
s5906,Super Wings,TV Show,South Korea,2020,2020,TV-Y,Kids & Family
s5906,Super Wings,TV Show,China,2020,2020,TV-Y,Kids & Family
s5907,Superbad,Movie,United States,2007,2021,R,Adult (18+)
s5908,Superfly,Movie,United States,1972,2019,R,Adult (18+)
s5909,Supergirl,TV Show,United States,2019,2020,TV-14,Teens (13-17)
s5910,Superlopez,Movie,Spain,2018,2019,TV-MA,Adult (18+)
s5911,Superman Returns,Movie,United States,2006,2019,PG-13,Teens (13-17)
s5912,Supermarket Sweep,TV Show,United States,1993,2020,TV-G,Kids & Family
s5913,Supernatural,TV Show,United States,2019,2020,TV-14,Teens (13-17)
s5913,Supernatural,TV Show,Canada,2019,2020,TV-14,Teens (13-17)
s5914,SuperNature: Wild Flyers,TV Show,United Kingdom,2016,2017,TV-PG,Kids & Family
s5915,Superstar,Movie,United States,1999,2019,PG-13,Teens (13-17)
s5916,Sur Sapata,Movie,India,2019,2019,TV-14,Teens (13-17)
s5917,Sur: The Melody of Life,Movie,India,2002,2019,TV-14,Teens (13-17)
s5918,Surat Dari Praha,Movie,Indonesia,2016,2018,TV-14,Teens (13-17)
s5919,Surf's Up,Movie,United States,2007,2021,PG,Kids & Family
s5920,Surga Yang Tak Dirindukan,Movie,Indonesia,2015,2019,TV-14,Teens (13-17)
s5921,Surga Yang Tak Dirindukan 2,Movie,Indonesia,2017,2019,TV-14,Teens (13-17)
s5922,Surviving Death,TV Show,United States,2021,2021,TV-MA,Adult (18+)
s5923,Surviving Escobar - Alias JJ,TV Show,Unknown Country,2017,2017,TV-MA,Adult (18+)
s5924,Surviving R. Kelly,TV Show,United States,2019,2019,TV-MA,Adult (18+)
s5925,Surviving R. Kelly Part II: The Reckoning,TV Show,United States,2020,2020,TV-MA,Adult (18+)
s5926,Surviving R. Kelly: The Impact,Movie,United States,2019,2020,TV-14,Teens (13-17)
s5927,Survivor,TV Show,United States,2014,2020,TV-14,Teens (13-17)
s5928,Survivors Guide to Prison,Movie,United States,2017,2018,TV-MA,Adult (18+)
s5929,Susanne Bartsch: On Top,Movie,United States,2017,2018,TV-MA,Adult (18+)
s5930,Sustainable,Movie,United States,2016,2017,TV-G,Kids & Family
s5931,Suzzanna: Buried Alive,Movie,Indonesia,2018,2019,TV-MA,Adult (18+)
s5932,Svaha: The Sixth Finger,Movie,South Korea,2019,2019,TV-MA,Adult (18+)
s5933,Swades,Movie,India,2004,2018,TV-PG,Kids & Family
s5934,Swami,Movie,India,1977,2019,TV-PG,Kids & Family
s5935,Swami Baba Ramdev: The Untold Story,TV Show,Unknown Country,2018,2018,TV-14,Teens (13-17)
s5936,Swearnet Live,Movie,Canada,2014,2018,TV-MA,Adult (18+)
s5937,Swearnet: The Movie,Movie,Canada,2014,2017,NC-17,Adult (18+)
s5938,Sweeney Todd: The Demon Barber of Fleet Street,Movie,United States,2007,2020,R,Adult (18+)
s5938,Sweeney Todd: The Demon Barber of Fleet Street,Movie,United Kingdom,2007,2020,R,Adult (18+)
s5939,Sweet Magnolias,TV Show,United States,2020,2020,TV-14,Teens (13-17)
s5940,Sweet Virginia,Movie,United States,2017,2019,R,Adult (18+)
s5940,Sweet Virginia,Movie,Canada,2017,2019,R,Adult (18+)
s5941,Sweetheart,Movie,United States,2019,2019,PG-13,Teens (13-17)
s5942,Swiped,Movie,United States,2018,2019,TV-14,Teens (13-17)
s5943,Swiss Army Man,Movie,United States,2016,2019,R,Adult (18+)
s5943,Swiss Army Man,Movie,Sweden,2016,2019,R,Adult (18+)
s5944,Switched,TV Show,Japan,2018,2018,TV-MA,Adult (18+)
s5945,Sword Art Online,TV Show,Japan,2018,2020,TV-MA,Adult (18+)
s5946,Sword Art Online Alternative: Gun Gale Online,TV Show,Japan,2018,2019,TV-MA,Adult (18+)
s5947,Sword Master,Movie,China,2016,2017,TV-MA,Adult (18+)
s5947,Sword Master,Movie,Hong Kong,2016,2017,TV-MA,Adult (18+)
s5948,Sword Masters: Two Champions of Shaolin,Movie,Hong Kong,1980,2018,R,Adult (18+)
s5949,Swordfish,Movie,United States,2001,2019,R,Adult (18+)
s5950,SWORDGAI The Animation,TV Show,Japan,2018,2018,TV-MA,Adult (18+)
s5951,Sylvia,Movie,Nigeria,2018,2020,TV-14,Teens (13-17)
s5952,Sym-Bionic Titan,TV Show,United States,2010,2019,TV-PG,Kids & Family
s5953,System Crasher,Movie,Germany,2020,2020,TV-MA,Adult (18+)
s5954,Taal,Movie,India,1999,2018,TV-PG,Kids & Family
s5955,Taare Zameen Par,Movie,India,2007,2021,PG,Kids & Family
s5956,Tabula Rasa,TV Show,Belgium,2017,2018,TV-MA,Adult (18+)
s5957,Taco Chronicles,TV Show,United States,2020,2020,TV-MA,Adult (18+)
s5958,Tahaan,Movie,India,2008,2018,TV-14,Teens (13-17)
s5959,Taj Mahal 1989,TV Show,India,2020,2020,TV-MA,Adult (18+)
s5960,Take Me,Movie,United States,2017,2017,TV-MA,Adult (18+)
s5961,Take Me Home Tonight,Movie,United States,2011,2019,R,Adult (18+)
s5961,Take Me Home Tonight,Movie,Germany,2011,2019,R,Adult (18+)
s5962,Take My Brother Away,TV Show,China,2018,2018,TV-14,Teens (13-17)
s5963,Take the 10,Movie,United States,2017,2017,TV-MA,Adult (18+)
s5964,"Take the Ball, Pass the Ball",Movie,Spain,2018,2020,TV-MA,Adult (18+)
s5965,Take Your Pills,Movie,United States,2018,2018,TV-14,Teens (13-17)
s5966,Taken,TV Show,France,2018,2019,TV-14,Teens (13-17)
s5966,Taken,TV Show,United States,2018,2019,TV-14,Teens (13-17)
s5967,Takers,Movie,United States,2010,2019,PG-13,Teens (13-17)
s5968,Takki,TV Show,Saudi Arabia,2014,2020,TV-14,Teens (13-17)
s5969,Talaash,Movie,India,2012,2019,TV-14,Teens (13-17)
s5970,Talentime,Movie,Malaysia,2009,2020,TV-14,Teens (13-17)
s5971,Tales by Light,TV Show,Australia,2018,2019,TV-14,Teens (13-17)
s5972,Tales From the Hood 2,Movie,United States,2018,2018,R,Adult (18+)
s5973,Tales of the City,TV Show,United States,2019,2019,TV-MA,Adult (18+)
s5974,Tales of the City (1993),TV Show,United Kingdom,1993,2019,TV-MA,Adult (18+)
s5974,Tales of the City (1993),TV Show,United States,1993,2019,TV-MA,Adult (18+)
s5975,Talking Tom and Friends,TV Show,Cyprus,2017,2020,TV-Y,Kids & Family
s5976,Tall Girl,Movie,United States,2019,2019,TV-PG,Kids & Family
s5977,Tallulah,Movie,United States,2016,2016,TV-MA,Adult (18+)
s5978,Tamanchey,Movie,India,2014,2017,TV-MA,Adult (18+)
s5979,Tamasha,Movie,India,2015,2018,TV-14,Teens (13-17)
s5980,Tanda Tanya,Movie,Unknown Country,2011,2021,TV-MA,Adult (18+)
s5981,Tango,TV Show,Lebanon,2018,2019,TV-14,Teens (13-17)
s5982,Tango Feroz,Movie,Argentina,1993,2018,TV-MA,Adult (18+)
s5982,Tango Feroz,Movie,Spain,1993,2018,TV-MA,Adult (18+)
s5983,Tanu Weds Manu,Movie,India,2011,2020,TV-14,Teens (13-17)
s5984,Taramani,Movie,India,2017,2019,TV-MA,Adult (18+)
s5985,Tarek's Situation,Movie,Egypt,2006,2020,TV-14,Teens (13-17)
s5986,Target,Movie,Indonesia,2018,2018,TV-14,Teens (13-17)
s5987,Tarif de nuit,Movie,France,2015,2018,TV-MA,Adult (18+)
s5988,Tarung Sarung,Movie,Indonesia,2020,2020,TV-PG,Kids & Family
s5989,Tarzan,Movie,United States,1999,2018,G,Kids & Family
s5990,Tarzan 2,Movie,United States,2005,2017,G,Kids & Family
s5991,Tattah,Movie,Egypt,2013,2019,TV-14,Teens (13-17)
s5992,Tatu,Movie,Nigeria,2017,2019,TV-MA,Adult (18+)
s5993,TAU,Movie,United States,2018,2018,R,Adult (18+)
s5994,Taxi Ballad,Movie,Lebanon,2012,2020,TV-MA,Adult (18+)
s5994,Taxi Ballad,Movie,United States,2012,2020,TV-MA,Adult (18+)
s5994,Taxi Ballad,Movie,United Arab Emirates,2012,2020,TV-MA,Adult (18+)
s5995,Taxi Driver,Movie,United States,1976,2020,R,Adult (18+)
s5996,Tayee,TV Show,Egypt,2018,2019,TV-MA,Adult (18+)
s5997,Taylor Swift reputation Stadium Tour,Movie,Unknown Country,2018,2018,TV-PG,Kids & Family
s5998,Taylor Tomlinson: Quarter-Life Crisis,Movie,United States,2020,2020,TV-MA,Adult (18+)
s5999,Tayo the Little Bus,TV Show,South Korea,2014,2019,TV-Y,Kids & Family
s6000,Tayo the Little Bus Movie: Mission Ace,Movie,United States,2016,2019,TV-Y7,Kids & Family
s6001,TE3N,Movie,India,2016,2020,TV-14,Teens (13-17)
s6002,Teach Us All,Movie,United States,2017,2017,TV-14,Teens (13-17)
s6003,Team Foxcatcher,Movie,United States,2016,2016,TV-MA,Adult (18+)
s6004,Team Kaylie,TV Show,United States,2020,2020,TV-PG,Kids & Family
s6005,Tears of the Sun,Movie,United States,2003,2019,R,Adult (18+)
s6006,Teasing Master Takagi-san,TV Show,Japan,2019,2019,TV-PG,Kids & Family
s6007,Tee Shot: Ariya Jutanugarn,Movie,Thailand,2019,2019,TV-14,Teens (13-17)
s6008,Teefa in Trouble,Movie,Pakistan,2018,2018,TV-14,Teens (13-17)
s6009,Teen Aur Aadha,Movie,India,2018,2019,TV-MA,Adult (18+)
s6010,Teen Mom 2,TV Show,United States,2011,2020,TV-14,Teens (13-17)
s6011,Teen Patti,Movie,India,2010,2018,TV-PG,Kids & Family
s6012,Teenage Bounty Hunters,TV Show,United States,2020,2020,TV-MA,Adult (18+)
s6013,Teenage Cocktail,Movie,United States,2016,2017,TV-MA,Adult (18+)
s6014,Teenage Mutant Ninja Turtles,Movie,Hong Kong,2007,2019,PG,Kids & Family
s6014,Teenage Mutant Ninja Turtles,Movie,United States,2007,2019,PG,Kids & Family
s6015,Teenage Mutant Ninja Turtles II: The Secret of the Ooze,Movie,United States,1991,2020,PG,Kids & Family
s6015,Teenage Mutant Ninja Turtles II: The Secret of the Ooze,Movie,Hong Kong,1991,2020,PG,Kids & Family
s6016,Teenage Mutant Ninja Turtles: The Movie,Movie,Unknown Country,1990,2020,PG,Kids & Family
s6017,Tees Maar Khan,Movie,India,2010,2018,TV-PG,Kids & Family
s6018,Tell Me Who I Am,Movie,United Kingdom,2019,2019,TV-MA,Adult (18+)
s6019,Tellur Aliens,Movie,United States,2016,2016,TV-Y7,Kids & Family
s6019,Tellur Aliens,Movie,Kazakhstan,2016,2016,TV-Y7,Kids & Family
s6020,Temple,Movie,Japan,2017,2017,TV-MA,Adult (18+)
s6020,Temple,Movie,United States,2017,2017,TV-MA,Adult (18+)
s6021,Temporada de Caza,Movie,Argentina,2017,2018,TV-MA,Adult (18+)
s6021,Temporada de Caza,Movie,France,2017,2018,TV-MA,Adult (18+)
s6021,Temporada de Caza,Movie,United States,2017,2018,TV-MA,Adult (18+)
s6021,Temporada de Caza,Movie,Germany,2017,2018,TV-MA,Adult (18+)
s6021,Temporada de Caza,Movie,Qatar,2017,2018,TV-MA,Adult (18+)
s6022,Ten Years,Movie,Hong Kong,2015,2019,TV-MA,Adult (18+)
s6023,Tere Naal Love Ho Gaya,Movie,India,2012,2018,TV-14,Teens (13-17)
s6024,Teresa,TV Show,Mexico,2010,2017,TV-PG,Kids & Family
s6025,Term Life,Movie,United States,2016,2020,R,Adult (18+)
s6026,Terminator 3: Rise of the Machines,Movie,United States,2003,2020,R,Adult (18+)
s6026,Terminator 3: Rise of the Machines,Movie,Germany,2003,2020,R,Adult (18+)
s6026,Terminator 3: Rise of the Machines,Movie,United Kingdom,2003,2020,R,Adult (18+)
s6027,Terminator Salvation,Movie,United States,2009,2020,PG-13,Teens (13-17)
s6027,Terminator Salvation,Movie,Germany,2009,2020,PG-13,Teens (13-17)
s6027,Terminator Salvation,Movie,United Kingdom,2009,2020,PG-13,Teens (13-17)
s6027,Terminator Salvation,Movie,Italy,2009,2020,PG-13,Teens (13-17)
s6028,Terra,Movie,France,2015,2016,TV-PG,Kids & Family
s6029,Terrace House: Aloha State,TV Show,United States,2017,2017,TV-14,Teens (13-17)
s6029,Terrace House: Aloha State,TV Show,Japan,2017,2017,TV-14,Teens (13-17)
s6030,Terrace House: Boys & Girls in the City,TV Show,Japan,2016,2016,TV-14,Teens (13-17)
s6031,Terrace House: Opening New Doors,TV Show,Japan,2018,2019,TV-14,Teens (13-17)
s6032,Terrace House: Tokyo 2019-2020,TV Show,Japan,2019,2020,TV-MA,Adult (18+)
s6033,Terrifier,Movie,United States,2017,2018,TV-MA,Adult (18+)
s6034,Terrorism Close Calls,TV Show,United States,2018,2018,TV-MA,Adult (18+)
s6034,Terrorism Close Calls,TV Show,Czech Republic,2018,2018,TV-MA,Adult (18+)
s6035,Teshan,Movie,India,2016,2017,TV-PG,Kids & Family
s6036,Tezz,Movie,United Kingdom,2012,2017,TV-MA,Adult (18+)
s6036,Tezz,Movie,India,2012,2017,TV-MA,Adult (18+)
s6037,Th Eena Meena Deeka Chase Comedy Show,TV Show,India,2015,2018,TV-Y7,Kids & Family
s6038,Thaandavam,Movie,India,2012,2018,TV-14,Teens (13-17)
s6039,Thackeray,TV Show,India,2019,2019,TV-MA,Adult (18+)
s6040,Thackeray (Hindi),Movie,India,2019,2020,TV-14,Teens (13-17)
s6041,Thackeray (Marathi),Movie,Unknown Country,2019,2020,TV-14,Teens (13-17)
s6042,Thambi,Movie,India,2019,2020,TV-14,Teens (13-17)
s6043,Thank You,Movie,India,2011,2018,TV-14,Teens (13-17)
s6044,That '70s Show,TV Show,United States,2005,2017,TV-14,Teens (13-17)
s6045,That Thing Called Tadhana,Movie,Philippines,2015,2019,TV-MA,Adult (18+)
s6046,"That Winter, the Wind Blows",TV Show,South Korea,2013,2019,TV-MA,Adult (18+)
s6047,The 10 Sins,TV Show,Unknown Country,2018,2019,TV-14,Teens (13-17)
s6048,The 100,TV Show,United States,2020,2020,TV-14,Teens (13-17)
s6048,The 100,TV Show,Canada,2020,2020,TV-14,Teens (13-17)
s6049,The 101-Year-Old Man Who Skipped Out on the Bill and Disappeared,Movie,Sweden,2016,2017,TV-MA,Adult (18+)
s6050,The 12th Man,Movie,Norway,2018,2020,TV-MA,Adult (18+)
s6051,The 2000s,TV Show,United States,2018,2019,TV-MA,Adult (18+)
s6052,The 24 Hour War,Movie,United States,2016,2019,TV-MA,Adult (18+)
s6053,The 2nd,Movie,United States,2020,2020,TV-MA,Adult (18+)
s6054,The 3rd Eye,Movie,Indonesia,2018,2018,TV-MA,Adult (18+)
s6055,The 3rd Eye 2,Movie,Indonesia,2019,2019,TV-MA,Adult (18+)
s6056,The 43,TV Show,Unknown Country,2019,2019,TV-MA,Adult (18+)
s6057,The 4400,TV Show,United States,2007,2013,TV-14,Teens (13-17)
s6057,The 4400,TV Show,United Kingdom,2007,2013,TV-14,Teens (13-17)
s6058,The 4th Company,Movie,Mexico,2016,2018,TV-MA,Adult (18+)
s6058,The 4th Company,Movie,Spain,2016,2018,TV-MA,Adult (18+)
s6059,The 9th Precinct,Movie,Taiwan,2019,2019,TV-MA,Adult (18+)
s6060,The A List,TV Show,United Kingdom,2018,2019,TV-PG,Kids & Family
s6061,The Accidental Spy,Movie,Nigeria,2017,2019,TV-MA,Adult (18+)
s6062,The Accountant of Auschwitz,Movie,Canada,2018,2019,TV-14,Teens (13-17)
s6063,The Adderall Diaries,Movie,United States,2015,2018,R,Adult (18+)
s6064,The Adjusters,TV Show,Unknown Country,2010,2017,TV-PG,Kids & Family
s6065,The Adventure Club,Movie,Canada,2016,2017,TV-Y7,Kids & Family
s6066,The Adventures of Figaro Pho,TV Show,Australia,2015,,TV-Y7,Kids & Family
s6067,The Adventures of Puss in Boots,TV Show,United States,2018,2018,TV-Y7,Kids & Family
s6068,The Adventures of Sharkboy and Lavagirl,Movie,United States,2005,2020,PG,Kids & Family
s6069,The Adventures of Sonic the Hedgehog,TV Show,United States,1993,2018,TV-Y7,Kids & Family
s6069,The Adventures of Sonic the Hedgehog,TV Show,Canada,1993,2018,TV-Y7,Kids & Family
s6070,The Adventures of Tintin,Movie,United States,2011,2019,PG,Kids & Family
s6070,The Adventures of Tintin,Movie,New Zealand,2011,2019,PG,Kids & Family
s6070,The Adventures of Tintin,Movie,United Kingdom,2011,2019,PG,Kids & Family
s6071,The Aerial,Movie,Argentina,2007,2018,TV-MA,Adult (18+)
s6072,The African Doctor,Movie,France,2016,2016,TV-14,Teens (13-17)
s6073,The After Party,Movie,United States,2018,2018,TV-MA,Adult (18+)
s6074,The Age of Shadows,Movie,South Korea,2016,2018,TV-MA,Adult (18+)
s6075,The Alcàsser Murders,TV Show,Spain,2019,2019,TV-MA,Adult (18+)
s6076,The Amazing Praybeyt Benjamin,Movie,Philippines,2014,2019,TV-14,Teens (13-17)
s6077,The American Barbecue Showdown,TV Show,United States,2020,2020,TV-G,Kids & Family
s6078,The American Bible Challenge,TV Show,United States,2013,2020,TV-G,Kids & Family
s6079,The American Game,Movie,Unknown Country,2019,2020,TV-PG,Kids & Family
s6080,The American Meme,Movie,United States,2018,2018,TV-MA,Adult (18+)
s6081,The American President,Movie,United States,1995,2021,PG-13,Teens (13-17)
s6082,The Amityville Horror,Movie,United States,2005,2020,R,Adult (18+)
s6083,The Andy Griffith Show,TV Show,United States,1967,2017,TV-G,Kids & Family
s6084,The Angel,Movie,Israel,2018,2018,TV-MA,Adult (18+)
s6084,The Angel,Movie,United States,2018,2018,TV-MA,Adult (18+)
s6085,The Angry Birds Movie 2,Movie,Finland,2019,2020,PG,Kids & Family
s6085,The Angry Birds Movie 2,Movie,United States,2019,2020,PG,Kids & Family
s6086,The Animal People,Movie,United States,2019,2020,TV-MA,Adult (18+)
s6087,The Ant's Scream,Movie,Egypt,2010,2019,TV-14,Teens (13-17)
s6088,The Apartment,TV Show,Singapore,2014,2018,TV-PG,Kids & Family
s6089,The Apostate,Movie,Spain,2015,2017,TV-MA,Adult (18+)
s6089,The Apostate,Movie,France,2015,2017,TV-MA,Adult (18+)
s6089,The Apostate,Movie,Uruguay,2015,2017,TV-MA,Adult (18+)
s6090,The App,Movie,Italy,2019,2019,TV-MA,Adult (18+)
s6091,The App That Stole Christmas,Movie,United States,2020,2020,TV-PG,Kids & Family
s6092,The Arbitration,Movie,Nigeria,2016,2020,TV-MA,Adult (18+)
s6093,The Art of Loving,Movie,Poland,2017,2018,TV-MA,Adult (18+)
s6094,The Art of the Steal,Movie,Canada,2013,2018,R,Adult (18+)
s6094,The Art of the Steal,Movie,United States,2013,2018,R,Adult (18+)
s6095,The Art of War,Movie,United States,2000,2020,R,Adult (18+)
s6095,The Art of War,Movie,Canada,2000,2020,R,Adult (18+)
s6096,The Artist,Movie,France,2011,2020,PG-13,Teens (13-17)
s6096,The Artist,Movie,Belgium,2011,2020,PG-13,Teens (13-17)
s6096,The Artist,Movie,United States,2011,2020,PG-13,Teens (13-17)
s6097,The Assassination of Gianni Versace,TV Show,United States,2018,2019,TV-MA,Adult (18+)
s6098,The Assignment,Movie,France,2016,2020,R,Adult (18+)
s6098,The Assignment,Movie,Canada,2016,2020,R,Adult (18+)
s6098,The Assignment,Movie,United States,2016,2020,R,Adult (18+)
s6099,The Autopsy of Jane Doe,Movie,United Kingdom,2016,2018,R,Adult (18+)
s6099,The Autopsy of Jane Doe,Movie,United States,2016,2018,R,Adult (18+)
s6100,The Awakening of Motti Wolkenbruch,Movie,Switzerland,2018,2019,TV-MA,Adult (18+)
s6101,The B-Side: Elsa Dorfman's Portrait Photography,Movie,United States,2016,2017,R,Adult (18+)
s6102,The Baby-Sitters Club,TV Show,United States,2020,2020,TV-G,Kids & Family
s6103,The Babysitter,Movie,United States,2017,2017,TV-MA,Adult (18+)
s6104,The Babysitter: Killer Queen,Movie,United States,2020,2020,TV-MA,Adult (18+)
s6105,The Bachelor,TV Show,Unknown Country,2009,2019,TV-14,Teens (13-17)
s6106,The Bachelorette,TV Show,United States,2010,2020,TV-14,Teens (13-17)
s6107,The Bachelors,Movie,United States,2017,2018,TV-14,Teens (13-17)
s6108,The Bad Batch,Movie,United States,2016,2017,R,Adult (18+)
s6109,The Bad Education Movie,Movie,United Kingdom,2015,2018,TV-MA,Adult (18+)
s6110,The Bad Kids,Movie,United States,2016,2017,TV-MA,Adult (18+)
s6111,The Ballad of Buster Scruggs,Movie,United States,2018,2018,R,Adult (18+)
s6112,The Ballad of Lefty Brown,Movie,United States,2017,2020,R,Adult (18+)
s6113,The Bar,Movie,Spain,2017,2017,TV-MA,Adult (18+)
s6113,The Bar,Movie,Argentina,2017,2017,TV-MA,Adult (18+)
s6114,The Bare-Footed Kid,Movie,Hong Kong,1993,2018,TV-14,Teens (13-17)
s6115,The Barrier,TV Show,Spain,2020,2020,TV-MA,Adult (18+)
s6116,The Basement,Movie,United States,2018,2019,TV-MA,Adult (18+)
s6117,The Battered Bastards of Baseball,Movie,United States,2014,2014,TV-MA,Adult (18+)
s6118,The Battle of Midway,Movie,United States,1942,2017,TV-14,Teens (13-17)
s6119,The Beach Loafer,Movie,Egypt,2004,2020,TV-14,Teens (13-17)
s6120,The Beast,Movie,Italy,2020,2020,TV-MA,Adult (18+)
s6121,The Beast Stalker,Movie,Hong Kong,2008,2019,TV-14,Teens (13-17)
s6122,The Beat,TV Show,Unknown Country,2012,2017,TV-MA,Adult (18+)
s6123,The Beginning of Life,Movie,Unknown Country,2016,2020,TV-PG,Kids & Family
s6124,The Beginning of Life 2: Outside,Movie,Brazil,2020,2020,TV-PG,Kids & Family
s6125,The Beginning of Life: The Series,TV Show,Brazil,2016,2016,TV-PG,Kids & Family
s6126,The Best of Rafał Rutkowski Olka Szczęśniak,Movie,Unknown Country,2016,2016,TV-MA,Adult (18+)
s6127,The Bible's Buried Secrets,TV Show,United Kingdom,2011,2019,TV-14,Teens (13-17)
s6128,The Big Catch,TV Show,United Kingdom,2015,2019,TV-PG,Kids & Family
s6129,The Big Family Cooking Showdown,TV Show,United Kingdom,2018,2019,TV-PG,Kids & Family
s6130,The Big Flower Fight,TV Show,United Kingdom,2020,2020,TV-PG,Kids & Family
s6131,The Big Show Show,TV Show,United States,2020,2020,TV-G,Kids & Family
s6132,The Bill Murray Stories: Life Lessons Learned From a Mythical Man,Movie,United States,2018,2018,TV-MA,Adult (18+)
s6133,The Binding,Movie,Italy,2020,2020,TV-MA,Adult (18+)
s6134,The Birth Reborn,Movie,Unknown Country,2018,2018,TV-MA,Adult (18+)
s6135,The Birth Reborn 3,Movie,Unknown Country,2018,2018,TV-14,Teens (13-17)
s6136,The Bittersweet,Movie,China,2017,2017,TV-MA,Adult (18+)
s6137,The Black Godfather,Movie,United States,2019,2019,TV-MA,Adult (18+)
s6138,The Black Prince,Movie,United Kingdom,2017,2018,PG-13,Teens (13-17)
s6138,The Black Prince,Movie,India,2017,2018,PG-13,Teens (13-17)
s6138,The Black Prince,Movie,United States,2017,2018,PG-13,Teens (13-17)
s6139,The Black Room,Movie,United States,2016,2017,TV-MA,Adult (18+)
s6140,The Blackcoat's Daughter,Movie,Canada,2015,2019,R,Adult (18+)
s6140,The Blackcoat's Daughter,Movie,United States,2015,2019,R,Adult (18+)
s6141,The Blacklist,TV Show,United States,2019,2020,TV-14,Teens (13-17)
s6142,The Blazing Sun,Movie,Egypt,1954,2020,TV-14,Teens (13-17)
s6143,The Bleeder,Movie,United States,2016,2019,R,Adult (18+)
s6144,The Bleeding Edge,Movie,Australia,2018,2018,TV-14,Teens (13-17)
s6144,The Bleeding Edge,Movie,United States,2018,2018,TV-14,Teens (13-17)
s6145,The Blind Christ,Movie,Chile,2016,2017,TV-MA,Adult (18+)
s6145,The Blind Christ,Movie,France,2016,2017,TV-MA,Adult (18+)
s6146,The Bling Lagosians,Movie,Nigeria,2019,2019,TV-14,Teens (13-17)
s6147,The Bling Ring,Movie,United States,2013,2020,R,Adult (18+)
s6147,The Bling Ring,Movie,United Kingdom,2013,2020,R,Adult (18+)
s6147,The Bling Ring,Movie,France,2013,2020,R,Adult (18+)
s6147,The Bling Ring,Movie,Germany,2013,2020,R,Adult (18+)
s6147,The Bling Ring,Movie,Japan,2013,2020,R,Adult (18+)
s6148,The Blue Elephant 2,Movie,Egypt,2019,2020,TV-14,Teens (13-17)
s6149,The Blue Planet: A Natural History of the Oceans,TV Show,United Kingdom,2001,2015,TV-G,Kids & Family
s6150,The Blue Umbrella,Movie,India,2005,2018,TV-PG,Kids & Family
s6151,The Body,Movie,India,2019,2020,TV-14,Teens (13-17)
s6152,The Body Remembers When the World Broke Open,Movie,Canada,2019,2019,TV-MA,Adult (18+)
s6152,The Body Remembers When the World Broke Open,Movie,Norway,2019,2019,TV-MA,Adult (18+)
s6153,The Bomb,Movie,United States,2016,2017,TV-14,Teens (13-17)
s6154,The Bomb Squad,TV Show,United Kingdom,2011,2019,TV-MA,Adult (18+)
s6155,The Bonfire of Destiny,TV Show,France,2019,2019,TV-MA,Adult (18+)
s6156,The Book of Eli,Movie,United States,2010,2019,R,Adult (18+)
s6157,The Book of Sun,Movie,Saudi Arabia,2020,2020,TV-14,Teens (13-17)
s6158,The Borgias,TV Show,United States,2013,2014,TV-MA,Adult (18+)
s6158,The Borgias,TV Show,Hungary,2013,2014,TV-MA,Adult (18+)
s6158,The Borgias,TV Show,Ireland,2013,2014,TV-MA,Adult (18+)
s6158,The Borgias,TV Show,Canada,2013,2014,TV-MA,Adult (18+)
s6159,The Boss Baby: Back in Business,TV Show,United States,2020,2020,TV-Y7,Kids & Family
s6160,The Boss Baby: Get That Baby!,Movie,United States,2020,2020,TV-Y7,Kids & Family
s6161,The Boss's Daughter,Movie,France,2015,2017,TV-MA,Adult (18+)
s6162,The Boulet Brothers Dragula,TV Show,United States,2019,2019,TV-MA,Adult (18+)
s6163,The Bounty Hunter,Movie,United States,2010,2019,PG-13,Teens (13-17)
s6164,The Box,Movie,United States,2009,2019,PG-13,Teens (13-17)
s6165,The Boy,Movie,United States,2016,2020,PG-13,Teens (13-17)
s6165,The Boy,Movie,Canada,2016,2020,PG-13,Teens (13-17)
s6165,The Boy,Movie,China,2016,2020,PG-13,Teens (13-17)
s6166,The Boy in the Striped Pajamas,Movie,United Kingdom,2008,2019,PG-13,Teens (13-17)
s6166,The Boy in the Striped Pajamas,Movie,United States,2008,2019,PG-13,Teens (13-17)
s6167,The Boy Who Cried Werewolf,Movie,United States,2010,2019,TV-Y,Kids & Family
s6167,The Boy Who Cried Werewolf,Movie,Canada,2010,2019,TV-Y,Kids & Family
s6168,The Boy Who Harnessed the Wind,Movie,United Kingdom,2019,2019,TV-PG,Kids & Family
s6168,The Boy Who Harnessed the Wind,Movie,Malawi,2019,2019,TV-PG,Kids & Family
s6169,The Boys in the Band,Movie,United States,2020,2020,R,Adult (18+)
s6170,The Boys in the Band: Something Personal,Movie,United States,2020,2020,TV-MA,Adult (18+)
s6171,The Brave,Movie,United States,2019,2020,TV-MA,Adult (18+)
s6172,The Brave One,Movie,United States,2007,2019,R,Adult (18+)
s6173,The Brawler,Movie,United States,2019,2019,TV-MA,Adult (18+)
s6174,The Breadwinner,Movie,Ireland,2017,2018,PG-13,Teens (13-17)
s6174,The Breadwinner,Movie,Canada,2017,2018,PG-13,Teens (13-17)
s6174,The Breadwinner,Movie,Luxembourg,2017,2018,PG-13,Teens (13-17)
s6174,The Breadwinner,Movie,United States,2017,2018,PG-13,Teens (13-17)
s6174,The Breadwinner,Movie,United Kingdom,2017,2018,PG-13,Teens (13-17)
s6174,The Breadwinner,Movie,Philippines,2017,2018,PG-13,Teens (13-17)
s6174,The Breadwinner,Movie,India,2017,2018,PG-13,Teens (13-17)
s6175,The Break,TV Show,Belgium,2018,2019,TV-MA,Adult (18+)
s6176,The Break with Michelle Wolf,TV Show,United States,2018,2018,TV-MA,Adult (18+)
s6177,The Break-Up,Movie,United States,2006,2019,PG-13,Teens (13-17)
s6178,The Breaker Upperers,Movie,New Zealand,2018,2019,TV-MA,Adult (18+)
s6179,The Breakup Playlist,Movie,Philippines,2015,2019,TV-MA,Adult (18+)
s6180,The Bride of Habaek,TV Show,South Korea,2017,2020,TV-14,Teens (13-17)
s6181,The Bridge,Movie,Nigeria,2017,2019,TV-14,Teens (13-17)
s6182,The Bridge Curse,Movie,Taiwan,2020,2020,TV-MA,Adult (18+)
s6183,The Bros,Movie,South Korea,2017,2018,TV-14,Teens (13-17)
s6184,The Brothers Grimm,Movie,United States,2005,2019,PG-13,Teens (13-17)
s6184,The Brothers Grimm,Movie,Czech Republic,2005,2019,PG-13,Teens (13-17)
s6184,The Brothers Grimm,Movie,United Kingdom,2005,2019,PG-13,Teens (13-17)
s6185,The Bucket List,Movie,United States,2007,2019,PG-13,Teens (13-17)
s6186,The Bulbul's Nest,Movie,Unknown Country,2013,2019,TV-MA,Adult (18+)
s6187,The Bund,Movie,Hong Kong,1983,2018,TV-14,Teens (13-17)
s6188,The Burial of Kojo,Movie,Ghana,2018,2019,TV-14,Teens (13-17)
s6188,The Burial of Kojo,Movie,United States,2018,2019,TV-14,Teens (13-17)
s6189,The Business of Drugs,TV Show,United States,2020,2020,TV-MA,Adult (18+)
s6190,The Butterfly's Dream,Movie,Turkey,2013,2017,TV-PG,Kids & Family
s6191,The Bye Bye Man,Movie,United States,2017,2019,PG-13,Teens (13-17)
s6191,The Bye Bye Man,Movie,China,2017,2019,PG-13,Teens (13-17)
s6192,The Bygone,Movie,United States,2019,2020,TV-MA,Adult (18+)
s6193,The C Word,Movie,United States,2016,2017,TV-14,Teens (13-17)
s6194,The Cabin with Bert Kreischer,TV Show,United States,2020,2020,TV-MA,Adult (18+)
s6195,The Cakemaker,Movie,Israel,2017,2018,TV-14,Teens (13-17)
s6195,The Cakemaker,Movie,Germany,2017,2018,TV-14,Teens (13-17)
s6196,The Call,Movie,South Korea,2020,2020,TV-MA,Adult (18+)
s6197,The Calling,TV Show,India,2018,2019,TV-MA,Adult (18+)
s6198,The Captive,Movie,Canada,2014,2018,R,Adult (18+)
s6199,The Car,Movie,United States,1977,2020,PG,Kids & Family
s6200,The Car: Road to Revenge,Movie,United States,2019,2020,TV-MA,Adult (18+)
s6201,The Carter Effect,Movie,United States,2017,2018,TV-MA,Adult (18+)
s6202,The Case for Christ,Movie,United States,2017,2017,TV-PG,Kids & Family
s6203,The Casketeers,TV Show,New Zealand,2019,2019,TV-14,Teens (13-17)
s6204,The Cat in the Hat Knows a Lot About That!,TV Show,Canada,2014,2021,TV-Y,Kids & Family
s6204,The Cat in the Hat Knows a Lot About That!,TV Show,United Kingdom,2014,2021,TV-Y,Kids & Family
s6204,The Cat in the Hat Knows a Lot About That!,TV Show,United States,2014,2021,TV-Y,Kids & Family
s6205,The Cell,Movie,Egypt,2017,2019,TV-MA,Adult (18+)
s6206,The CEO,Movie,Nigeria,2016,2019,TV-14,Teens (13-17)
s6207,The Chalet,TV Show,France,2018,2018,TV-MA,Adult (18+)
s6208,The Challenge,TV Show,United States,2006,2020,TV-14,Teens (13-17)
s6209,The Charming Stepmom,TV Show,Unknown Country,2019,2019,TV-14,Teens (13-17)
s6210,The Charnel House,Movie,United States,2016,2017,R,Adult (18+)
s6211,The Chase,TV Show,United States,2015,2020,TV-PG,Kids & Family
s6212,The Chef Show,TV Show,United States,2020,2020,TV-MA,Adult (18+)
s6213,The Chefs' Line,TV Show,Australia,2017,2019,TV-14,Teens (13-17)
s6214,The Chord,Movie,Egypt,2010,2019,TV-MA,Adult (18+)
s6215,The Chosen,Movie,Spain,2016,2017,TV-14,Teens (13-17)
s6215,The Chosen,Movie,Mexico,2016,2017,TV-14,Teens (13-17)
s6216,The Chosen One,TV Show,Brazil,2019,2019,TV-MA,Adult (18+)
s6217,The Chosen Ones,Movie,Mexico,2015,2016,TV-MA,Adult (18+)
s6217,The Chosen Ones,Movie,France,2015,2016,TV-MA,Adult (18+)
s6218,The Christmas Candle,Movie,United Kingdom,2013,2019,PG,Kids & Family
s6218,The Christmas Candle,Movie,United States,2013,2019,PG,Kids & Family
s6219,The Christmas Chronicles,Movie,United States,2018,2018,TV-PG,Kids & Family
s6220,The Christmas Chronicles: Part Two,Movie,Canada,2020,2020,PG,Kids & Family
s6221,The Christmas Project,Movie,United States,2016,2019,TV-PG,Kids & Family
s6222,The Cincinnati Kid,Movie,United States,1965,2019,TV-14,Teens (13-17)
s6223,The Circle,TV Show,United States,2020,2020,TV-MA,Adult (18+)
s6223,The Circle,TV Show,United Kingdom,2020,2020,TV-MA,Adult (18+)
s6224,The Circle Brazil,TV Show,Brazil,2020,2020,TV-MA,Adult (18+)
s6224,The Circle Brazil,TV Show,United Kingdom,2020,2020,TV-MA,Adult (18+)
s6225,The Circle France,TV Show,Unknown Country,2020,2020,TV-MA,Adult (18+)
s6226,The Clapper,Movie,United States,2017,2018,R,Adult (18+)
s6227,The Claudia Kishi Club,Movie,United States,2020,2020,TV-14,Teens (13-17)
s6228,The Climb,Movie,France,2017,2017,TV-14,Teens (13-17)
s6229,The Cloverfield Paradox,Movie,United States,2018,2018,PG-13,Teens (13-17)
s6230,The Club,TV Show,Mexico,2019,2019,TV-MA,Adult (18+)
s6231,The Code,TV Show,United Kingdom,2011,2018,TV-PG,Kids & Family
s6232,The Coldest Game,Movie,Poland,2019,2020,TV-MA,Adult (18+)
s6232,The Coldest Game,Movie,United States,2019,2020,TV-MA,Adult (18+)
s6233,The Comedy Lineup,TV Show,United States,2018,2018,TV-MA,Adult (18+)
s6234,The Command,Movie,France,2018,2019,PG-13,Teens (13-17)
s6234,The Command,Movie,Belgium,2018,2019,PG-13,Teens (13-17)
s6234,The Command,Movie,Luxembourg,2018,2019,PG-13,Teens (13-17)
s6234,The Command,Movie,Romania,2018,2019,PG-13,Teens (13-17)
s6234,The Command,Movie,Canada,2018,2019,PG-13,Teens (13-17)
s6234,The Command,Movie,United States,2018,2019,PG-13,Teens (13-17)
s6235,The Company Men,Movie,United States,2010,2018,R,Adult (18+)
s6236,The Competition,Movie,United States,2018,2019,TV-14,Teens (13-17)
s6237,The Con Is On,Movie,United States,2018,2020,R,Adult (18+)
s6237,The Con Is On,Movie,United Kingdom,2018,2020,R,Adult (18+)
s6238,The Confession Killer,TV Show,United States,2019,2019,TV-14,Teens (13-17)
s6239,The Confession Tapes,TV Show,United States,2019,2019,TV-MA,Adult (18+)
s6240,The Confirmation,Movie,Canada,2016,2019,PG-13,Teens (13-17)
s6241,The Confrontation,TV Show,Unknown Country,2018,2019,TV-PG,Kids & Family
s6242,The Congress,Movie,Israel,2013,2019,TV-MA,Adult (18+)
s6242,The Congress,Movie,Germany,2013,2019,TV-MA,Adult (18+)
s6242,The Congress,Movie,Poland,2013,2019,TV-MA,Adult (18+)
s6242,The Congress,Movie,Luxembourg,2013,2019,TV-MA,Adult (18+)
s6242,The Congress,Movie,Belgium,2013,2019,TV-MA,Adult (18+)
s6242,The Congress,Movie,France,2013,2019,TV-MA,Adult (18+)
s6242,The Congress,Movie,United States,2013,2019,TV-MA,Adult (18+)
s6243,The Conjuring,Movie,United States,2013,2018,R,Adult (18+)
s6244,The Consul's Son,Movie,Egypt,2011,2019,TV-14,Teens (13-17)
s6245,The Could’ve-Gone-All-the-Way Committee,TV Show,Japan,2018,2018,TV-14,Teens (13-17)
s6246,The Craft,Movie,United States,1996,2020,R,Adult (18+)
s6247,The Cravings,TV Show,South Korea,2016,2017,TV-14,Teens (13-17)
s6248,The Creative Brain,Movie,United States,2019,2021,TV-14,Teens (13-17)
s6249,The Creative Indians,TV Show,India,2020,2020,TV-MA,Adult (18+)
s6250,The Crew,Movie,France,2015,2018,TV-MA,Adult (18+)
s6251,The Crime,TV Show,Poland,2015,2019,TV-MA,Adult (18+)
s6252,The Crimes That Bind,Movie,Argentina,2020,2020,TV-14,Teens (13-17)
s6253,The Croods,Movie,United States,2013,2019,PG,Kids & Family
s6254,The Crow,Movie,United States,1994,2019,R,Adult (18+)
s6255,The Crown,TV Show,United Kingdom,2020,2020,TV-MA,Adult (18+)
s6255,The Crown,TV Show,United States,2020,2020,TV-MA,Adult (18+)
s6256,The Cruise,Movie,Poland,1970,2019,TV-PG,Kids & Family
s6257,The Crying Game,Movie,United Kingdom,1992,2020,R,Adult (18+)
s6257,The Crying Game,Movie,Japan,1992,2020,R,Adult (18+)
s6257,The Crying Game,Movie,United States,1992,2020,R,Adult (18+)
s6258,The Crystal Calls Making the Dark Crystal: Age of Resistance,Movie,United States,2019,2019,TV-PG,Kids & Family
s6259,The Cuba Libre Story,TV Show,France,2015,2016,TV-14,Teens (13-17)
s6259,The Cuba Libre Story,TV Show,Germany,2015,2016,TV-14,Teens (13-17)
s6260,The Curious Creations of Christine McConnell,TV Show,United States,2018,2018,TV-PG,Kids & Family
s6261,The Curse of Oak Island,TV Show,United States,2016,2019,TV-PG,Kids & Family
s6262,The D Train,Movie,United Kingdom,2015,2017,R,Adult (18+)
s6262,The D Train,Movie,United States,2015,2017,R,Adult (18+)
s6263,The Da Vinci Code,Movie,United States,2006,2020,PG-13,Teens (13-17)
s6263,The Da Vinci Code,Movie,Malta,2006,2020,PG-13,Teens (13-17)
s6263,The Da Vinci Code,Movie,France,2006,2020,PG-13,Teens (13-17)
s6263,The Da Vinci Code,Movie,United Kingdom,2006,2020,PG-13,Teens (13-17)
s6264,The Damned Rain,Movie,India,2009,2018,TV-14,Teens (13-17)
s6265,The Dancer,Movie,Indonesia,2011,2018,TV-MA,Adult (18+)
s6266,The Danish Girl,Movie,United Kingdom,2015,2019,R,Adult (18+)
s6266,The Danish Girl,Movie,United States,2015,2019,R,Adult (18+)
s6266,The Danish Girl,Movie,Germany,2015,2019,R,Adult (18+)
s6266,The Danish Girl,Movie,Denmark,2015,2019,R,Adult (18+)
s6266,The Danish Girl,Movie,Belgium,2015,2019,R,Adult (18+)
s6266,The Danish Girl,Movie,Japan,2015,2019,R,Adult (18+)
s6267,The Dark Crystal,Movie,United States,1982,2019,PG,Kids & Family
s6267,The Dark Crystal,Movie,United Kingdom,1982,2019,PG,Kids & Family
s6268,The Dark Crystal: Age of Resistance,TV Show,United Kingdom,2019,2019,TV-PG,Kids & Family
s6268,The Dark Crystal: Age of Resistance,TV Show,United States,2019,2019,TV-PG,Kids & Family
s6269,The Dark Side of Life: Mumbai City,Movie,India,2018,2019,TV-MA,Adult (18+)
s6270,The Darkest Dawn,Movie,United Kingdom,2016,2018,TV-MA,Adult (18+)
s6271,The Darkness,Movie,United States,2016,2020,PG-13,Teens (13-17)
s6272,The Daughter,Movie,Australia,2015,2017,TV-MA,Adult (18+)
s6273,The Dawn Wall,Movie,Austria,2017,2019,TV-MA,Adult (18+)
s6273,The Dawn Wall,Movie,United States,2017,2019,TV-MA,Adult (18+)
s6274,The Day I Met El Chapo,TV Show,United States,2017,2017,TV-MA,Adult (18+)
s6275,The Day My Butt Went Psycho!,TV Show,Canada,2015,2015,TV-Y7,Kids & Family
s6275,The Day My Butt Went Psycho!,TV Show,Australia,2015,2015,TV-Y7,Kids & Family
s6276,The Day of the Lord,Movie,Mexico,2020,2020,TV-MA,Adult (18+)
s6276,The Day of the Lord,Movie,Spain,2020,2020,TV-MA,Adult (18+)
s6277,The Day Will Come,TV Show,Denmark,2016,2017,TV-14,Teens (13-17)
s6278,The Dealer,Movie,Egypt,2010,2020,TV-14,Teens (13-17)
s6279,The Death and Life of Marsha P. Johnson,Movie,Greece,2017,2017,TV-MA,Adult (18+)
s6279,The Death and Life of Marsha P. Johnson,Movie,United States,2017,2017,TV-MA,Adult (18+)
s6280,The Death of Mr. Lazarescu,Movie,Romania,2005,2020,R,Adult (18+)
s6281,The Death of Stalin,Movie,United Kingdom,2017,2020,R,Adult (18+)
s6281,The Death of Stalin,Movie,France,2017,2020,R,Adult (18+)
s6281,The Death of Stalin,Movie,Belgium,2017,2020,R,Adult (18+)
s6281,The Death of Stalin,Movie,Canada,2017,2020,R,Adult (18+)
s6281,The Death of Stalin,Movie,United States,2017,2020,R,Adult (18+)
s6282,The Debt Collector,Movie,United Kingdom,2018,2018,TV-MA,Adult (18+)
s6282,The Debt Collector,Movie,United States,2018,2018,TV-MA,Adult (18+)
s6283,The Debt Collector 2,Movie,United States,2020,2020,TV-MA,Adult (18+)
s6284,The Decline,Movie,Canada,2020,2020,TV-MA,Adult (18+)
s6285,The Deep,TV Show,Canada,2019,2019,TV-Y7,Kids & Family
s6285,The Deep,TV Show,Australia,2019,2019,TV-Y7,Kids & Family
s6286,The Defected,TV Show,China,2019,2019,TV-14,Teens (13-17)
s6286,The Defected,TV Show,Hong Kong,2019,2019,TV-14,Teens (13-17)
s6287,The Degenerates,TV Show,Unknown Country,2019,2019,TV-MA,Adult (18+)
s6288,The Delivery Boy,Movie,Nigeria,2018,2020,TV-14,Teens (13-17)
s6289,The Departed,Movie,United States,2006,2021,R,Adult (18+)
s6289,The Departed,Movie,Hong Kong,2006,2021,R,Adult (18+)
s6290,The Desert Bride,Movie,Argentina,2017,2018,TV-14,Teens (13-17)
s6290,The Desert Bride,Movie,Chile,2017,2018,TV-14,Teens (13-17)
s6291,The Detained,Movie,United States,2017,2019,TV-14,Teens (13-17)
s6292,The Devil All The Time,Movie,United States,2020,2020,R,Adult (18+)
s6293,The Devil and Father Amorth,Movie,Italy,2017,2018,TV-PG,Kids & Family
s6293,The Devil and Father Amorth,Movie,United States,2017,2018,TV-PG,Kids & Family
s6294,The Devil Inside,Movie,United States,2012,2019,R,Adult (18+)
s6295,The Devil Is a Part-Timer!,TV Show,Japan,2013,2019,TV-14,Teens (13-17)
s6296,The Devil Next Door,TV Show,United States,2019,2019,TV-MA,Adult (18+)
s6297,The Devil Punisher,TV Show,Taiwan,2020,2020,TV-14,Teens (13-17)
s6298,The Devil We Know,Movie,United States,2018,2019,TV-14,Teens (13-17)
s6299,The Devil's Mistress,Movie,Czech Republic,2016,2017,TV-MA,Adult (18+)
s6299,The Devil's Mistress,Movie,Slovakia,2016,2017,TV-MA,Adult (18+)
s6300,The Diabolical,Movie,United States,2015,2018,TV-MA,Adult (18+)
s6301,The Dirt,Movie,United States,2019,2019,TV-MA,Adult (18+)
s6302,The Disappearance of Madeleine McCann,TV Show,Unknown Country,2019,2019,TV-14,Teens (13-17)
s6303,The Disaster Artist,Movie,United States,2017,2020,R,Adult (18+)
s6304,The Disastrous Life of Saiki K.,TV Show,Japan,2018,2019,TV-14,Teens (13-17)
s6305,The Disastrous Life of Saiki K.: Reawakened,TV Show,Japan,2019,2019,TV-14,Teens (13-17)
s6306,The Discovery,Movie,United States,2017,2017,TV-MA,Adult (18+)
s6307,The Distinguished Citizen,Movie,Argentina,2016,2017,TV-MA,Adult (18+)
s6307,The Distinguished Citizen,Movie,Spain,2016,2017,TV-MA,Adult (18+)
s6308,The Do-Over,Movie,United States,2016,2016,TV-MA,Adult (18+)
s6309,The Doll,Movie,Indonesia,2016,2019,TV-MA,Adult (18+)
s6310,The Doll 2,Movie,Indonesia,2017,2019,TV-MA,Adult (18+)
s6311,The Dragon Prince,TV Show,United States,2019,2019,TV-Y7,Kids & Family
s6311,The Dragon Prince,TV Show,Canada,2019,2019,TV-Y7,Kids & Family
s6312,The Dream Catchers,TV Show,Singapore,2009,2017,TV-14,Teens (13-17)
s6313,The Dream Job,TV Show,Singapore,2016,2017,TV-14,Teens (13-17)
s6314,The Dreamer,Movie,Indonesia,2009,2018,TV-PG,Kids & Family
s6315,The Drowning,Movie,United States,2016,2017,TV-MA,Adult (18+)
s6315,The Drowning,Movie,Hong Kong,2016,2017,TV-MA,Adult (18+)
s6316,The Drug King,Movie,South Korea,2018,2019,TV-MA,Adult (18+)
s6317,The Drunk and on Drugs Happy Funtime Hour,TV Show,Canada,2011,2018,TV-MA,Adult (18+)
s6318,The Duchess,TV Show,United Kingdom,2020,2020,TV-MA,Adult (18+)
s6319,The Duel,Movie,United States,2016,2019,R,Adult (18+)
s6320,The Dukes of Hazzard,Movie,United States,2005,2020,PG-13,Teens (13-17)
s6321,The Dukes of Hazzard: The Beginning,Movie,United States,2007,2020,R,Adult (18+)
s6322,The Eagle of El-Se'eed,TV Show,Unknown Country,2018,2019,TV-14,Teens (13-17)
s6323,The Eddy,TV Show,United Kingdom,2020,2020,TV-MA,Adult (18+)
s6323,The Eddy,TV Show,Germany,2020,2020,TV-MA,Adult (18+)
s6323,The Eddy,TV Show,United States,2020,2020,TV-MA,Adult (18+)
s6323,The Eddy,TV Show,France,2020,2020,TV-MA,Adult (18+)
s6324,The Edge of Democracy,Movie,Brazil,2019,2019,TV-14,Teens (13-17)
s6325,The Edge of Seventeen,Movie,United States,2016,2019,R,Adult (18+)
s6325,The Edge of Seventeen,Movie,China,2016,2019,R,Adult (18+)
s6326,The Eichmann Show,Movie,United Kingdom,2015,2017,TV-MA,Adult (18+)
s6326,The Eichmann Show,Movie,Lithuania,2015,2017,TV-MA,Adult (18+)
s6327,The Eighties,TV Show,United States,2016,2018,TV-PG,Kids & Family
s6328,The Emigrant,Movie,Egypt,1994,2020,TV-14,Teens (13-17)
s6328,The Emigrant,Movie,France,1994,2020,TV-14,Teens (13-17)
s6329,The End,Movie,Kuwait,2019,2020,TV-MA,Adult (18+)
s6330,The End of Evangelion,Movie,Japan,1997,2019,TV-MA,Adult (18+)
s6331,The End of the F***ing World,TV Show,United Kingdom,2019,2019,TV-MA,Adult (18+)
s6332,The End of the Tour,Movie,United States,2015,2018,R,Adult (18+)
s6333,The Endless,Movie,United States,2017,2018,TV-MA,Adult (18+)
s6334,The Endless Trench,Movie,Spain,2019,2020,TV-MA,Adult (18+)
s6334,The Endless Trench,Movie,France,2019,2020,TV-MA,Adult (18+)
s6334,The Endless Trench,Movie,Canada,2019,2020,TV-MA,Adult (18+)
s6335,The English Game,TV Show,United Kingdom,2020,2020,TV-14,Teens (13-17)
s6336,The Epic Tales of Captain Underpants,TV Show,United States,2019,2019,TV-Y7,Kids & Family
s6337,The Epic Tales of Captain Underpants in Space,TV Show,United States,2020,2020,TV-Y7,Kids & Family
s6338,The Evil Dead,Movie,United States,1981,2020,TV-MA,Adult (18+)
s6339,The Exception,Movie,United Kingdom,2016,2019,R,Adult (18+)
s6339,The Exception,Movie,United States,2016,2019,R,Adult (18+)
s6340,The Expanding Universe of Ashley Garcia,TV Show,United States,2020,2020,TV-PG,Kids & Family
s6341,The Eyes of My Mother,Movie,United States,2016,2017,R,Adult (18+)
s6342,The F**k-It List,Movie,United States,2019,2020,TV-MA,Adult (18+)
s6343,The Family,Movie,France,2013,2020,R,Adult (18+)
s6343,The Family,Movie,United Kingdom,2013,2020,R,Adult (18+)
s6343,The Family,Movie,United States,2013,2020,R,Adult (18+)
s6344,The Family Court,TV Show,Unknown Country,2010,2017,TV-MA,Adult (18+)
s6345,The Fear,TV Show,United Kingdom,2012,2017,TV-MA,Adult (18+)
s6346,The Fear of 13,Movie,United Kingdom,2015,2016,TV-MA,Adult (18+)
s6347,The Feels,Movie,United States,2018,2018,TV-MA,Adult (18+)
s6348,The Fierce Wife,TV Show,Taiwan,2010,2016,TV-MA,Adult (18+)
s6349,The Fighter,Movie,United States,2010,2019,R,Adult (18+)
s6350,The Figurine (Araromire),Movie,Nigeria,2009,2019,TV-14,Teens (13-17)
s6351,The Final Destination,Movie,United States,2009,2020,R,Adult (18+)
s6352,The Final Table,TV Show,United States,2018,2018,TV-PG,Kids & Family
s6353,The First Lady,Movie,Unknown Country,2015,2019,TV-MA,Adult (18+)
s6354,The First Line,Movie,United States,2014,2016,TV-14,Teens (13-17)
s6354,The First Line,Movie,Greece,2014,2016,TV-14,Teens (13-17)
s6354,The First Line,Movie,United Kingdom,2014,2016,TV-14,Teens (13-17)
s6355,The First Temptation of Christ,Movie,Brazil,2019,2019,TV-MA,Adult (18+)
s6356,The First Wives Club,Movie,United States,1996,2019,PG,Kids & Family
s6357,The Five,TV Show,United Kingdom,2016,2017,TV-MA,Adult (18+)
s6358,The Five Venoms,Movie,Hong Kong,1978,2018,R,Adult (18+)
s6359,The Fix,TV Show,United States,2018,2018,TV-MA,Adult (18+)
s6360,The Flash,TV Show,United States,2019,2020,TV-14,Teens (13-17)
s6361,The Flintstones,Movie,United States,1994,2019,PG,Kids & Family
s6362,The Flintstones in Viva Rock Vegas,Movie,United States,2000,2019,PG,Kids & Family
s6363,The Florida Project,Movie,United States,2017,2020,R,Adult (18+)
s6364,The Flying Guillotine,Movie,Hong Kong,1975,2018,TV-MA,Adult (18+)
s6365,The Forbidden Kingdom,Movie,United States,2008,2019,PG-13,Teens (13-17)
s6365,The Forbidden Kingdom,Movie,China,2008,2019,PG-13,Teens (13-17)
s6366,The Force,Movie,United States,2017,2018,TV-MA,Adult (18+)
s6367,The Foreigner,Movie,United Kingdom,2017,2020,R,Adult (18+)
s6367,The Foreigner,Movie,China,2017,2020,R,Adult (18+)
s6367,The Foreigner,Movie,United States,2017,2020,R,Adult (18+)
s6367,The Foreigner,Movie,India,2017,2020,R,Adult (18+)
s6368,The Forest,Movie,United States,2016,2020,PG-13,Teens (13-17)
s6369,The Forest of Love,Movie,Japan,2019,2019,TV-MA,Adult (18+)
s6370,The Forest of Love: Deep Cut,TV Show,Japan,2020,2020,TV-MA,Adult (18+)
s6371,The Forgotten,Movie,United Kingdom,2014,2017,TV-MA,Adult (18+)
s6372,The Forty-Year-Old Version,Movie,United States,2020,2020,R,Adult (18+)
s6373,The Fosters,TV Show,United States,2017,2017,TV-14,Teens (13-17)
s6374,The Founder,Movie,United States,2016,2020,PG-13,Teens (13-17)
s6374,The Founder,Movie,Greece,2016,2020,PG-13,Teens (13-17)
s6375,The Frankenstein Chronicles,TV Show,United Kingdom,2017,2018,TV-MA,Adult (18+)
s6376,The Free Man,Movie,New Zealand,2016,2017,TV-PG,Kids & Family
s6377,The Frozen Dead,TV Show,France,2017,2018,TV-MA,Adult (18+)
s6378,The Frozen Ground,Movie,United States,2013,2020,R,Adult (18+)
s6379,The Fundamentals of Caring,Movie,United States,2016,2016,TV-MA,Adult (18+)
s6380,The Furchester Hotel,TV Show,United Kingdom,2015,2017,TV-Y,Kids & Family
s6380,The Furchester Hotel,TV Show,United States,2015,2017,TV-Y,Kids & Family
s6381,The Fury of a Patient Man,Movie,Spain,2016,2017,TV-MA,Adult (18+)
s6382,The Future of Water,TV Show,Norway,2007,2016,TV-PG,Kids & Family
s6383,The Game,TV Show,United States,2008,2020,TV-14,Teens (13-17)
s6384,The Game Changers,Movie,United States,2018,2019,TV-MA,Adult (18+)
s6385,The Garden of Words,Movie,Japan,2013,2019,TV-14,Teens (13-17)
s6386,The Garfield Show,TV Show,France,2018,2020,TV-Y,Kids & Family
s6386,The Garfield Show,TV Show,United States,2018,2020,TV-Y,Kids & Family
s6387,The Gathering,Movie,Indonesia,2003,2018,TV-14,Teens (13-17)
s6388,The Gentleman Driver,Movie,United States,2018,2019,TV-MA,Adult (18+)
s6389,The Get Down,TV Show,United States,2017,2017,TV-MA,Adult (18+)
s6390,The Ghost and the Tout,Movie,Nigeria,2018,2020,TV-14,Teens (13-17)
s6391,The Ghost Bride,TV Show,Taiwan,2020,2020,TV-14,Teens (13-17)
s6391,The Ghost Bride,TV Show,Malaysia,2020,2020,TV-14,Teens (13-17)
s6392,The Ghost Who Walks,Movie,United States,2019,2020,TV-MA,Adult (18+)
s6393,The Giant,Movie,Spain,2017,2018,TV-14,Teens (13-17)
s6394,The Gift,TV Show,Turkey,2020,2020,TV-MA,Adult (18+)
s6395,The Girl Allergic to Wi-Fi,Movie,Philippines,2018,2019,TV-MA,Adult (18+)
s6396,The Girl from the Song,Movie,Spain,2016,2017,TV-MA,Adult (18+)
s6397,The Girl with the Dragon Tattoo,Movie,United States,2011,2021,R,Adult (18+)
s6397,The Girl with the Dragon Tattoo,Movie,Sweden,2011,2021,R,Adult (18+)
s6397,The Girl with the Dragon Tattoo,Movie,Norway,2011,2021,R,Adult (18+)
s6398,The Golden Path,TV Show,Unknown Country,2007,2017,TV-MA,Adult (18+)
s6399,The Golden Years with Javed Akhtar,TV Show,India,2016,2017,TV-G,Kids & Family
s6400,The Golem,Movie,Israel,2018,2019,TV-MA,Adult (18+)
s6401,The Good Bandit,TV Show,Colombia,2018,2019,TV-MA,Adult (18+)
s6402,The Good Catholic,Movie,United States,2017,2018,PG-13,Teens (13-17)
s6403,The Good Cop,TV Show,United States,2018,2018,TV-14,Teens (13-17)
s6404,The Good Detective,TV Show,South Korea,2020,2020,TV-MA,Adult (18+)
s6405,The Good Neighbor,Movie,United States,2016,2016,TV-MA,Adult (18+)
s6406,The Good Place,TV Show,United States,2020,2020,TV-14,Teens (13-17)
s6407,"The Goods: Live Hard, Sell Hard",Movie,United States,2009,2019,R,Adult (18+)
s6408,The goop lab with Gwyneth Paltrow,TV Show,United States,2020,2020,TV-MA,Adult (18+)
s6409,The Gospel of John,Movie,United Kingdom,2014,2018,TV-14,Teens (13-17)
s6409,The Gospel of John,Movie,United States,2014,2018,TV-14,Teens (13-17)
s6409,The Gospel of John,Movie,Morocco,2014,2018,TV-14,Teens (13-17)
s6410,The Gospel of Luke,Movie,United States,2015,2018,TV-14,Teens (13-17)
s6410,The Gospel of Luke,Movie,United Kingdom,2015,2018,TV-14,Teens (13-17)
s6410,The Gospel of Luke,Movie,Morocco,2015,2018,TV-14,Teens (13-17)
s6411,The Gospel of Mark,Movie,Unknown Country,2015,2018,TV-14,Teens (13-17)
s6412,The Gospel of Matthew,Movie,Unknown Country,2014,2018,TV-14,Teens (13-17)
s6413,The Governor,TV Show,Nigeria,2016,2020,TV-14,Teens (13-17)
s6414,The Grandmaster,Movie,Hong Kong,2013,2019,PG-13,Teens (13-17)
s6414,The Grandmaster,Movie,China,2013,2019,PG-13,Teens (13-17)
s6415,The Great Battle,Movie,South Korea,2018,2019,TV-MA,Adult (18+)
s6416,The Great British Baking Show,TV Show,United Kingdom,2020,2020,TV-14,Teens (13-17)
s6417,The Great British Baking Show: Holidays,TV Show,Unknown Country,2020,2020,TV-14,Teens (13-17)
s6418,The Great British Baking Show: Masterclass,TV Show,United Kingdom,2018,2018,TV-PG,Kids & Family
s6419,The Great British Baking Show: The Beginnings,TV Show,Unknown Country,2012,2018,TV-PG,Kids & Family
s6420,The Great Gambler,Movie,India,1979,2019,TV-14,Teens (13-17)
s6421,The Great Hack,Movie,United States,2019,2019,TV-MA,Adult (18+)
s6422,The Great Heist,TV Show,Colombia,2020,2020,TV-MA,Adult (18+)
s6423,The Great Magician,Movie,Hong Kong,2011,2019,TV-14,Teens (13-17)
s6423,The Great Magician,Movie,China,2011,2019,TV-14,Teens (13-17)
s6424,The Great Raid,Movie,United States,2005,2019,R,Adult (18+)
s6424,The Great Raid,Movie,Australia,2005,2019,R,Adult (18+)
s6425,The Great Train Robbery,TV Show,United Kingdom,2013,2017,NR,Not Rated (NR)
s6426,The Green Hornet,Movie,United States,2011,2020,PG-13,Teens (13-17)
s6427,The Green Inferno,Movie,United States,2013,2019,R,Adult (18+)
s6427,The Green Inferno,Movie,Spain,2013,2019,R,Adult (18+)
s6428,The Guardian Brothers,Movie,China,2016,2017,TV-G,Kids & Family
s6429,The Guernsey Literary and Potato Peel Pie Society,Movie,United Kingdom,2018,2018,TV-PG,Kids & Family
s6429,The Guernsey Literary and Potato Peel Pie Society,Movie,France,2018,2018,TV-PG,Kids & Family
s6429,The Guernsey Literary and Potato Peel Pie Society,Movie,United States,2018,2018,TV-PG,Kids & Family
s6430,The Guest,TV Show,South Korea,2018,2020,TV-14,Teens (13-17)
s6431,The Guild,TV Show,United States,2013,2019,TV-MA,Adult (18+)
s6432,The Half Of It,Movie,United States,2020,2020,PG-13,Teens (13-17)
s6433,The Happytime Murders,Movie,United States,2018,2020,R,Adult (18+)
s6433,The Happytime Murders,Movie,China,2018,2020,R,Adult (18+)
s6433,The Happytime Murders,Movie,Canada,2018,2020,R,Adult (18+)
s6434,The Hard Way,Movie,United States,2019,2019,TV-MA,Adult (18+)
s6435,The Hateful Eight,Movie,United States,2015,2017,R,Adult (18+)
s6436,The Hateful Eight: Extended Version,TV Show,Unknown Country,2015,2019,R,Adult (18+)
s6437,The Hater,Movie,Poland,2020,2020,TV-MA,Adult (18+)
s6438,The Hatred,Movie,United States,2017,2017,R,Adult (18+)
s6439,The Haunted Hathaways,TV Show,United States,2013,2021,TV-G,Kids & Family
s6440,The Haunting of Bly Manor,TV Show,United States,2020,2020,TV-MA,Adult (18+)
s6441,The Haunting of Hill House,TV Show,United States,2018,2018,TV-MA,Adult (18+)
s6442,The Haunting of Molly Hartley,Movie,United States,2008,2018,PG-13,Teens (13-17)
s6443,The Healer,Movie,Spain,2017,2020,TV-14,Teens (13-17)
s6443,The Healer,Movie,Canada,2017,2020,TV-14,Teens (13-17)
s6443,The Healer,Movie,United States,2017,2020,TV-14,Teens (13-17)
s6444,The Healing Powers of Dude,TV Show,Unknown Country,2020,2020,TV-G,Kids & Family
s6445,The Heartbreak Club,Movie,Indonesia,2020,2021,TV-14,Teens (13-17)
s6446,The Heartbreak Kid,Movie,United States,2007,2020,R,Adult (18+)
s6447,The Heat: A Kitchen (R)evolution,Movie,Canada,2018,2019,TV-MA,Adult (18+)
s6448,The Help,Movie,United States,2011,2020,PG-13,Teens (13-17)
s6449,The Heretics,Movie,Canada,2017,2019,TV-MA,Adult (18+)
s6450,The Heroes of Evil,Movie,Spain,2015,2016,TV-MA,Adult (18+)
s6451,The Heyday of the Insensitive Bastards,Movie,United States,2017,2018,TV-MA,Adult (18+)
s6452,The Highwaymen,Movie,United States,2019,2019,R,Adult (18+)
s6453,The History of Future Folk,Movie,United States,2012,2020,TV-14,Teens (13-17)
s6454,The Hockey Girls,TV Show,Spain,2019,2019,TV-MA,Adult (18+)
s6455,The Holiday Calendar,Movie,United States,2018,2018,TV-G,Kids & Family
s6456,The Holiday Movies That Made Us,TV Show,United States,2020,2020,TV-PG,Kids & Family
s6457,The Hollow,TV Show,Canada,2020,2020,TV-Y7,Kids & Family
s6458,The Hollow Point,Movie,United States,2016,2017,R,Adult (18+)
s6459,The Hollywood Masters,TV Show,United States,2017,2018,TV-MA,Adult (18+)
s6460,The Holy Man,Movie,Thailand,2005,2018,TV-14,Teens (13-17)
s6461,The Homecoming,TV Show,Unknown Country,2015,2017,TV-PG,Kids & Family
s6462,The Honeymoon Stand Up Special,TV Show,United States,2018,2018,TV-MA,Adult (18+)
s6463,The Hook Up Plan,TV Show,France,2020,2019,TV-MA,Adult (18+)
s6464,The House Next Door,Movie,India,2017,2018,TV-MA,Adult (18+)
s6465,The House of Flowers,TV Show,Mexico,2020,2020,TV-MA,Adult (18+)
s6466,The House of Flowers Presents: The Funeral,Movie,Unknown Country,2019,2019,TV-MA,Adult (18+)
s6467,The House on Coco Road,Movie,United States,2016,2017,TV-14,Teens (13-17)
s6468,The House That Made Me,TV Show,India,2015,2017,TV-PG,Kids & Family
s6469,The Hows of Us,Movie,Philippines,2018,2020,TV-14,Teens (13-17)
s6470,The Human Factor: The Untold Story of the Bombay Film Orchestras,Movie,India,2013,2017,TV-PG,Kids & Family
s6471,The Humanity Bureau,Movie,Canada,2017,2018,R,Adult (18+)
s6472,The Hummingbird Project,Movie,Canada,2018,2020,R,Adult (18+)
s6472,The Hummingbird Project,Movie,Belgium,2018,2020,R,Adult (18+)
s6473,The Hundred-Foot Journey,Movie,United States,2014,2019,PG,Kids & Family
s6473,The Hundred-Foot Journey,Movie,India,2014,2019,PG,Kids & Family
s6473,The Hundred-Foot Journey,Movie,United Arab Emirates,2014,2019,PG,Kids & Family
s6474,The Hunt,TV Show,United Kingdom,2015,2017,TV-PG,Kids & Family
s6475,The Hurricane Heist,Movie,United Kingdom,2018,2018,PG-13,Teens (13-17)
s6475,The Hurricane Heist,Movie,United States,2018,2018,PG-13,Teens (13-17)
s6476,The Hurt Business,Movie,United States,2016,2017,PG-13,Teens (13-17)
s6477,The I-Land,TV Show,United States,2019,2019,TV-MA,Adult (18+)
s6478,The Idhun Chronicles,TV Show,Spain,2021,2021,TV-14,Teens (13-17)
s6479,The Iliza Shlesinger Sketch Show,TV Show,United States,2020,2020,TV-MA,Adult (18+)
s6480,The Imaginarium of Doctor Parnassus,Movie,United Kingdom,2009,2019,PG-13,Teens (13-17)
s6480,The Imaginarium of Doctor Parnassus,Movie,Canada,2009,2019,PG-13,Teens (13-17)
s6480,The Imaginarium of Doctor Parnassus,Movie,France,2009,2019,PG-13,Teens (13-17)
s6480,The Imaginarium of Doctor Parnassus,Movie,United States,2009,2019,PG-13,Teens (13-17)
s6481,The Impossible,Movie,Spain,2012,2020,PG-13,Teens (13-17)
s6481,The Impossible,Movie,Thailand,2012,2020,PG-13,Teens (13-17)
s6481,The Impossible,Movie,United States,2012,2020,PG-13,Teens (13-17)
s6482,The In-Laws,TV Show,Singapore,2011,2017,TV-14,Teens (13-17)
s6483,The InBESTigators,TV Show,Australia,2020,2020,TV-Y,Kids & Family
s6484,The Inbetweeners,TV Show,United Kingdom,2010,2018,TV-MA,Adult (18+)
s6485,The Incident,Movie,Mexico,2014,2017,TV-MA,Adult (18+)
s6486,The Incredible Jessica James,Movie,United States,2017,2017,TV-MA,Adult (18+)
s6487,The Incredible Story of the Giant Pear,Movie,Denmark,2018,2019,TV-G,Kids & Family
s6488,The Incredibles 2,Movie,United States,2018,2019,PG,Kids & Family
s6489,The Indian Detective,TV Show,Canada,2017,2017,TV-14,Teens (13-17)
s6489,The Indian Detective,TV Show,Germany,2017,2017,TV-14,Teens (13-17)
s6489,The Indian Detective,TV Show,South Africa,2017,2017,TV-14,Teens (13-17)
s6490,The Indian in the Cupboard,Movie,United States,1995,2020,PG,Kids & Family
s6491,The Influence,Movie,Spain,2019,2019,TV-MA,Adult (18+)
s6491,The Influence,Movie,France,2019,2019,TV-MA,Adult (18+)
s6492,The Informant!,Movie,United States,2009,2018,R,Adult (18+)
s6493,The Inmate,TV Show,Mexico,2018,2019,TV-MA,Adult (18+)
s6494,The Innocence Files,TV Show,United States,2020,2020,TV-MA,Adult (18+)
s6495,The Innocent Man,TV Show,United States,2018,2018,TV-MA,Adult (18+)
s6496,The Innocents,TV Show,United Kingdom,2018,2018,TV-MA,Adult (18+)
s6497,The Intent,Movie,United Kingdom,2016,2017,TV-MA,Adult (18+)
s6498,The Intent 2: The Come Up,Movie,United Kingdom,2018,2019,TV-MA,Adult (18+)
s6499,The International Player,Movie,Egypt,2009,2020,TV-14,Teens (13-17)
s6500,The Interview,Movie,Australia,1998,2016,NR,Not Rated (NR)
s6501,The Intouchables,Movie,France,2011,2021,R,Adult (18+)
s6502,The Invention of Lying,Movie,United States,2009,2020,PG-13,Teens (13-17)
s6503,The Investigator: A British Crime Story,TV Show,United Kingdom,2018,2020,TV-MA,Adult (18+)
s6504,The Invisible Guardian,Movie,Spain,2017,2017,TV-MA,Adult (18+)
s6504,The Invisible Guardian,Movie,Germany,2017,2017,TV-MA,Adult (18+)
s6505,The Invisible Guest,Movie,Spain,2016,2017,TV-14,Teens (13-17)
s6506,The Invitation,Movie,United States,2015,2016,TV-MA,Adult (18+)
s6507,The Irish Mob,TV Show,Unknown Country,2008,2016,TV-MA,Adult (18+)
s6508,The Irishman,Movie,United States,2019,2019,R,Adult (18+)
s6509,The Irishman: In Conversation,Movie,United States,2019,2019,TV-MA,Adult (18+)
s6510,The Iron Lady,Movie,United Kingdom,2011,2019,PG-13,Teens (13-17)
s6510,The Iron Lady,Movie,France,2011,2019,PG-13,Teens (13-17)
s6511,The Irregular at Magic High School,TV Show,Japan,2014,2017,TV-14,Teens (13-17)
s6512,The Island,Movie,Nigeria,2018,2019,TV-14,Teens (13-17)
s6513,The IT Crowd,TV Show,United Kingdom,2013,2017,TV-MA,Adult (18+)
s6514,The Ivory Game,Movie,Austria,2016,2016,TV-14,Teens (13-17)
s6515,The Jack King Affair,Movie,France,2015,2018,TV-14,Teens (13-17)
s6516,The Jaime Maussan Show,TV Show,United States,2010,2017,TV-PG,Kids & Family
s6517,The Jane Austen Book Club,Movie,United States,2007,2019,PG-13,Teens (13-17)
s6518,The Joel McHale Show with Joel McHale,TV Show,United States,2018,2018,TV-MA,Adult (18+)
s6519,The Journey Is the Destination,Movie,United States,2016,2017,R,Adult (18+)
s6520,The Judgement,TV Show,Thailand,2018,2018,TV-MA,Adult (18+)
s6521,The Jungle Book,TV Show,India,2010,2019,TV-Y7,Kids & Family
s6521,The Jungle Book,TV Show,Germany,2010,2019,TV-Y7,Kids & Family
s6521,The Jungle Book,TV Show,France,2010,2019,TV-Y7,Kids & Family
s6522,The Jungle School,Movie,Indonesia,2013,2018,TV-PG,Kids & Family
s6523,The K2,TV Show,South Korea,2016,2019,TV-14,Teens (13-17)
s6524,The Karate Kid,Movie,United States,2010,2019,PG,Kids & Family
s6524,The Karate Kid,Movie,China,2010,2019,PG,Kids & Family
s6525,The Keepers,TV Show,United States,2017,2017,TV-MA,Adult (18+)
s6526,The Keeping Hours,Movie,United States,2017,2018,PG-13,Teens (13-17)
s6527,The Killer,Movie,Brazil,2017,2017,TV-MA,Adult (18+)
s6528,The Killing of a Sacred Deer,Movie,Ireland,2017,2020,R,Adult (18+)
s6528,The Killing of a Sacred Deer,Movie,United Kingdom,2017,2020,R,Adult (18+)
s6529,The Kindergarten Teacher,Movie,United States,2018,2018,R,Adult (18+)
s6529,The Kindergarten Teacher,Movie,Israel,2018,2018,R,Adult (18+)
s6529,The Kindergarten Teacher,Movie,United Kingdom,2018,2018,R,Adult (18+)
s6529,The Kindergarten Teacher,Movie,Canada,2018,2018,R,Adult (18+)
s6530,The Kindness Diaries,TV Show,Unknown Country,2019,2019,TV-PG,Kids & Family
s6531,The King,Movie,United Kingdom,2019,2019,R,Adult (18+)
s6531,The King,Movie,Hungary,2019,2019,R,Adult (18+)
s6531,The King,Movie,Australia,2019,2019,R,Adult (18+)
s6532,The King: Eternal Monarch,TV Show,South Korea,2020,2020,TV-14,Teens (13-17)
s6533,The King's Avatar,TV Show,China,2019,2019,TV-MA,Adult (18+)
s6534,The King's Speech,Movie,United Kingdom,2010,2018,R,Adult (18+)
s6534,The King's Speech,Movie,United States,2010,2018,R,Adult (18+)
s6534,The King's Speech,Movie,Australia,2010,2018,R,Adult (18+)
s6535,The Kirlian Frequency,TV Show,Argentina,2017,2019,TV-14,Teens (13-17)
s6536,The Kissing Booth,Movie,United Kingdom,2018,2018,TV-14,Teens (13-17)
s6536,The Kissing Booth,Movie,United States,2018,2018,TV-14,Teens (13-17)
s6537,The Kissing Booth 2,Movie,United Kingdom,2020,2020,TV-14,Teens (13-17)
s6537,The Kissing Booth 2,Movie,United States,2020,2020,TV-14,Teens (13-17)
s6538,The Kite,Movie,Lebanon,2003,2020,TV-MA,Adult (18+)
s6538,The Kite,Movie,France,2003,2020,TV-MA,Adult (18+)
s6539,The Knight Before Christmas,Movie,United States,2019,2019,TV-14,Teens (13-17)
s6540,The Kominsky Method,TV Show,United States,2019,2019,TV-MA,Adult (18+)
s6541,The L Word,TV Show,Canada,2009,2018,TV-MA,Adult (18+)
s6541,The L Word,TV Show,United States,2009,2018,TV-MA,Adult (18+)
s6542,The Lady in Dignity,TV Show,South Korea,2017,2018,TV-MA,Adult (18+)
s6543,The Lake House,Movie,United States,2006,2019,PG,Kids & Family
s6544,The Lamb,Movie,United States,2017,2018,PG,Kids & Family
s6545,The Land,Movie,Egypt,1970,2020,TV-MA,Adult (18+)
s6546,The Land of Cards,Movie,India,2012,2016,TV-14,Teens (13-17)
s6547,The Land of Hypocrisy,TV Show,Egypt,2018,2019,TV-14,Teens (13-17)
s6548,The Land of Steady Habits,Movie,United States,2018,2018,TV-MA,Adult (18+)
s6549,The Land of the Enlightened,Movie,Belgium,2016,2017,TV-MA,Adult (18+)
s6549,The Land of the Enlightened,Movie,Ireland,2016,2017,TV-MA,Adult (18+)
s6549,The Land of the Enlightened,Movie,Netherlands,2016,2017,TV-MA,Adult (18+)
s6549,The Land of the Enlightened,Movie,Germany,2016,2017,TV-MA,Adult (18+)
s6549,The Land of the Enlightened,Movie,Afghanistan,2016,2017,TV-MA,Adult (18+)
s6550,The Larva Island Movie,Movie,South Korea,2020,2020,TV-Y7,Kids & Family
s6551,The Last Airbender,Movie,United States,2010,2020,PG,Kids & Family
s6552,The Last Bomb of the Second World War,Movie,India,2019,2020,TV-14,Teens (13-17)
s6553,The Last Boy Scout,Movie,United States,1991,2019,R,Adult (18+)
s6554,The Last Czars,TV Show,United States,2019,2019,TV-MA,Adult (18+)
s6555,The Last Dance,TV Show,United States,2020,2020,TV-MA,Adult (18+)
s6556,The Last Days of American Crime,Movie,United States,2020,2020,TV-MA,Adult (18+)
s6557,The Last Days of Chez Nous,Movie,Australia,1992,2016,R,Adult (18+)
s6558,The Last Exorcism,Movie,France,2010,2019,PG-13,Teens (13-17)
s6558,The Last Exorcism,Movie,United States,2010,2019,PG-13,Teens (13-17)
s6559,The Last Face,Movie,United States,2016,2020,R,Adult (18+)
s6560,The Last Hangover,Movie,Brazil,2018,2018,TV-MA,Adult (18+)
s6561,The last hour,Movie,Chile,2017,2018,TV-MA,Adult (18+)
s6561,The last hour,Movie,Peru,2017,2018,TV-MA,Adult (18+)
s6562,The Last Kids on Earth,TV Show,United States,2020,2020,TV-Y7,Kids & Family
s6563,The Last Kingdom,TV Show,United Kingdom,2020,2020,TV-MA,Adult (18+)
s6564,The Last Laugh,Movie,United States,2019,2019,TV-MA,Adult (18+)
s6565,The Last Man on the Moon,Movie,United Kingdom,2014,2016,TV-PG,Kids & Family
s6566,The Last O.G.,TV Show,United States,2019,2019,TV-MA,Adult (18+)
s6567,The Last of the Schmucks,TV Show,Egypt,2017,2019,TV-MA,Adult (18+)
s6568,The Last Resort,Movie,United States,2018,2019,TV-14,Teens (13-17)
s6569,The Last Runway,Movie,Paraguay,2018,2019,TV-MA,Adult (18+)
s6569,The Last Runway,Movie,Argentina,2018,2019,TV-MA,Adult (18+)
s6570,The Last Shaman,Movie,United Kingdom,2016,2017,TV-14,Teens (13-17)
s6570,The Last Shaman,Movie,Italy,2016,2017,TV-14,Teens (13-17)
s6570,The Last Shaman,Movie,Israel,2016,2017,TV-14,Teens (13-17)
s6570,The Last Shaman,Movie,Peru,2016,2017,TV-14,Teens (13-17)
s6570,The Last Shaman,Movie,United States,2016,2017,TV-14,Teens (13-17)
s6571,The Last Summer,Movie,United States,2019,2019,TV-14,Teens (13-17)
s6572,The Last Thing He Wanted,Movie,United States,2020,2020,R,Adult (18+)
s6573,The Last Whistle,Movie,United States,2019,2019,PG,Kids & Family
s6574,The Last Word,TV Show,Germany,2020,2020,TV-MA,Adult (18+)
s6575,The Late Bloomer,Movie,United States,2016,2020,R,Adult (18+)
s6576,The Laundromat,Movie,United States,2019,2019,R,Adult (18+)
s6577,The Laws of Thermodynamics,Movie,Spain,2018,2018,TV-MA,Adult (18+)
s6578,The Least Expected Day: Inside the Movistar Team 2019,TV Show,Unknown Country,2020,2020,TV-MA,Adult (18+)
s6579,The Legacy of a Whitetail Deer Hunter,Movie,United States,2018,2018,TV-14,Teens (13-17)
s6580,The Legacy of the Bones,Movie,Spain,2019,2020,TV-MA,Adult (18+)
s6580,The Legacy of the Bones,Movie,Germany,2019,2020,TV-MA,Adult (18+)
s6581,The Legend of 420,Movie,United States,2017,2017,TV-MA,Adult (18+)
s6582,The Legend of Bhagat Singh,Movie,India,2002,2020,TV-14,Teens (13-17)
s6583,The Legend of Bruce Lee,TV Show,China,2008,2017,TV-14,Teens (13-17)
s6584,The Legend of Cocaine Island,Movie,United States,2019,2019,TV-MA,Adult (18+)
s6585,The Legend of Korra,TV Show,United States,2014,2020,TV-Y7,Kids & Family
s6586,The Legend of Michael Mishra,Movie,India,2016,2019,TV-14,Teens (13-17)
s6587,The Legend of White Snake,TV Show,China,2019,2019,TV-14,Teens (13-17)
s6588,The Letdown,TV Show,Australia,2019,2019,TV-MA,Adult (18+)
s6589,The Letter for the King,TV Show,United Kingdom,2020,2020,TV-PG,Kids & Family
s6590,The Letter Reader,Movie,South Africa,2019,2020,TV-PG,Kids & Family
s6591,The Liar,TV Show,Unknown Country,2013,2017,TV-14,Teens (13-17)
s6592,The Liar and His Lover,TV Show,South Korea,2017,2019,TV-PG,Kids & Family
s6593,The Liberator,TV Show,United States,2020,2020,TV-MA,Adult (18+)
s6594,The Lies Within,TV Show,South Korea,2019,2019,TV-14,Teens (13-17)
s6595,The Life Ahead,Movie,Italy,2020,2020,PG-13,Teens (13-17)
s6596,The Lift Boy,Movie,India,2020,2020,TV-MA,Adult (18+)
s6597,The Light of My Eyes,Movie,Unknown Country,2010,2020,TV-MA,Adult (18+)
s6598,The Lighthouse of the Orcas,Movie,Spain,2016,2017,TV-MA,Adult (18+)
s6598,The Lighthouse of the Orcas,Movie,Argentina,2016,2017,TV-MA,Adult (18+)
s6599,The Lion Woman,Movie,Norway,2016,2017,TV-14,Teens (13-17)
s6599,The Lion Woman,Movie,Germany,2016,2017,TV-14,Teens (13-17)
s6600,The Little Hours,Movie,Canada,2017,2018,R,Adult (18+)
s6600,The Little Hours,Movie,United States,2017,2018,R,Adult (18+)
s6601,The Little Mermaid,Movie,United States,2018,2018,PG,Kids & Family
s6602,The Little Nyonya,TV Show,Unknown Country,2009,2017,TV-14,Teens (13-17)
s6603,The Little Prince,Movie,France,2015,2020,PG,Kids & Family
s6603,The Little Prince,Movie,Canada,2015,2020,PG,Kids & Family
s6603,The Little Prince,Movie,Italy,2015,2020,PG,Kids & Family
s6603,The Little Prince,Movie,United States,2015,2020,PG,Kids & Family
s6603,The Little Prince,Movie,China,2015,2020,PG,Kids & Family
s6604,The Little Switzerland,Movie,Spain,2019,2019,TV-MA,Adult (18+)
s6605,The Little Vampire,Movie,Netherlands,2017,2020,TV-G,Kids & Family
s6605,The Little Vampire,Movie,Germany,2017,2020,TV-G,Kids & Family
s6605,The Little Vampire,Movie,Denmark,2017,2020,TV-G,Kids & Family
s6605,The Little Vampire,Movie,United Kingdom,2017,2020,TV-G,Kids & Family
s6606,The Little Wars,Movie,France,1982,2020,TV-14,Teens (13-17)
s6606,The Little Wars,Movie,Lebanon,1982,2020,TV-14,Teens (13-17)
s6607,The Lives of Others,Movie,Germany,2006,2019,R,Adult (18+)
s6608,The Lizzie Borden Chronicles,TV Show,United States,2015,2016,TV-14,Teens (13-17)
s6609,The Lobster,Movie,Ireland,2015,2018,R,Adult (18+)
s6609,The Lobster,Movie,United Kingdom,2015,2018,R,Adult (18+)
s6609,The Lobster,Movie,Greece,2015,2018,R,Adult (18+)
s6609,The Lobster,Movie,France,2015,2018,R,Adult (18+)
s6609,The Lobster,Movie,Netherlands,2015,2018,R,Adult (18+)
s6610,The Lodgers,Movie,Ireland,2017,2018,R,Adult (18+)
s6611,The Lonely Island Presents: The Unauthorized Bash Brothers Experience,Movie,Unknown Country,2019,2019,TV-MA,Adult (18+)
s6612,The Long Dumb Road,Movie,United States,2018,2020,R,Adult (18+)
s6613,The Long Goodbye: The Kara Tippetts Story,Movie,United States,2019,2019,TV-PG,Kids & Family
s6614,The Longest Yard,Movie,United States,1974,2019,R,Adult (18+)
s6615,The Longshots,Movie,United States,2008,2019,PG,Kids & Family
s6616,The Look of Silence,Movie,Denmark,2014,2016,PG-13,Teens (13-17)
s6616,The Look of Silence,Movie,Indonesia,2014,2016,PG-13,Teens (13-17)
s6616,The Look of Silence,Movie,Finland,2014,2016,PG-13,Teens (13-17)
s6616,The Look of Silence,Movie,Norway,2014,2016,PG-13,Teens (13-17)
s6616,The Look of Silence,Movie,United Kingdom,2014,2016,PG-13,Teens (13-17)
s6616,The Look of Silence,Movie,Israel,2014,2016,PG-13,Teens (13-17)
s6616,The Look of Silence,Movie,France,2014,2016,PG-13,Teens (13-17)
s6616,The Look of Silence,Movie,United States,2014,2016,PG-13,Teens (13-17)
s6616,The Look of Silence,Movie,Germany,2014,2016,PG-13,Teens (13-17)
s6616,The Look of Silence,Movie,Netherlands,2014,2016,PG-13,Teens (13-17)
s6617,The Lord of the Rings: The Return of the King,Movie,New Zealand,2003,2020,PG-13,Teens (13-17)
s6617,The Lord of the Rings: The Return of the King,Movie,United States,2003,2020,PG-13,Teens (13-17)
s6618,The Lord of the Rings: The Two Towers,Movie,New Zealand,2002,2020,PG-13,Teens (13-17)
s6618,The Lord of the Rings: The Two Towers,Movie,United States,2002,2020,PG-13,Teens (13-17)
s6619,The Lost Brother,Movie,Argentina,2017,2017,TV-MA,Adult (18+)
s6619,The Lost Brother,Movie,Uruguay,2017,2017,TV-MA,Adult (18+)
s6619,The Lost Brother,Movie,Spain,2017,2017,TV-MA,Adult (18+)
s6619,The Lost Brother,Movie,France,2017,2017,TV-MA,Adult (18+)
s6620,The Lost Husband,Movie,United States,2020,2020,PG-13,Teens (13-17)
s6621,The Lost Okoroshi,Movie,Nigeria,2019,2020,TV-MA,Adult (18+)
s6622,The Love Affair,Movie,Philippines,2015,2019,TV-MA,Adult (18+)
s6623,The Love Guru,Movie,United Kingdom,2008,2019,PG-13,Teens (13-17)
s6623,The Love Guru,Movie,Germany,2008,2019,PG-13,Teens (13-17)
s6623,The Love Guru,Movie,United States,2008,2019,PG-13,Teens (13-17)
s6624,The Lovebirds,Movie,United States,2020,2020,R,Adult (18+)
s6625,The Lovers,Movie,United States,2017,2019,R,Adult (18+)
s6626,The Lovers and the Despot,Movie,United Kingdom,2016,2017,TV-14,Teens (13-17)
s6627,The lynx,Movie,Poland,1982,2019,TV-14,Teens (13-17)
s6628,The Mad Monk,Movie,Hong Kong,1993,2018,TV-14,Teens (13-17)
s6629,The Magic Pill,Movie,United States,2017,2018,TV-PG,Kids & Family
s6629,The Magic Pill,Movie,Australia,2017,2018,TV-PG,Kids & Family
s6629,The Magic Pill,Movie,South Africa,2017,2018,TV-PG,Kids & Family
s6629,The Magic Pill,Movie,United Kingdom,2017,2018,TV-PG,Kids & Family
s6630,The Magic School Bus,TV Show,Canada,1997,2014,TV-Y,Kids & Family
s6630,The Magic School Bus,TV Show,United States,1997,2014,TV-Y,Kids & Family
s6631,The Magic School Bus Rides Again,TV Show,United States,2018,2018,TV-Y,Kids & Family
s6632,The Magic School Bus Rides Again In the Zone,Movie,Canada,2020,2020,TV-Y,Kids & Family
s6633,The Magic School Bus Rides Again Kids In Space,Movie,United States,2020,2020,TV-Y,Kids & Family
s6634,The Magic School Bus Rides Again The Frizz Connection,Movie,Canada,2020,2020,TV-Y,Kids & Family
s6635,The Magicians,TV Show,United States,2020,2021,TV-MA,Adult (18+)
s6635,The Magicians,TV Show,Canada,2020,2021,TV-MA,Adult (18+)
s6636,The Main Event,Movie,United States,2020,2020,TV-G,Kids & Family
s6637,The Making of Frozen Planet,TV Show,United Kingdom,2012,2016,TV-PG,Kids & Family
s6637,The Making of Frozen Planet,TV Show,United States,2012,2016,TV-PG,Kids & Family
s6637,The Making of Frozen Planet,TV Show,Spain,2012,2016,TV-PG,Kids & Family
s6637,The Making of Frozen Planet,TV Show,Germany,2012,2016,TV-PG,Kids & Family
s6637,The Making of Frozen Planet,TV Show,Greece,2012,2016,TV-PG,Kids & Family
s6637,The Making of Frozen Planet,TV Show,Canada,2012,2016,TV-PG,Kids & Family
s6638,The Man Who Feels No Pain,Movie,India,2018,2019,TV-14,Teens (13-17)
s6639,The Man Who Would Be Polka King,Movie,United States,2009,2018,TV-14,Teens (13-17)
s6640,The Man Without Gravity,Movie,Italy,2019,2019,TV-MA,Adult (18+)
s6640,The Man Without Gravity,Movie,Belgium,2019,2019,TV-MA,Adult (18+)
s6641,The Mansion,Movie,France,2017,2018,TV-MA,Adult (18+)
s6641,The Mansion,Movie,Belgium,2017,2018,TV-MA,Adult (18+)
s6642,The Many Faces of Ito,TV Show,Japan,2017,2017,TV-14,Teens (13-17)
s6643,The Married Couples,Movie,Egypt,1981,2020,TV-14,Teens (13-17)
s6644,The Mars Generation,Movie,United States,2017,2017,TV-PG,Kids & Family
s6645,The Mask of Zorro,Movie,United States,1998,2020,PG-13,Teens (13-17)
s6645,The Mask of Zorro,Movie,Germany,1998,2020,PG-13,Teens (13-17)
s6645,The Mask of Zorro,Movie,Mexico,1998,2020,PG-13,Teens (13-17)
s6646,The Massively Mixed-Up Middle School Mystery,Movie,United States,2015,2019,TV-Y,Kids & Family
s6647,The Master,Movie,United States,2012,2020,R,Adult (18+)
s6648,The Match,Movie,Italy,2020,2020,TV-MA,Adult (18+)
s6649,The Matrix,Movie,United States,1999,2019,R,Adult (18+)
s6650,The Matrix Reloaded,Movie,United States,2003,2019,R,Adult (18+)
s6651,The Matrix Revolutions,Movie,United States,2003,2019,R,Adult (18+)
s6652,The Maus,Movie,Spain,2017,2018,TV-MA,Adult (18+)
s6653,The Mayo Clinic,Movie,United States,2018,2019,TV-14,Teens (13-17)
s6654,The Mayor,Movie,South Korea,2017,2017,TV-MA,Adult (18+)
s6655,The Meaning of Monty Python,Movie,United Kingdom,2013,2018,TV-MA,Adult (18+)
s6656,The Mechanism,TV Show,Brazil,2019,2019,TV-MA,Adult (18+)
s6657,The Memory of Water,Movie,Chile,2015,2017,TV-MA,Adult (18+)
s6657,The Memory of Water,Movie,Spain,2015,2017,TV-MA,Adult (18+)
s6657,The Memory of Water,Movie,Argentina,2015,2017,TV-MA,Adult (18+)
s6657,The Memory of Water,Movie,Germany,2015,2017,TV-MA,Adult (18+)
s6658,"The Memphis Belle: A Story of a
Flying Fortress",Movie,United States,1944,2017,TV-PG,Kids & Family
s6659,The Men Who Stare at Goats,Movie,United States,2009,2019,R,Adult (18+)
s6659,The Men Who Stare at Goats,Movie,United Kingdom,2009,2019,R,Adult (18+)
s6660,The Mess You Leave Behind,TV Show,Spain,2020,2020,TV-MA,Adult (18+)
s6661,The Messengers,TV Show,United States,2015,2016,TV-14,Teens (13-17)
s6662,The Method,TV Show,Russia,2015,2017,TV-MA,Adult (18+)
s6663,The Meyerowitz Stories (New and Selected),Movie,United States,2017,2017,TV-MA,Adult (18+)
s6664,The Midas Touch,Movie,Hong Kong,2013,2019,TV-14,Teens (13-17)
s6665,The Midnight Gospel,TV Show,United States,2020,2020,TV-MA,Adult (18+)
s6666,The Midnight Sky,Movie,United States,2020,2020,PG-13,Teens (13-17)
s6667,The Milk System,Movie,Germany,2017,2019,TV-14,Teens (13-17)
s6667,The Milk System,Movie,Italy,2017,2019,TV-14,Teens (13-17)
s6668,The Millions,Movie,Nigeria,2019,2020,TV-MA,Adult (18+)
s6669,The Mind of a Chef,TV Show,United States,2016,2017,TV-PG,Kids & Family
s6670,"The Mind, Explained",TV Show,United States,2019,2019,TV-14,Teens (13-17)
s6671,The Minimalists: Less Is Now,Movie,United States,2021,2021,TV-14,Teens (13-17)
s6672,The Minimighty Kids,TV Show,France,2012,2018,TV-G,Kids & Family
s6673,The Minions of Midas,TV Show,Spain,2020,2020,TV-MA,Adult (18+)
s6674,The Ministry of Time,TV Show,Spain,2017,2018,TV-MA,Adult (18+)
s6675,The Miracle,TV Show,South Korea,2016,2017,TV-14,Teens (13-17)
s6676,The Mire,TV Show,Poland,2018,2020,TV-MA,Adult (18+)
s6677,The Mirror Boy,Movie,United Kingdom,2011,2020,TV-14,Teens (13-17)
s6677,The Mirror Boy,Movie,Nigeria,2011,2020,TV-14,Teens (13-17)
s6678,The Missing Menu,TV Show,Unknown Country,2016,2019,TV-PG,Kids & Family
s6679,The Mist,TV Show,Canada,2017,2017,TV-MA,Adult (18+)
s6679,The Mist,TV Show,United States,2017,2017,TV-MA,Adult (18+)
s6680,The Mistress,Movie,Philippines,2012,2019,TV-MA,Adult (18+)
s6681,The Mitfords: A Tale of Two Sisters,Movie,United Kingdom,2017,2017,TV-PG,Kids & Family
s6682,The Model,Movie,Denmark,2016,2016,TV-MA,Adult (18+)
s6683,The Monster,Movie,United States,2016,2019,R,Adult (18+)
s6683,The Monster,Movie,Canada,2016,2019,R,Adult (18+)
s6684,The Monster of Mangatiti,Movie,New Zealand,2015,2015,TV-MA,Adult (18+)
s6685,The Mortified Guide,TV Show,United States,2018,2018,TV-MA,Adult (18+)
s6686,The Most Assassinated Woman in the World,Movie,Belgium,2018,2018,TV-MA,Adult (18+)
s6686,The Most Assassinated Woman in the World,Movie,United Kingdom,2018,2018,TV-MA,Adult (18+)
s6686,The Most Assassinated Woman in the World,Movie,United States,2018,2018,TV-MA,Adult (18+)
s6687,The Most Beautiful Hands of Delhi,TV Show,Sweden,2017,2017,TV-MA,Adult (18+)
s6688,The Most Hated Woman in America,Movie,United States,2017,2017,TV-MA,Adult (18+)
s6689,The Most Unknown,Movie,United States,2018,2018,TV-PG,Kids & Family
s6690,The Motive,Movie,Spain,2017,2018,TV-MA,Adult (18+)
s6690,The Motive,Movie,Mexico,2017,2018,TV-MA,Adult (18+)
s6691,The Movies That Made Us,TV Show,United States,2019,2019,TV-MA,Adult (18+)
s6692,The Mr. Peabody and Sherman Show,TV Show,United States,2017,2017,TV-Y7,Kids & Family
s6693,The Muppets,Movie,United States,2011,2020,PG,Kids & Family
s6694,The Murder Detectives,TV Show,United Kingdom,2015,2017,TV-MA,Adult (18+)
s6695,The Music of Silence,Movie,Italy,2017,2018,TV-PG,Kids & Family
s6696,The Naked Director,TV Show,Japan,2019,2019,TV-MA,Adult (18+)
s6697,The Naked Gun 2 1/2: The Smell of Fear,Movie,Unknown Country,1991,2020,PG-13,Teens (13-17)
s6698,The Naked Gun: From the Files of Police Squad!,Movie,United States,1988,2021,PG-13,Teens (13-17)
s6699,The Natural,Movie,United States,1984,2020,PG,Kids & Family
s6700,The Negro Soldier,Movie,United States,1944,2017,TV-14,Teens (13-17)
s6701,The Neighbor,TV Show,Spain,2019,2019,TV-MA,Adult (18+)
s6702,The Netflix Afterparty,TV Show,United States,2021,2021,TV-MA,Adult (18+)
s6703,The Netflix Afterparty: The Best Shows of The Worst Year,Movie,United States,2020,2020,TV-MA,Adult (18+)
s6704,The New Legends of Monkey,TV Show,Australia,2020,2020,TV-PG,Kids & Family
s6704,The New Legends of Monkey,TV Show,New Zealand,2020,2020,TV-PG,Kids & Family
s6705,The New Romantic,Movie,Canada,2018,2019,TV-MA,Adult (18+)
s6706,The Next Karate Kid,Movie,United States,1994,2020,PG,Kids & Family
s6707,The Next Skin,Movie,Spain,2016,2017,TV-MA,Adult (18+)
s6707,The Next Skin,Movie,Switzerland,2016,2017,TV-MA,Adult (18+)
s6708,The Next Step,TV Show,Canada,2018,2020,TV-G,Kids & Family
s6709,The Night Clerk,Movie,United States,2020,2020,R,Adult (18+)
s6710,The Night Comes for Us,Movie,Indonesia,2018,2018,TV-MA,Adult (18+)
s6710,The Night Comes for Us,Movie,United States,2018,2018,TV-MA,Adult (18+)
s6711,The Night Shift,TV Show,United States,2017,2018,TV-14,Teens (13-17)
s6712,The Nineties,TV Show,United States,2017,2018,TV-14,Teens (13-17)
s6713,The NSU-Complex,Movie,Germany,2016,2016,TV-14,Teens (13-17)
s6714,The Nut Job,Movie,Canada,2014,2020,PG,Kids & Family
s6714,The Nut Job,Movie,South Korea,2014,2020,PG,Kids & Family
s6714,The Nut Job,Movie,United States,2014,2020,PG,Kids & Family
s6715,The Nutcracker and the Four Realms,Movie,United States,2018,2019,PG,Kids & Family
s6716,The OA,TV Show,United States,2019,2019,TV-MA,Adult (18+)
s6717,The Oath,TV Show,Singapore,2011,2017,TV-14,Teens (13-17)
s6718,The Occupant,Movie,Spain,2020,2020,TV-MA,Adult (18+)
s6719,The Office (U.S.),TV Show,United States,2012,2016,TV-14,Teens (13-17)
s6720,The Old Guard,Movie,United States,2020,2020,R,Adult (18+)
s6721,The Old Thieves: The Legend of Artegios,Movie,Mexico,2007,2019,TV-MA,Adult (18+)
s6722,The Ollie & Moon Show,TV Show,France,2018,2020,TV-Y,Kids & Family
s6723,The One I Love,Movie,United States,2014,2019,R,Adult (18+)
s6724,The Only Mother To You All,Movie,Philippines,2008,2019,TV-PG,Kids & Family
s6725,The Open House,Movie,Canada,2018,2018,TV-MA,Adult (18+)
s6725,The Open House,Movie,United States,2018,2018,TV-MA,Adult (18+)
s6726,The Order,TV Show,United States,2020,2020,TV-MA,Adult (18+)
s6727,The Original Kings of Comedy,Movie,United States,2000,2020,R,Adult (18+)
s6728,The Originals,TV Show,United States,2018,2018,TV-14,Teens (13-17)
s6729,The Other,Movie,France,1999,2020,TV-MA,Adult (18+)
s6729,The Other,Movie,Egypt,1999,2020,TV-MA,Adult (18+)
s6730,The Other Guys,Movie,United States,2010,2020,PG-13,Teens (13-17)
s6731,The Other One: The Long Strange Trip of Bob Weir,Movie,United States,2015,2015,TV-14,Teens (13-17)
s6732,The Other Side of the Wind,Movie,France,2018,2018,R,Adult (18+)
s6732,The Other Side of the Wind,Movie,Iran,2018,2018,R,Adult (18+)
s6732,The Other Side of the Wind,Movie,United States,2018,2018,R,Adult (18+)
s6733,The Ottoman Lieutenant,Movie,Turkey,2017,2020,R,Adult (18+)
s6733,The Ottoman Lieutenant,Movie,United States,2017,2020,R,Adult (18+)
s6734,The Outcasts,Movie,United States,2017,2017,TV-14,Teens (13-17)
s6735,The Outpost,Movie,United States,2020,2020,R,Adult (18+)
s6735,The Outpost,Movie,Bulgaria,2020,2020,R,Adult (18+)
s6736,The Outsider,Movie,United States,2019,2019,TV-MA,Adult (18+)
s6737,The Outsiders,TV Show,Taiwan,2004,2019,TV-MA,Adult (18+)
s6738,The Package,Movie,United States,2018,2018,TV-MA,Adult (18+)
s6739,The Panti Sisters,Movie,Philippines,2019,2020,TV-MA,Adult (18+)
s6740,The Paper,TV Show,Croatia,2018,2019,TV-MA,Adult (18+)
s6741,The Paramedic,Movie,Spain,2020,2020,TV-MA,Adult (18+)
s6742,The Parkers,TV Show,United States,2003,2020,TV-PG,Kids & Family
s6743,The Parole Officer,Movie,United Kingdom,2001,2018,R,Adult (18+)
s6744,The Pass,Movie,United Kingdom,2016,2019,NR,Not Rated (NR)
s6745,The Peacemaker,Movie,United States,1997,2020,R,Adult (18+)
s6746,The Pelican Brief,Movie,United States,1993,2019,PG-13,Teens (13-17)
s6747,The Perfect Date,Movie,United States,2019,2019,TV-14,Teens (13-17)
s6748,The Perfect Day,Movie,Unknown Country,2018,2018,TV-14,Teens (13-17)
s6749,The Perfect Dictatorship,Movie,Mexico,2014,2015,TV-MA,Adult (18+)
s6750,The Perfect Match,TV Show,Unknown Country,2017,2019,TV-14,Teens (13-17)
s6751,The Perfect Picture: Ten Years Later,Movie,Ghana,2019,2020,TV-MA,Adult (18+)
s6752,The Perfection,Movie,United States,2019,2019,TV-MA,Adult (18+)
s6753,The Perks of Being a Wallflower,Movie,United States,2012,2020,PG-13,Teens (13-17)
s6754,The Phantom of the Opera,Movie,United Kingdom,2004,2019,PG-13,Teens (13-17)
s6754,The Phantom of the Opera,Movie,United States,2004,2019,PG-13,Teens (13-17)
s6755,The Pharmacist,TV Show,United States,2020,2020,TV-MA,Adult (18+)
s6756,The Photographer Of Mauthausen,Movie,Spain,2018,2019,TV-MA,Adult (18+)
s6757,The Physician,Movie,Germany,2013,2015,R,Adult (18+)
s6758,The Pink Panther,Movie,United States,2006,2019,PG,Kids & Family
s6758,The Pink Panther,Movie,Czech Republic,2006,2019,PG,Kids & Family
s6759,The Pirate Fairy,Movie,United States,2014,2014,G,Kids & Family
s6760,The Pirates of Somalia,Movie,Somalia,2017,2018,R,Adult (18+)
s6760,The Pirates of Somalia,Movie,Kenya,2017,2018,R,Adult (18+)
s6760,The Pirates of Somalia,Movie,Sudan,2017,2018,R,Adult (18+)
s6760,The Pirates of Somalia,Movie,South Africa,2017,2018,R,Adult (18+)
s6760,The Pirates of Somalia,Movie,United States,2017,2018,R,Adult (18+)
s6761,The Pirates! Band of Misfits,Movie,United Kingdom,2012,2020,PG,Kids & Family
s6761,The Pirates! Band of Misfits,Movie,United States,2012,2020,PG,Kids & Family
s6762,The Pixar Story,Movie,United States,2007,2018,G,Kids & Family
s6763,The Place Beyond the Pines,Movie,United States,2012,2017,R,Adult (18+)
s6764,The Plagues of Breslau,Movie,Poland,2018,2020,TV-MA,Adult (18+)
s6765,The Plan,Movie,India,2015,2018,TV-MA,Adult (18+)
s6766,The Platform,TV Show,United Arab Emirates,2020,2020,TV-14,Teens (13-17)
s6767,The Playbook,TV Show,United States,2020,2020,TV-MA,Adult (18+)
s6768,The Player,Movie,Egypt,2012,2019,TV-MA,Adult (18+)
s6769,The Players,Movie,Italy,2020,2020,TV-MA,Adult (18+)
s6770,The Polar Express,Movie,United States,2004,2021,G,Kids & Family
s6771,The Politician,TV Show,United States,2020,2020,TV-MA,Adult (18+)
s6772,The Polka King,Movie,United States,2018,2018,TV-14,Teens (13-17)
s6773,The Power of Grayskull: The Definitive History of He-Man and the Masters of the Universe,Movie,Canada,2017,2018,TV-14,Teens (13-17)
s6773,The Power of Grayskull: The Definitive History of He-Man and the Masters of the Universe,Movie,United States,2017,2018,TV-14,Teens (13-17)
s6774,The President's Barber,Movie,South Korea,2004,2017,TV-MA,Adult (18+)
s6775,The Price of Success,Movie,France,2017,2018,TV-MA,Adult (18+)
s6776,The Prince,Movie,United States,2014,2019,R,Adult (18+)
s6776,The Prince,Movie,United Kingdom,2014,2019,R,Adult (18+)
s6777,The Prince & Me,Movie,United States,2004,2020,PG,Kids & Family
s6777,The Prince & Me,Movie,Czech Republic,2004,2020,PG,Kids & Family
s6778,The Prince of Tennis ~ Match! Tennis Juniors ~,TV Show,China,2019,2019,TV-PG,Kids & Family
s6779,The Prince Who Turns into a Frog,TV Show,Taiwan,2005,2016,TV-14,Teens (13-17)
s6780,The Princess and the Frog,Movie,United States,2009,2019,G,Kids & Family
s6781,The Princess Switch,Movie,United States,2018,2018,TV-G,Kids & Family
s6782,The Princess Switch: Switched Again,Movie,United States,2020,2020,TV-G,Kids & Family
s6783,The Princess Weiyoung,TV Show,China,2016,2019,TV-14,Teens (13-17)
s6784,The Prison,Movie,South Korea,2017,2017,TV-MA,Adult (18+)
s6785,The Professor and the Madman,Movie,Ireland,2019,2020,TV-14,Teens (13-17)
s6785,The Professor and the Madman,Movie,France,2019,2020,TV-14,Teens (13-17)
s6785,The Professor and the Madman,Movie,Iceland,2019,2020,TV-14,Teens (13-17)
s6785,The Professor and the Madman,Movie,United States,2019,2020,TV-14,Teens (13-17)
s6785,The Professor and the Madman,Movie,Mexico,2019,2020,TV-14,Teens (13-17)
s6785,The Professor and the Madman,Movie,Belgium,2019,2020,TV-14,Teens (13-17)
s6785,The Professor and the Madman,Movie,United Kingdom,2019,2020,TV-14,Teens (13-17)
s6785,The Professor and the Madman,Movie,Hong Kong,2019,2020,TV-14,Teens (13-17)
s6786,The Prom,Movie,United States,2020,2020,PG-13,Teens (13-17)
s6787,The Promise,Movie,Spain,2016,2020,PG-13,Teens (13-17)
s6787,The Promise,Movie,United States,2016,2020,PG-13,Teens (13-17)
s6788,The Promised Neverland,TV Show,Japan,2019,2020,TV-14,Teens (13-17)
s6789,The Protector,TV Show,Turkey,2020,2020,TV-MA,Adult (18+)
s6790,The Pursuit,Movie,United States,2019,2019,TV-14,Teens (13-17)
s6791,The Pursuit of Happyness,Movie,United States,2006,2019,PG-13,Teens (13-17)
s6792,The Push,Movie,United States,2018,2019,TV-MA,Adult (18+)
s6793,The Pyramid Code,TV Show,Canada,2009,2016,TV-PG,Kids & Family
s6794,The Queen,Movie,United States,1968,2020,TV-MA,Adult (18+)
s6795,The Queen and the Conqueror,TV Show,Colombia,2020,2020,TV-14,Teens (13-17)
s6796,The Queen of Flow,TV Show,Colombia,2018,2018,TV-MA,Adult (18+)
s6797,The Queen's Gambit,TV Show,United States,2020,2020,TV-MA,Adult (18+)
s6798,The Rachel Divide,Movie,United States,2018,2018,TV-MA,Adult (18+)
s6799,The Rain,TV Show,Denmark,2020,2020,TV-MA,Adult (18+)
s6799,The Rain,TV Show,United States,2020,2020,TV-MA,Adult (18+)
s6800,The Rainbow Troops,Movie,Indonesia,2008,2018,TV-PG,Kids & Family
s6801,The Rainmaker,Movie,United States,1997,2019,PG-13,Teens (13-17)
s6801,The Rainmaker,Movie,Germany,1997,2019,PG-13,Teens (13-17)
s6802,The Ranch,TV Show,United States,2020,2020,TV-MA,Adult (18+)
s6803,The Rap Game,TV Show,United States,2016,2019,TV-14,Teens (13-17)
s6804,The Rat Race,Movie,India,2010,2017,TV-PG,Kids & Family
s6805,The Real Football Factories,TV Show,United Kingdom,2006,2017,TV-MA,Adult (18+)
s6806,The Real Miyagi,Movie,United States,2015,2017,TV-PG,Kids & Family
s6806,The Real Miyagi,Movie,Canada,2015,2017,TV-PG,Kids & Family
s6806,The Real Miyagi,Movie,Japan,2015,2017,TV-PG,Kids & Family
s6806,The Real Miyagi,Movie,Panama,2015,2017,TV-PG,Kids & Family
s6807,The Rebound,Movie,United States,2016,2019,TV-MA,Adult (18+)
s6808,The Reconquest,Movie,Spain,2016,2017,TV-MA,Adult (18+)
s6809,The Red Sea Diving Resort,Movie,Canada,2019,2019,TV-MA,Adult (18+)
s6810,The Redeemed and the Dominant: Fittest on Earth,Movie,United States,2017,2018,TV-14,Teens (13-17)
s6811,The Rehearsal,Movie,New Zealand,2016,2018,TV-MA,Adult (18+)
s6812,The Reliant,Movie,United States,2019,2020,PG-13,Teens (13-17)
s6813,The Remix: Hip Hop X Fashion,Movie,United States,2019,2020,TV-MA,Adult (18+)
s6814,The Repair Shop,TV Show,United Kingdom,2018,2020,TV-PG,Kids & Family
s6815,The Republic of Imbaba,Movie,Unknown Country,2015,2019,TV-14,Teens (13-17)
s6816,The Reservoir Game,Movie,South Korea,2017,2018,TV-MA,Adult (18+)
s6817,The Resistance Banker,Movie,Netherlands,2018,2018,TV-MA,Adult (18+)
s6818,The Returned,TV Show,France,2015,2019,TV-MA,Adult (18+)
s6819,The Rezort,Movie,United Kingdom,2016,2017,TV-MA,Adult (18+)
s6819,The Rezort,Movie,Spain,2016,2017,TV-MA,Adult (18+)
s6819,The Rezort,Movie,Belgium,2016,2017,TV-MA,Adult (18+)
s6820,The Ridiculous 6,Movie,United States,2015,2015,TV-14,Teens (13-17)
s6821,The Rift: The Dark Side of the Moon,Movie,Serbia,2016,2018,TV-MA,Adult (18+)
s6821,The Rift: The Dark Side of the Moon,Movie,South Korea,2016,2018,TV-MA,Adult (18+)
s6821,The Rift: The Dark Side of the Moon,Movie,Slovenia,2016,2018,TV-MA,Adult (18+)
s6822,The Right One,Movie,Egypt,2011,2019,TV-14,Teens (13-17)
s6823,The Ring,Movie,United States,2002,2020,PG-13,Teens (13-17)
s6824,The Riot Club,Movie,United Kingdom,2014,2017,R,Adult (18+)
s6825,The Ripper,TV Show,United Kingdom,2020,2020,TV-MA,Adult (18+)
s6826,The Rise of Phoenixes,TV Show,China,2018,2018,TV-14,Teens (13-17)
s6827,The Ritual,Movie,United Kingdom,2018,2018,TV-MA,Adult (18+)
s6827,The Ritual,Movie,Canada,2018,2018,TV-MA,Adult (18+)
s6828,The River Thief,Movie,United States,2016,2017,NR,Not Rated (NR)
s6829,The River Wild,Movie,United States,1994,2018,PG-13,Teens (13-17)
s6830,The Road to Calvary,TV Show,Russia,2017,2018,TV-14,Teens (13-17)
s6831,The Road to El Camino: Behind the Scenes of El Camino: A Breaking Bad Movie,Movie,United States,2019,2019,TV-14,Teens (13-17)
s6832,The Road to Love,TV Show,Colombia,2019,2019,TV-14,Teens (13-17)
s6833,The Rolling Stones: Olé Olé Olé! A Trip Across Latin America,Movie,United Kingdom,2016,2019,TV-MA,Adult (18+)
s6834,The Roommate,Movie,United States,2011,2020,PG-13,Teens (13-17)
s6835,The Rope Curse 2,Movie,Taiwan,2020,2020,TV-MA,Adult (18+)
s6836,The Rover,Movie,Australia,2014,2018,R,Adult (18+)
s6836,The Rover,Movie,United States,2014,2018,R,Adult (18+)
s6837,The Royal Bengal Tiger,Movie,India,2014,2020,TV-MA,Adult (18+)
s6838,The Royal Hibiscus Hotel,Movie,Nigeria,2017,2020,TV-PG,Kids & Family
s6839,The Royal House of Windsor,TV Show,United Kingdom,2017,2017,TV-MA,Adult (18+)
s6840,The Rugrats Movie,Movie,United States,1998,2019,G,Kids & Family
s6841,THE RUM DIARY,Movie,United States,2011,2019,R,Adult (18+)
s6841,THE RUM DIARY,Movie,United Kingdom,2011,2019,R,Adult (18+)
s6842,The Runaways,Movie,United States,2010,2020,R,Adult (18+)
s6843,The Runner,Movie,United States,2015,2017,R,Adult (18+)
s6844,The Russian Revolution,Movie,United Kingdom,2017,2017,TV-PG,Kids & Family
s6845,The Ruthless,Movie,Italy,2019,2019,TV-MA,Adult (18+)
s6845,The Ruthless,Movie,France,2019,2019,TV-MA,Adult (18+)
s6846,The Ryan White Story,Movie,United States,1989,2011,TV-PG,Kids & Family
s6847,The Saint,Movie,United States,2017,2017,TV-14,Teens (13-17)
s6848,The Salvation,Movie,Denmark,2014,2017,R,Adult (18+)
s6848,The Salvation,Movie,United Kingdom,2014,2017,R,Adult (18+)
s6848,The Salvation,Movie,South Africa,2014,2017,R,Adult (18+)
s6848,The Salvation,Movie,Sweden,2014,2017,R,Adult (18+)
s6848,The Salvation,Movie,Belgium,2014,2017,R,Adult (18+)
s6849,The Sapphires,Movie,Australia,2012,2019,PG-13,Teens (13-17)
s6850,The School Nurse Files,TV Show,South Korea,2020,2020,TV-MA,Adult (18+)
s6851,The School of Mischief,Movie,Egypt,1973,2020,TV-14,Teens (13-17)
s6852,The Score,Movie,Germany,2001,2019,R,Adult (18+)
s6852,The Score,Movie,Canada,2001,2019,R,Adult (18+)
s6852,The Score,Movie,United States,2001,2019,R,Adult (18+)
s6853,The Sea of Trees,Movie,United States,2015,2018,PG-13,Teens (13-17)
s6854,The Search,TV Show,Mexico,2020,2020,TV-MA,Adult (18+)
s6855,The Search for Life in Space,Movie,United States,2016,2018,TV-G,Kids & Family
s6856,The Secret,Movie,Unknown Country,2018,2018,TV-14,Teens (13-17)
s6857,The Secret Life of Pets 2,Movie,United States,2019,2019,PG,Kids & Family
s6857,The Secret Life of Pets 2,Movie,France,2019,2019,PG,Kids & Family
s6857,The Secret Life of Pets 2,Movie,Japan,2019,2019,PG,Kids & Family
s6858,The Set Up,Movie,Nigeria,2019,2020,TV-MA,Adult (18+)
s6859,The Seven Deadly Sins,TV Show,Japan,2019,2020,TV-14,Teens (13-17)
s6860,The Seven Deadly Sins the Movie: Prisoners of the Sky,Movie,Japan,2018,2018,TV-14,Teens (13-17)
s6861,The Seven Five,Movie,United States,2014,2017,R,Adult (18+)
s6862,The Seventies,TV Show,United States,2015,2018,TV-PG,Kids & Family
s6863,The Shannara Chronicles,TV Show,United States,2018,2018,TV-MA,Adult (18+)
s6863,The Shannara Chronicles,TV Show,New Zealand,2018,2018,TV-MA,Adult (18+)
s6864,The Shaukeens,Movie,India,2014,2018,TV-MA,Adult (18+)
s6865,The Short Game,Movie,United States,2013,2013,PG,Kids & Family
s6866,The Show,Movie,United States,2017,2020,TV-MA,Adult (18+)
s6867,The Show Must Go On: The Queen + Adam Lambert Story,Movie,United Kingdom,2019,2020,TV-MA,Adult (18+)
s6867,The Show Must Go On: The Queen + Adam Lambert Story,Movie,United States,2019,2020,TV-MA,Adult (18+)
s6868,The Siege of Jadotville,Movie,Ireland,2016,2016,TV-MA,Adult (18+)
s6868,The Siege of Jadotville,Movie,South Africa,2016,2016,TV-MA,Adult (18+)
s6869,The Sign of Venus,Movie,Italy,1955,2020,TV-14,Teens (13-17)
s6870,The Signal,Movie,United States,2014,2018,PG-13,Teens (13-17)
s6871,The Silence,Movie,Canada,2019,2019,PG-13,Teens (13-17)
s6871,The Silence,Movie,Germany,2019,2019,PG-13,Teens (13-17)
s6872,The Silence of Others,Movie,Spain,2019,2020,TV-14,Teens (13-17)
s6872,The Silence of Others,Movie,France,2019,2020,TV-14,Teens (13-17)
s6872,The Silence of Others,Movie,Canada,2019,2020,TV-14,Teens (13-17)
s6872,The Silence of Others,Movie,United States,2019,2020,TV-14,Teens (13-17)
s6873,The Silence of the Marsh,Movie,Spain,2019,2020,TV-MA,Adult (18+)
s6874,The Silent War,Movie,Spain,2020,2020,TV-MA,Adult (18+)
s6875,The Similars,Movie,Mexico,2015,2017,NR,Not Rated (NR)
s6876,The Sinking Of Van Der Wijck,Movie,Indonesia,2013,2018,TV-14,Teens (13-17)
s6877,The Sinner,TV Show,United States,2018,2019,TV-MA,Adult (18+)
s6878,The Skin of the Wolf,Movie,Spain,2018,2018,TV-MA,Adult (18+)
s6879,The Sky Is Pink,Movie,India,2019,2019,TV-MA,Adult (18+)
s6879,The Sky Is Pink,Movie,United Kingdom,2019,2019,TV-MA,Adult (18+)
s6879,The Sky Is Pink,Movie,Canada,2019,2019,TV-MA,Adult (18+)
s6879,The Sky Is Pink,Movie,United States,2019,2019,TV-MA,Adult (18+)
s6880,The Sleepover,Movie,United States,2020,2020,TV-PG,Kids & Family
s6881,The Smurfs,Movie,United States,2011,2020,PG,Kids & Family
s6881,The Smurfs,Movie,Belgium,2011,2020,PG,Kids & Family
s6881,The Smurfs,Movie,Canada,2011,2020,PG,Kids & Family
s6882,The Smurfs 2,Movie,United States,2013,2020,PG,Kids & Family
s6882,The Smurfs 2,Movie,France,2013,2020,PG,Kids & Family
s6882,The Smurfs 2,Movie,Canada,2013,2020,PG,Kids & Family
s6882,The Smurfs 2,Movie,Belgium,2013,2020,PG,Kids & Family
s6883,The Sniffer,TV Show,Ukraine,2017,2018,TV-MA,Adult (18+)
s6884,The Social Dilemma,Movie,United States,2020,2020,PG-13,Teens (13-17)
s6885,The Social Network,Movie,United States,2010,2020,PG-13,Teens (13-17)
s6886,The Society,TV Show,United States,2019,2019,TV-MA,Adult (18+)
s6887,The Son,Movie,Argentina,2019,2019,TV-MA,Adult (18+)
s6888,The Sound of Your Heart,TV Show,South Korea,2016,2017,TV-14,Teens (13-17)
s6889,The Sound of Your Heart: Reboot,TV Show,South Korea,2018,2018,TV-14,Teens (13-17)
s6890,The Space Between Us,Movie,United States,2016,2019,PG-13,Teens (13-17)
s6891,The Spectacular Now,Movie,United States,2013,2018,R,Adult (18+)
s6892,The Speed Cubers,Movie,United States,2020,2020,TV-PG,Kids & Family
s6893,The Spiderwick Chronicles,Movie,United States,2008,2019,PG,Kids & Family
s6894,The spiral,Movie,Poland,1978,2019,TV-MA,Adult (18+)
s6895,The Spooky Tale of Captain Underpants Hack-a-ween,Movie,United States,2019,2019,TV-Y7,Kids & Family
s6896,The Spy,TV Show,France,2019,2019,TV-MA,Adult (18+)
s6897,The Spy Next Door,Movie,United States,2010,2020,PG,Kids & Family
s6898,The Spy Who Fell to Earth,Movie,United Kingdom,2019,2019,TV-MA,Adult (18+)
s6899,The Square,Movie,United Kingdom,2013,2014,TV-MA,Adult (18+)
s6899,The Square,Movie,Egypt,2013,2014,TV-MA,Adult (18+)
s6899,The Square,Movie,United States,2013,2014,TV-MA,Adult (18+)
s6900,The Squid and the Whale,Movie,United States,2005,2019,R,Adult (18+)
s6901,The Staircase,TV Show,France,2018,2018,TV-MA,Adult (18+)
s6902,The Stand at Paxton County,Movie,United States,2020,2020,R,Adult (18+)
s6903,The Standups,TV Show,United States,2018,2018,TV-MA,Adult (18+)
s6904,The Stanford Prison Experiment,Movie,United States,2015,2017,R,Adult (18+)
s6905,The Stolen,Movie,United Kingdom,2016,2020,TV-14,Teens (13-17)
s6905,The Stolen,Movie,Germany,2016,2020,TV-14,Teens (13-17)
s6905,The Stolen,Movie,United Arab Emirates,2016,2020,TV-14,Teens (13-17)
s6905,The Stolen,Movie,New Zealand,2016,2020,TV-14,Teens (13-17)
s6906,The Story of God with Morgan Freeman,TV Show,United States,2017,2019,TV-14,Teens (13-17)
s6907,The Story of Us with Morgan Freeman,TV Show,United States,2017,2019,TV-14,Teens (13-17)
s6908,The Stranded,TV Show,Thailand,2019,2019,TV-MA,Adult (18+)
s6909,THE STRANGER,TV Show,United Kingdom,2020,2020,TV-MA,Adult (18+)
s6910,The Student,Movie,United States,2017,2019,TV-14,Teens (13-17)
s6911,The Student Cop,Movie,Egypt,2004,2020,TV-14,Teens (13-17)
s6912,The Suit,Movie,Egypt,2018,2020,TV-14,Teens (13-17)
s6913,The Sunshine Makers,Movie,United Kingdom,2015,2017,TV-MA,Adult (18+)
s6914,The Super,Movie,United States,2017,2019,R,Adult (18+)
s6915,The Super Mario Bros. Super Show!,TV Show,United States,1989,2016,TV-Y7,Kids & Family
s6915,The Super Mario Bros. Super Show!,TV Show,Canada,1989,2016,TV-Y7,Kids & Family
s6916,The Super Parental Guardians,Movie,Philippines,2016,2019,TV-14,Teens (13-17)
s6917,The Surgeon's Cut,TV Show,United States,2020,2020,TV-14,Teens (13-17)
s6918,The Surrounding Game,Movie,United States,2018,2018,TV-14,Teens (13-17)
s6919,The Take,Movie,United Kingdom,2016,2020,R,Adult (18+)
s6919,The Take,Movie,France,2016,2020,R,Adult (18+)
s6919,The Take,Movie,United States,2016,2020,R,Adult (18+)
s6919,The Take,Movie,Belgium,2016,2020,R,Adult (18+)
s6919,The Take,Movie,Luxembourg,2016,2020,R,Adult (18+)
s6919,The Take,Movie,China,2016,2020,R,Adult (18+)
s6919,The Take,Movie,Germany,2016,2020,R,Adult (18+)
s6920,The Taking of Pelham 123,Movie,United States,2009,2019,R,Adult (18+)
s6920,The Taking of Pelham 123,Movie,United Kingdom,2009,2019,R,Adult (18+)
s6921,The Talented Mr. Ripley,Movie,United States,1999,2020,R,Adult (18+)
s6922,The Tenth Man,Movie,Argentina,2016,2017,TV-MA,Adult (18+)
s6923,The Terminal,TV Show,Unknown Country,2018,2019,TV-14,Teens (13-17)
s6924,The Texas Chainsaw Massacre,Movie,United States,1974,2019,R,Adult (18+)
s6925,The Theory of Everything,Movie,United Kingdom,2014,2018,PG-13,Teens (13-17)
s6925,The Theory of Everything,Movie,Japan,2014,2018,PG-13,Teens (13-17)
s6925,The Theory of Everything,Movie,United States,2014,2018,PG-13,Teens (13-17)
s6926,The Thief and the Imbecile,Movie,Egypt,2013,2019,TV-14,Teens (13-17)
s6927,The Third Party,Movie,Philippines,2016,2019,TV-MA,Adult (18+)
s6928,The Three Deaths of Marisela Escobedo,Movie,Mexico,2020,2020,TV-MA,Adult (18+)
s6929,The Tiger Hunter,Movie,United States,2016,2018,TV-14,Teens (13-17)
s6930,The Tigers of Scotland,Movie,United Kingdom,2017,2018,TV-G,Kids & Family
s6931,The Time Machine,Movie,United States,2002,2019,PG-13,Teens (13-17)
s6931,The Time Machine,Movie,United Arab Emirates,2002,2019,PG-13,Teens (13-17)
s6932,The Time Traveler's Wife,Movie,United States,2009,2019,PG-13,Teens (13-17)
s6933,The Titan,Movie,United Kingdom,2018,2018,TV-MA,Adult (18+)
s6933,The Titan,Movie,Spain,2018,2018,TV-MA,Adult (18+)
s6933,The Titan,Movie,United States,2018,2018,TV-MA,Adult (18+)
s6933,The Titan,Movie,Germany,2018,2018,TV-MA,Adult (18+)
s6934,The Tourist,Movie,United States,2010,2020,PG-13,Teens (13-17)
s6934,The Tourist,Movie,France,2010,2020,PG-13,Teens (13-17)
s6934,The Tourist,Movie,Italy,2010,2020,PG-13,Teens (13-17)
s6934,The Tourist,Movie,United Kingdom,2010,2020,PG-13,Teens (13-17)
s6935,The Toys That Made Us,TV Show,United States,2019,2019,TV-14,Teens (13-17)
s6936,The Trader (Sovdagari),Movie,Georgia,2018,2018,TV-PG,Kids & Family
s6937,The Traffickers,TV Show,United States,2016,2018,TV-MA,Adult (18+)
s6938,The Trap,Movie,United States,2017,2019,TV-MA,Adult (18+)
s6939,The Tree of Blood,Movie,Spain,2018,2019,TV-MA,Adult (18+)
s6940,The Trial,TV Show,Italy,2019,2020,TV-MA,Adult (18+)
s6941,The Trial of the Chicago 7,Movie,United States,2020,2020,R,Adult (18+)
s6941,The Trial of the Chicago 7,Movie,United Kingdom,2020,2020,R,Adult (18+)
s6941,The Trial of the Chicago 7,Movie,India,2020,2020,R,Adult (18+)
s6942,The Trials of Gabriel Fernandez,TV Show,United States,2020,2020,TV-MA,Adult (18+)
s6943,The Tribe,Movie,Spain,2018,2018,TV-MA,Adult (18+)
s6944,The Tribes of Palos Verdes,Movie,United States,2017,2019,R,Adult (18+)
s6945,The Trigger Effect,Movie,United States,1996,2018,R,Adult (18+)
s6946,The Trip to Spain,Movie,United Kingdom,2016,2017,TV-MA,Adult (18+)
s6947,The Trust,Movie,United States,2015,2019,R,Adult (18+)
s6948,The Truth,TV Show,Unknown Country,2008,2017,TV-14,Teens (13-17)
s6949,The Truth About Alcohol,Movie,United Kingdom,2016,2017,TV-14,Teens (13-17)
s6950,The Truth Seekers,TV Show,Singapore,2016,2017,TV-MA,Adult (18+)
s6951,The Tudors,TV Show,Ireland,2010,2018,TV-MA,Adult (18+)
s6951,The Tudors,TV Show,Canada,2010,2018,TV-MA,Adult (18+)
s6951,The Tudors,TV Show,United States,2010,2018,TV-MA,Adult (18+)
s6951,The Tudors,TV Show,United Kingdom,2010,2018,TV-MA,Adult (18+)
s6952,The Tuxedo,Movie,United States,2002,2019,PG-13,Teens (13-17)
s6953,The Twelve,TV Show,Belgium,2019,2020,TV-MA,Adult (18+)
s6954,The Twilight Zone (Original Series),TV Show,United States,1963,2017,TV-14,Teens (13-17)
s6955,The Twins Effect II,Movie,Hong Kong,2004,2019,TV-14,Teens (13-17)
s6955,The Twins Effect II,Movie,China,2004,2019,TV-14,Teens (13-17)
s6956,The Two Popes,Movie,United Kingdom,2019,2019,PG-13,Teens (13-17)
s6956,The Two Popes,Movie,Italy,2019,2019,PG-13,Teens (13-17)
s6957,The Ugly Truth,Movie,United States,2009,2019,R,Adult (18+)
s6958,The Ultimatum,TV Show,Singapore,2009,2017,TV-14,Teens (13-17)
s6959,The Umbrella Academy,TV Show,United States,2020,2020,TV-14,Teens (13-17)
s6959,The Umbrella Academy,TV Show,Canada,2020,2020,TV-14,Teens (13-17)
s6960,The Unborn Child,Movie,Thailand,2011,2018,TV-MA,Adult (18+)
s6961,The Uncanny Counter,TV Show,South Korea,2020,2020,TV-14,Teens (13-17)
s6962,The Underclass,TV Show,Thailand,2020,2020,TV-MA,Adult (18+)
s6963,The Underwear,TV Show,Unknown Country,2017,2018,TV-MA,Adult (18+)
s6964,The Unicorn,TV Show,United States,2019,2020,TV-14,Teens (13-17)
s6965,The Universe,TV Show,United States,2009,2019,TV-14,Teens (13-17)
s6966,The Universe: Ancient Mysteries Solved,TV Show,Unknown Country,2015,2020,TV-PG,Kids & Family
s6967,The Unknown Girl,Movie,Belgium,2016,2017,TV-MA,Adult (18+)
s6967,The Unknown Girl,Movie,France,2016,2017,TV-MA,Adult (18+)
s6968,The Unknown Known,Movie,United States,2013,2019,PG-13,Teens (13-17)
s6969,THE UNLISTED,TV Show,Australia,2019,2019,TV-PG,Kids & Family
s6970,The Unmarried Wife,Movie,Philippines,2016,2019,TV-MA,Adult (18+)
s6971,The Unremarkable Juanquini,TV Show,Unknown Country,2020,2020,TV-MA,Adult (18+)
s6972,The Untamed,TV Show,China,2019,2019,TV-14,Teens (13-17)
s6973,The Untold Tales of Armistead Maupin,Movie,United States,2017,2018,TV-MA,Adult (18+)
s6974,The Valhalla Murders,TV Show,Iceland,2020,2020,TV-MA,Adult (18+)
s6975,The Vampire Diaries,TV Show,United States,2017,2017,TV-14,Teens (13-17)
s6976,The Vanished,Movie,United States,2020,2021,R,Adult (18+)
s6977,The Vatican Tapes,Movie,United States,2015,2020,PG-13,Teens (13-17)
s6978,The Vault,Movie,United States,2017,2018,TV-MA,Adult (18+)
s6979,The Vendor,Movie,Unknown Country,2018,2019,TV-MA,Adult (18+)
s6980,The Victims' Game,TV Show,Taiwan,2020,2020,TV-MA,Adult (18+)
s6981,The Vietnam War: A Film by Ken Burns and Lynn Novick,TV Show,United States,2017,2018,TV-MA,Adult (18+)
s6982,The Violin Player,Movie,India,2016,2016,TV-14,Teens (13-17)
s6983,The Visit,Movie,Unknown Country,2015,2020,TV-MA,Adult (18+)
s6984,The Walking Dead,TV Show,United States,2018,2019,TV-MA,Adult (18+)
s6985,The Walls of the Moon,Movie,Egypt,2015,2019,TV-14,Teens (13-17)
s6986,The Wandering Earth,Movie,China,2019,2019,TV-MA,Adult (18+)
s6987,The War: A Film by Ken Burns and Lynn Novick,TV Show,United States,2007,2017,TV-14,Teens (13-17)
s6988,The Warning,Movie,Spain,2018,2018,TV-MA,Adult (18+)
s6989,The Water Diviner,Movie,Australia,2014,2019,R,Adult (18+)
s6989,The Water Diviner,Movie,United States,2014,2019,R,Adult (18+)
s6990,The Water Horse: Legend of the Deep,Movie,New Zealand,2007,2018,PG,Kids & Family
s6990,The Water Horse: Legend of the Deep,Movie,United Kingdom,2007,2018,PG,Kids & Family
s6990,The Water Horse: Legend of the Deep,Movie,Australia,2007,2018,PG,Kids & Family
s6991,The Waterboy,Movie,United States,1998,2017,PG-13,Teens (13-17)
s6992,The Wedding Curse,Movie,Philippines,2006,2019,TV-PG,Kids & Family
s6993,The Wedding Party,Movie,Nigeria,2016,2017,TV-14,Teens (13-17)
s6994,The Wedding Party 2: Destination Dubai,Movie,Nigeria,2017,2019,TV-14,Teens (13-17)
s6995,The Wedding Shaman,Movie,Unknown Country,2019,2020,TV-PG,Kids & Family
s6996,The Week Of,Movie,United States,2018,2018,TV-14,Teens (13-17)
s6997,The West Wing,TV Show,United States,2005,2015,TV-14,Teens (13-17)
s6998,The White Helmets,Movie,United Kingdom,2016,2016,TV-PG,Kids & Family
s6999,The Who Was? Show,TV Show,United States,2018,2018,TV-PG,Kids & Family
s7000,The Wiggles,TV Show,Australia,2015,2020,TV-Y,Kids & Family
s7001,The Willoughbys,Movie,Canada,2020,2020,PG,Kids & Family
s7001,The Willoughbys,Movie,United States,2020,2020,PG,Kids & Family
s7001,The Willoughbys,Movie,United Kingdom,2020,2020,PG,Kids & Family
s7002,The Windsors,TV Show,United Kingdom,2020,2020,TV-MA,Adult (18+)
s7003,The Wishing Tree,Movie,India,2017,2017,TV-14,Teens (13-17)
s7004,The Witch,Movie,United Kingdom,2015,2018,R,Adult (18+)
s7004,The Witch,Movie,Canada,2015,2018,R,Adult (18+)
s7004,The Witch,Movie,United States,2015,2018,R,Adult (18+)
s7005,The Witch Files,Movie,United States,2018,2019,TV-14,Teens (13-17)
s7006,The Witch: Part 1 - The Subversion,Movie,South Korea,2018,2020,TV-MA,Adult (18+)
s7007,The Witcher,TV Show,United States,2019,2019,TV-MA,Adult (18+)
s7007,The Witcher,TV Show,Poland,2019,2019,TV-MA,Adult (18+)
s7008,The Witcher: A Look Inside the Episodes,TV Show,Unknown Country,2020,2020,TV-MA,Adult (18+)
s7009,The Witness Who Didn't See Anything,Movie,Egypt,1976,2020,TV-PG,Kids & Family
s7010,The Wolf's Call,Movie,France,2019,2019,TV-14,Teens (13-17)
s7011,The Womanizer,TV Show,China,2010,2016,TV-MA,Adult (18+)
s7012,The Women Who Kill Lions,Movie,United Kingdom,2016,2017,TV-MA,Adult (18+)
s7013,The Women's Balcony,Movie,Israel,2016,2017,TV-PG,Kids & Family
s7014,The Woods,TV Show,Poland,2020,2020,TV-MA,Adult (18+)
s7014,The Woods,TV Show,United States,2020,2020,TV-MA,Adult (18+)
s7015,The Workshop,Movie,France,2017,2018,TV-MA,Adult (18+)
s7016,The World Is Not Enough,Movie,United Kingdom,1999,2019,PG-13,Teens (13-17)
s7016,The World Is Not Enough,Movie,United States,1999,2019,PG-13,Teens (13-17)
s7017,The World Is Yours,Movie,France,2018,2018,TV-MA,Adult (18+)
s7018,The World We Make,Movie,United States,2019,2019,PG,Kids & Family
s7019,The World's Most Extraordinary Homes,TV Show,United Kingdom,2019,2019,TV-G,Kids & Family
s7020,The World's Most Wanted Animal,Movie,United Kingdom,2018,2019,TV-PG,Kids & Family
s7021,The Worst Witch,TV Show,United Kingdom,2020,2020,TV-G,Kids & Family
s7021,The Worst Witch,TV Show,Germany,2020,2020,TV-G,Kids & Family
s7022,The Worthy,Movie,United Arab Emirates,2016,2017,TV-MA,Adult (18+)
s7022,The Worthy,Movie,Romania,2016,2017,TV-MA,Adult (18+)
s7023,The Writer,TV Show,Lebanon,2019,2019,TV-14,Teens (13-17)
s7024,The Wrong Babysitter,Movie,Canada,2017,2019,TV-14,Teens (13-17)
s7025,The Wrong Missy,Movie,United States,2020,2020,TV-MA,Adult (18+)
s7026,The Yard,TV Show,Turkey,2019,2019,TV-MA,Adult (18+)
s7027,The Year of Happiness and Love,TV Show,Taiwan,2009,2016,TV-PG,Kids & Family
s7028,The Young Messiah,Movie,United States,2016,2020,PG-13,Teens (13-17)
s7029,The Young Offenders,Movie,Ireland,2016,2017,TV-MA,Adult (18+)
s7030,The Young Vagabond,Movie,Hong Kong,1985,2018,TV-14,Teens (13-17)
s7031,The Zoya Factor,Movie,India,2019,2019,TV-14,Teens (13-17)
s7032,Theater of Life,Movie,Canada,2016,2017,TV-PG,Kids & Family
s7033,Theeram,Movie,India,2017,2018,TV-14,Teens (13-17)
s7034,Theeya Velai Seyyanum Kumaru,Movie,India,2013,2018,TV-PG,Kids & Family
s7035,"Thelonious Monk: Straight, No Chaser",Movie,United States,1988,2019,PG-13,Teens (13-17)
s7036,Then Came You,Movie,United States,2019,2019,TV-14,Teens (13-17)
s7037,Theo Von: No Offense,Movie,United States,2016,2019,TV-MA,Adult (18+)
s7038,Theo Who Lived,Movie,United States,2016,2016,TV-14,Teens (13-17)
s7039,There Will Be Blood,Movie,United States,2007,2020,R,Adult (18+)
s7040,There's Something in the Water,Movie,Canada,2019,2020,TV-14,Teens (13-17)
s7041,They Are Everywhere,Movie,France,2016,2016,TV-MA,Adult (18+)
s7041,They Are Everywhere,Movie,Belgium,2016,2016,TV-MA,Adult (18+)
s7042,They've Gotta Have Us,TV Show,United Kingdom,2018,2020,TV-MA,Adult (18+)
s7043,They’ll Love Me When I’m Dead,Movie,United States,2018,2018,TV-MA,Adult (18+)
s7044,Thi Mai,Movie,Spain,2017,2018,TV-MA,Adult (18+)
s7045,Thiago Ventura: POKAS,Movie,Brazil,2020,2020,TV-MA,Adult (18+)
s7046,Thieves of the Wood,TV Show,Belgium,2019,2020,TV-MA,Adult (18+)
s7047,ThirTEEN Terrors,TV Show,Thailand,2014,2019,TV-14,Teens (13-17)
s7048,This Earth of Mankind,Movie,Indonesia,2019,2020,TV-14,Teens (13-17)
s7049,This Evening,TV Show,Egypt,2017,2019,TV-14,Teens (13-17)
s7050,This Is My Love,TV Show,South Korea,2015,2017,TV-14,Teens (13-17)
s7051,This Is Not What I Expected,Movie,China,2017,2017,TV-PG,Kids & Family
s7052,This Was Tomorrow,Movie,Belgium,2015,2015,NR,Not Rated (NR)
s7053,Thithi,Movie,India,2015,2017,TV-MA,Adult (18+)
s7053,Thithi,Movie,United States,2015,2017,TV-MA,Adult (18+)
s7054,Thomas & Friends: Marvelous Machinery: A New Arrival,Movie,Unknown Country,2020,2020,TV-Y,Kids & Family
s7055,Thomas & Friends: Marvelous Machinery: World of Tomorrow,Movie,Unknown Country,2020,2020,TV-Y,Kids & Family
s7056,Thomas & Friends: Thomas and the Royal Engine,Movie,Unknown Country,2020,2020,TV-Y,Kids & Family
s7057,Thomas and Friends,TV Show,United Kingdom,2020,2020,TV-Y,Kids & Family
s7058,Thong Dee Fun Khao,Movie,Thailand,2017,2018,TV-MA,Adult (18+)
s7059,Thor: Ragnarok,Movie,United States,2017,2018,PG-13,Teens (13-17)
s7060,Thor: Tales of Asgard,Movie,United States,2011,2020,TV-Y7,Kids & Family
s7060,Thor: Tales of Asgard,Movie,Canada,2011,2020,TV-Y7,Kids & Family
s7061,Thorne: Scaredy Cat,Movie,United Kingdom,2010,2016,NR,Not Rated (NR)
s7062,Thorne: Sleepyhead,Movie,United Kingdom,2010,2016,NR,Not Rated (NR)
s7062,Thorne: Sleepyhead,Movie,Australia,2010,2016,NR,Not Rated (NR)
s7062,Thorne: Sleepyhead,Movie,Canada,2010,2016,NR,Not Rated (NR)
s7062,Thorne: Sleepyhead,Movie,United States,2010,2016,NR,Not Rated (NR)
s7063,Thottappan,Movie,India,2019,2020,TV-14,Teens (13-17)
s7064,Three,Movie,Hong Kong,2016,2017,TV-MA,Adult (18+)
s7064,Three,Movie,China,2016,2017,TV-MA,Adult (18+)
s7065,Three Days of Christmas,TV Show,Spain,2019,2019,TV-MA,Adult (18+)
s7066,Three Wives One Husband,TV Show,United Kingdom,2018,2018,TV-14,Teens (13-17)
s7067,Three Words to Forever,Movie,Philippines,2018,2020,TV-G,Kids & Family
s7068,Three-Quarters Decent,Movie,Unknown Country,2010,2019,TV-14,Teens (13-17)
s7069,Thriller,Movie,United States,2018,2019,TV-MA,Adult (18+)
s7070,Through My Father's Eyes: The Ronda Rousey Story,Movie,Canada,2019,2020,R,Adult (18+)
s7070,Through My Father's Eyes: The Ronda Rousey Story,Movie,United States,2019,2020,R,Adult (18+)
s7071,Thug Life,Movie,India,2017,2019,TV-14,Teens (13-17)
s7072,Thumper,Movie,United States,2017,2018,TV-MA,Adult (18+)
s7073,Thunderbolt,Movie,United States,1947,2017,TV-PG,Kids & Family
s7074,Tidelands,TV Show,Australia,2018,2018,TV-MA,Adult (18+)
s7075,Tidying Up with Marie Kondo,TV Show,United States,2019,2019,TV-PG,Kids & Family
s7076,Tiempos de guerra,TV Show,Spain,2017,2018,TV-MA,Adult (18+)
s7077,Tientsin Mystic,TV Show,China,2017,2018,TV-14,Teens (13-17)
s7078,Tiffany Haddish Presents: They Ready,TV Show,United States,2019,2019,TV-MA,Adult (18+)
s7079,Tiffany Haddish: Black Mitzvah,Movie,United States,2019,2019,TV-MA,Adult (18+)
s7080,Tiffany Haddish: She Ready! From the Hood To Hollywood!,Movie,United States,2017,2020,TV-MA,Adult (18+)
s7081,Tig,Movie,United States,2015,2015,TV-14,Teens (13-17)
s7082,Tig Notaro Happy To Be Here,Movie,United States,2018,2018,TV-14,Teens (13-17)
s7083,Tiger,Movie,India,2016,2018,TV-14,Teens (13-17)
s7084,"Tiger King: Murder, Mayhem and Madness",TV Show,United States,2020,2020,TV-MA,Adult (18+)
s7085,Tigertail,Movie,United States,2020,2020,PG,Kids & Family
s7086,Tijuana,TV Show,Mexico,2019,2019,TV-MA,Adult (18+)
s7087,Tik Tok,Movie,China,2016,2017,TV-14,Teens (13-17)
s7088,Tikli and Laxmi Bomb,Movie,India,2017,2018,TV-MA,Adult (18+)
s7089,Til Death Do Us Part,TV Show,Taiwan,2019,2019,TV-MA,Adult (18+)
s7090,Tim Allen: Men Are Pigs,Movie,United States,1990,2018,TV-MA,Adult (18+)
s7091,Tim Allen: ReWires America,Movie,United States,1991,2018,TV-MA,Adult (18+)
s7092,Tim Minchin And The Heritage Orchestra Live,Movie,United Kingdom,2011,2018,TV-MA,Adult (18+)
s7093,Tim Minchin: So F**king Rock,Movie,United Kingdom,2008,2018,TV-MA,Adult (18+)
s7094,Time Out,Movie,India,2015,2020,TV-14,Teens (13-17)
s7095,Time Please,Movie,India,2013,2018,TV-14,Teens (13-17)
s7096,Time Share,Movie,Mexico,2018,2018,TV-MA,Adult (18+)
s7096,Time Share,Movie,Netherlands,2018,2018,TV-MA,Adult (18+)
s7097,Time to Hunt,Movie,South Korea,2020,2020,TV-MA,Adult (18+)
s7098,Time Trap,Movie,United States,2017,2019,TV-14,Teens (13-17)
s7099,Time: The Kalief Browder Story,TV Show,United States,2017,2019,TV-MA,Adult (18+)
s7100,Timeless Season,TV Show,Unknown Country,2009,2017,TV-14,Teens (13-17)
s7101,Timeline,TV Show,Unknown Country,2014,2018,TV-14,Teens (13-17)
s7102,Timmy Time,TV Show,United Kingdom,2010,2020,TV-Y,Kids & Family
s7103,Tini: The New Life of Violetta,Movie,Spain,2016,2017,G,Kids & Family
s7103,Tini: The New Life of Violetta,Movie,Italy,2016,2017,G,Kids & Family
s7103,Tini: The New Life of Violetta,Movie,Argentina,2016,2017,G,Kids & Family
s7104,Tinker Bell and the Legend of the NeverBeast,Movie,United States,2014,2015,G,Kids & Family
s7105,Tinker',Movie,United States,2018,2019,TV-14,Teens (13-17)
s7106,Tiny Creatures,TV Show,United States,2020,2020,TV-PG,Kids & Family
s7107,Tiny House Nation,TV Show,United States,2019,2020,TV-PG,Kids & Family
s7108,Tiny Pretty Things,TV Show,United States,2020,2020,TV-MA,Adult (18+)
s7109,Tip the Mouse,TV Show,Germany,2014,2017,TV-Y,Kids & Family
s7109,Tip the Mouse,TV Show,United States,2014,2017,TV-Y,Kids & Family
s7109,Tip the Mouse,TV Show,Italy,2014,2017,TV-Y,Kids & Family
s7110,Titipo Titipo,TV Show,Unknown Country,2018,2019,TV-Y,Kids & Family
s7111,Tjovitjo,TV Show,South Africa,2017,2020,TV-MA,Adult (18+)
s7112,To All the Boys I’ve Loved Before,Movie,United States,2018,2018,TV-14,Teens (13-17)
s7113,To All the Boys: P.S. I Still Love You,Movie,United States,2020,2020,TV-14,Teens (13-17)
s7114,To and From New York,Movie,United States,2006,2008,TV-MA,Adult (18+)
s7115,To Be a Miss,Movie,United States,2016,2017,TV-14,Teens (13-17)
s7115,To Be a Miss,Movie,Venezuela,2016,2017,TV-14,Teens (13-17)
s7116,To Be of Service,Movie,United States,2019,2019,TV-MA,Adult (18+)
s7117,"To Each, Her Own",Movie,France,2018,2018,TV-MA,Adult (18+)
s7118,To the Bone,Movie,United States,2017,2017,TV-MA,Adult (18+)
s7119,To the Lake,TV Show,Russia,2020,2020,TV-MA,Adult (18+)
s7120,"To Wong Foo, Thanks for Everything! Julie Newmar",Movie,United States,1995,2019,PG-13,Teens (13-17)
s7121,Toast of London,TV Show,United Kingdom,2015,2017,TV-MA,Adult (18+)
s7122,Tobot,TV Show,Canada,2018,2019,TV-Y7,Kids & Family
s7123,Toc Toc,Movie,Spain,2017,2018,TV-MA,Adult (18+)
s7124,Todd Barry: Spicy Honey,Movie,United States,2017,2017,TV-MA,Adult (18+)
s7125,Todd Glass: Act Happy,Movie,United States,2018,2018,TV-MA,Adult (18+)
s7126,Todd Glass: Stand-Up Special,Movie,United States,2012,2018,TV-MA,Adult (18+)
s7127,Todo lo que sería Lucas Lauriente,Movie,Argentina,2018,2018,TV-MA,Adult (18+)
s7128,Todo Sobre El Asado,Movie,Argentina,2016,2017,TV-MA,Adult (18+)
s7129,Together,TV Show,Singapore,2009,2017,TV-14,Teens (13-17)
s7130,Together For Eternity,Movie,India,1999,2020,TV-G,Kids & Family
s7131,Toilet: Ek Prem Katha,Movie,India,2017,2018,TV-14,Teens (13-17)
s7132,Tokyo Idols,Movie,United Kingdom,2017,2017,TV-14,Teens (13-17)
s7132,Tokyo Idols,Movie,Canada,2017,2017,TV-14,Teens (13-17)
s7132,Tokyo Idols,Movie,Japan,2017,2017,TV-14,Teens (13-17)
s7133,Tokyo Trial,TV Show,Canada,2017,2016,TV-MA,Adult (18+)
s7133,Tokyo Trial,TV Show,Japan,2017,2016,TV-MA,Adult (18+)
s7133,Tokyo Trial,TV Show,Netherlands,2017,2016,TV-MA,Adult (18+)
s7134,Toll Booth,Movie,Turkey,2010,2020,TV-MA,Adult (18+)
s7135,Tom and Jerry: The Magic Ring,Movie,Unknown Country,2001,2019,TV-Y7,Kids & Family
s7136,Tom Papa Live in New York City,Movie,United States,2011,2018,TV-14,Teens (13-17)
s7137,Tom Papa: You're Doing Great!,Movie,United States,2020,2020,TV-14,Teens (13-17)
s7138,Tom Segura: Ball Hog,Movie,United States,2020,2020,TV-MA,Adult (18+)
s7139,Tom Segura: Completely Normal,Movie,United States,2014,2017,TV-MA,Adult (18+)
s7140,Tom Segura: Disgraceful,Movie,United States,2018,2018,TV-MA,Adult (18+)
s7141,Tom Segura: Mostly Stories,Movie,United States,2016,2016,TV-MA,Adult (18+)
s7142,"Tomasz Jachimek, Jacek Stramik Laugh at Live",Movie,Unknown Country,2016,2016,TV-MA,Adult (18+)
s7143,Tomorrow Never Dies,Movie,United Kingdom,1997,2019,PG-13,Teens (13-17)
s7143,Tomorrow Never Dies,Movie,United States,1997,2019,PG-13,Teens (13-17)
s7144,Tomorrow with You,TV Show,South Korea,2017,2019,TV-14,Teens (13-17)
s7145,Tong: Memories,TV Show,South Korea,2016,2017,TV-MA,Adult (18+)
s7146,Tony Parker: The Final Shot,Movie,France,2020,2021,TV-14,Teens (13-17)
s7147,Tony Robbins: I Am Not Your Guru,Movie,United States,2016,2016,TV-MA,Adult (18+)
s7148,Too Handsome to Handle,Movie,Indonesia,2019,2020,TV-14,Teens (13-17)
s7149,Too Hot to Handle,TV Show,United States,2020,2020,TV-MA,Adult (18+)
s7150,Too Young the Hero,Movie,United States,1988,2011,TV-MA,Adult (18+)
s7151,Toon,TV Show,Netherlands,2017,2019,TV-MA,Adult (18+)
s7152,Tootsies & The Fake,Movie,Thailand,2019,2020,TV-MA,Adult (18+)
s7153,Top 10 Secrets and Mysteries,TV Show,United Kingdom,2018,2019,TV-14,Teens (13-17)
s7153,Top 10 Secrets and Mysteries,TV Show,United States,2018,2019,TV-14,Teens (13-17)
s7153,Top 10 Secrets and Mysteries,TV Show,Czech Republic,2018,2019,TV-14,Teens (13-17)
s7154,Top Boy,TV Show,Unknown Country,2019,2019,TV-MA,Adult (18+)
s7155,Top Grier,TV Show,United States,2018,2018,TV-MA,Adult (18+)
s7156,Tope: The Bait,Movie,India,2016,2018,TV-14,Teens (13-17)
s7157,Toradora!,TV Show,Japan,2008,2020,TV-14,Teens (13-17)
s7158,Torbaaz,Movie,India,2020,2020,TV-MA,Adult (18+)
s7159,Toro,Movie,Spain,2016,2017,TV-MA,Adult (18+)
s7160,Tortilla Soup,Movie,United States,2001,2020,PG-13,Teens (13-17)
s7161,Total Drama,TV Show,Canada,2015,2018,TV-PG,Kids & Family
s7161,Total Drama,TV Show,United States,2015,2018,TV-PG,Kids & Family
s7161,Total Drama,TV Show,France,2015,2018,TV-PG,Kids & Family
s7162,Total Frat Movie,Movie,United States,2016,2016,NR,Not Rated (NR)
s7163,Total Recall,Movie,United States,1990,2020,R,Adult (18+)
s7163,Total Recall,Movie,Mexico,1990,2020,R,Adult (18+)
s7164,Tottaa Pataaka Item Maal,Movie,India,2018,2019,TV-MA,Adult (18+)
s7165,Towies,TV Show,Unknown Country,2016,2017,TV-MA,Adult (18+)
s7166,Toy Boy,TV Show,Spain,2019,2020,TV-MA,Adult (18+)
s7167,Tracers,Movie,United States,2015,2019,PG-13,Teens (13-17)
s7168,Tracy Morgan: Staying Alive,Movie,United States,2017,2017,TV-MA,Adult (18+)
s7169,Traffic Signal,Movie,India,2007,2019,TV-MA,Adult (18+)
s7170,Trailer Park Boys,TV Show,Canada,2018,2018,TV-MA,Adult (18+)
s7171,Trailer Park Boys Live at the North Pole,Movie,Canada,2014,2018,TV-MA,Adult (18+)
s7172,Trailer Park Boys Live In F**kin' Dublin,Movie,Canada,2014,2018,TV-MA,Adult (18+)
s7173,Trailer Park Boys: Countdown to Liquor Day,Movie,Canada,2009,2018,R,Adult (18+)
s7174,"Trailer Park Boys: Drunk, High and Unemployed: Live in Austin",Movie,Canada,2015,2015,TV-MA,Adult (18+)
s7175,Trailer Park Boys: Out of the Park: Europe,TV Show,Canada,2016,2016,TV-MA,Adult (18+)
s7176,Trailer Park Boys: Out of the Park: USA,TV Show,Unknown Country,2017,2017,TV-MA,Adult (18+)
s7177,Trailer Park Boys: Say Goodnight to the Bad Guys,Movie,Canada,2008,2018,TV-MA,Adult (18+)
s7178,Trailer Park Boys: The Animated Series,TV Show,Canada,2020,2020,TV-MA,Adult (18+)
s7179,Trailer Park Boys: The Movie,Movie,Canada,2006,2018,R,Adult (18+)
s7180,Trailer Park Boys: Xmas Special,Movie,Canada,2004,2018,TV-MA,Adult (18+)
s7181,Train of the Dead,Movie,Thailand,2007,2018,TV-MA,Adult (18+)
s7182,Train to Busan,Movie,South Korea,2016,2017,TV-MA,Adult (18+)
s7183,Trainspotting,Movie,United Kingdom,1996,2019,R,Adult (18+)
s7184,Traitor,Movie,United States,2008,2018,PG-13,Teens (13-17)
s7185,Traitors,TV Show,United Kingdom,2019,2019,TV-MA,Adult (18+)
s7186,Tramps,Movie,United States,2017,2017,TV-MA,Adult (18+)
s7187,Transcendence,Movie,United Kingdom,2014,2018,PG-13,Teens (13-17)
s7187,Transcendence,Movie,China,2014,2018,PG-13,Teens (13-17)
s7187,Transcendence,Movie,United States,2014,2018,PG-13,Teens (13-17)
s7188,Transfers,TV Show,France,2017,2018,TV-MA,Adult (18+)
s7188,Transfers,TV Show,Belgium,2017,2018,TV-MA,Adult (18+)
s7189,Transformer,Movie,Canada,2017,2019,TV-MA,Adult (18+)
s7190,Transformers Prime,TV Show,United States,2013,2018,TV-Y7,Kids & Family
s7191,Transformers Rescue Bots Academy,TV Show,United States,2020,2020,TV-Y,Kids & Family
s7192,Transformers: Cyberverse,TV Show,Unknown Country,2020,2020,TV-Y7,Kids & Family
s7193,Transformers: Rescue Bots,TV Show,Canada,2016,2018,TV-Y7,Kids & Family
s7193,Transformers: Rescue Bots,TV Show,United States,2016,2018,TV-Y7,Kids & Family
s7194,Transformers: Robots in Disguise,TV Show,United States,2016,2018,TV-Y7,Kids & Family
s7195,Transformers: War For Cybertron Trilogy,TV Show,United States,2020,2020,TV-14,Teens (13-17)
s7196,Transformers: War for Cybertron: Earthrise,TV Show,Unknown Country,2020,2020,TV-Y7,Kids & Family
s7197,Trash,Movie,United Kingdom,2014,2019,R,Adult (18+)
s7197,Trash,Movie,Brazil,2014,2019,R,Adult (18+)
s7197,Trash,Movie,Germany,2014,2019,R,Adult (18+)
s7198,Trash Fire,Movie,United States,2016,2017,R,Adult (18+)
s7199,Trash Truck,TV Show,Unknown Country,2020,2020,TV-Y,Kids & Family
s7200,Travel Mates 2,Movie,Turkey,2018,2019,TV-MA,Adult (18+)
s7201,Travelers,TV Show,Canada,2018,2018,TV-MA,Adult (18+)
s7201,Travelers,TV Show,United States,2018,2018,TV-MA,Adult (18+)
s7202,Travis Scott: Look Mom I Can Fly,Movie,United States,2019,2019,TV-MA,Adult (18+)
s7203,Tread,Movie,United States,2019,2020,TV-MA,Adult (18+)
s7204,Treasures from the Wreck of the Unbelievable,Movie,United Kingdom,2017,2018,TV-G,Kids & Family
s7205,Tree House Tales,TV Show,Unknown Country,2019,2020,TV-Y,Kids & Family
s7206,Tree Man,Movie,Canada,2015,2016,TV-PG,Kids & Family
s7207,Treehouse Detectives,TV Show,South Korea,2018,2018,TV-Y,Kids & Family
s7207,Treehouse Detectives,TV Show,United States,2018,2018,TV-Y,Kids & Family
s7208,Tremors,Movie,United States,1990,2020,PG-13,Teens (13-17)
s7209,Tremors 2: Aftershocks,Movie,Unknown Country,1995,2020,PG-13,Teens (13-17)
s7210,Tremors 3: Back to Perfection,Movie,United States,2001,2020,PG,Kids & Family
s7211,Tremors 4: The Legend Begins,Movie,United States,2004,2020,PG-13,Teens (13-17)
s7212,Tremors 5:  Bloodline,Movie,South Africa,2015,2020,PG-13,Teens (13-17)
s7212,Tremors 5:  Bloodline,Movie,United States,2015,2020,PG-13,Teens (13-17)
s7213,Tremors 6: A Cold Day in Hell,Movie,United States,2018,2018,PG-13,Teens (13-17)
s7213,Tremors 6: A Cold Day in Hell,Movie,South Africa,2018,2018,PG-13,Teens (13-17)
s7214,Tremors: Shrieker Island,Movie,United States,2020,2020,PG-13,Teens (13-17)
s7215,Trespass Against Us,Movie,United Kingdom,2016,2019,R,Adult (18+)
s7216,Trevor Noah: Afraid of the Dark,Movie,United States,2017,2017,TV-14,Teens (13-17)
s7217,Trevor Noah: Son of Patricia,Movie,United States,2018,2018,TV-MA,Adult (18+)
s7218,Triad Princess,TV Show,Unknown Country,2019,2019,TV-MA,Adult (18+)
s7219,Trial 4,TV Show,United States,2020,2020,TV-MA,Adult (18+)
s7220,Trial By Media,TV Show,United States,2020,2020,TV-MA,Adult (18+)
s7221,Tribhanga - Tedhi Medhi Crazy,Movie,Unknown Country,2021,2021,TV-MA,Adult (18+)
s7222,Trigger Warning with Killer Mike,TV Show,Unknown Country,2019,2019,TV-MA,Adult (18+)
s7223,"Trikal (Past, Present, Future)",Movie,India,1985,2019,TV-14,Teens (13-17)
s7224,Trimurti,Movie,India,1995,2018,TV-PG,Kids & Family
s7225,Trinkets,TV Show,United States,2020,2020,TV-MA,Adult (18+)
s7226,Trio and a Bed,TV Show,Unknown Country,2016,2018,TV-PG,Kids & Family
s7227,Trip to Bhangarh: Asia's Most Haunted Place,Movie,India,2014,2017,TV-MA,Adult (18+)
s7228,Triple 9,Movie,United States,2016,2020,R,Adult (18+)
s7229,Triple Frontier,Movie,United States,2019,2019,R,Adult (18+)
s7230,Triple Threat,Movie,Thailand,2019,2019,R,Adult (18+)
s7230,Triple Threat,Movie,China,2019,2019,R,Adult (18+)
s7230,Triple Threat,Movie,United States,2019,2019,R,Adult (18+)
s7231,Triumph of the Heart,Movie,United States,1991,2011,TV-PG,Kids & Family
s7232,Trixie Mattel: Moving Parts,Movie,United States,2019,2020,TV-MA,Adult (18+)
s7233,Trollhunters,TV Show,United States,2018,2018,TV-Y7,Kids & Family
s7233,Trollhunters,TV Show,Mexico,2018,2018,TV-Y7,Kids & Family
s7234,Trolls Holiday Special,Movie,United States,2017,2017,TV-Y7,Kids & Family
s7235,Trolls: The Beat Goes On!,TV Show,United States,2019,2019,TV-Y7,Kids & Family
s7236,Trophy,Movie,United Kingdom,2017,2018,TV-MA,Adult (18+)
s7236,Trophy,Movie,Namibia,2017,2018,TV-MA,Adult (18+)
s7236,Trophy,Movie,South Africa,2017,2018,TV-MA,Adult (18+)
s7236,Trophy,Movie,Zimbabwe,2017,2018,TV-MA,Adult (18+)
s7236,Trophy,Movie,United States,2017,2018,TV-MA,Adult (18+)
s7237,Trotro,TV Show,France,2004,2020,TV-Y,Kids & Family
s7238,Trotsky,TV Show,Russia,2017,2018,TV-MA,Adult (18+)
s7239,Troy,TV Show,United Kingdom,2018,2018,TV-MA,Adult (18+)
s7239,Troy,TV Show,South Africa,2018,2018,TV-MA,Adult (18+)
s7239,Troy,TV Show,Australia,2018,2018,TV-MA,Adult (18+)
s7239,Troy,TV Show,United States,2018,2018,TV-MA,Adult (18+)
s7240,Troy: The Odyssey,Movie,United States,2017,2018,TV-MA,Adult (18+)
s7241,Truckbhar Swapna,Movie,India,2018,2019,TV-14,Teens (13-17)
s7242,True and the Rainbow Kingdom,TV Show,United States,2019,2019,TV-Y,Kids & Family
s7242,True and the Rainbow Kingdom,TV Show,Canada,2019,2019,TV-Y,Kids & Family
s7243,True Grit,Movie,United States,1969,2020,G,Kids & Family
s7244,True Memoirs of an International Assassin,Movie,United States,2016,2016,TV-14,Teens (13-17)
s7245,True to the Game,Movie,United States,2017,2018,R,Adult (18+)
s7246,True Tunes,TV Show,Unknown Country,2019,2019,TV-Y,Kids & Family
s7247,True: Friendship Day,Movie,Canada,2020,2020,TV-Y,Kids & Family
s7248,True: Grabbleapple Harvest,Movie,Canada,2019,2019,TV-Y,Kids & Family
s7249,True: Happy Hearts Day,Movie,United States,2019,2019,TV-Y,Kids & Family
s7249,True: Happy Hearts Day,Movie,Canada,2019,2019,TV-Y,Kids & Family
s7250,True: Magical Friends,TV Show,Unknown Country,2018,2018,TV-Y,Kids & Family
s7251,True: Rainbow Rescue,Movie,Canada,2020,2020,TV-Y,Kids & Family
s7252,True: Terrific Tales,TV Show,Canada,2020,2020,TV-Y,Kids & Family
s7253,True: Tricky Treat Day,Movie,Canada,2019,2019,TV-Y,Kids & Family
s7254,True: Winter Wishes,Movie,Unknown Country,2019,2019,TV-Y,Kids & Family
s7255,True: Wonderful Wishes,TV Show,Unknown Country,2018,2018,TV-Y,Kids & Family
s7256,True: Wuzzle Wegg Day,Movie,Canada,2020,2020,TV-Y,Kids & Family
s7257,Trumbo,Movie,United States,2015,2020,R,Adult (18+)
s7258,Trump: An American Dream,TV Show,United Kingdom,2018,2018,TV-14,Teens (13-17)
s7259,Truth or Dare,Movie,United States,2017,2018,TV-MA,Adult (18+)
s7260,Tu Hai Mera Sunday,Movie,India,2016,2018,TV-14,Teens (13-17)
s7261,Tuca & Bertie,TV Show,United States,2019,2019,TV-MA,Adult (18+)
s7262,Tucker and Dale vs. Evil,Movie,Canada,2010,2019,R,Adult (18+)
s7262,Tucker and Dale vs. Evil,Movie,United States,2010,2019,R,Adult (18+)
s7262,Tucker and Dale vs. Evil,Movie,India,2010,2019,R,Adult (18+)
s7262,Tucker and Dale vs. Evil,Movie,United Kingdom,2010,2019,R,Adult (18+)
s7263,Tukaram,Movie,India,2012,2018,TV-PG,Kids & Family
s7264,Tum Milo Toh Sahi,Movie,India,2010,2018,TV-14,Teens (13-17)
s7265,Tumi or not Tumi,Movie,Unknown Country,2020,2020,TV-MA,Adult (18+)
s7266,TUNA GIRL,Movie,Japan,2019,2019,TV-PG,Kids & Family
s7267,Tundukkan Playboy Itu,TV Show,Unknown Country,2016,2018,TV-PG,Kids & Family
s7268,Tune in for Love,Movie,South Korea,2019,2019,TV-MA,Adult (18+)
s7269,Tunisian Victory,Movie,United States,1944,2017,TV-14,Teens (13-17)
s7269,Tunisian Victory,Movie,United Kingdom,1944,2017,TV-14,Teens (13-17)
s7270,Tunnel,TV Show,Unknown Country,2019,2019,TV-14,Teens (13-17)
s7271,Turbo,Movie,United States,2013,2019,PG,Kids & Family
s7272,Turbo FAST,TV Show,United States,2016,2016,TV-Y7,Kids & Family
s7273,Turkish Dance School,Movie,Turkey,2017,2020,TV-MA,Adult (18+)
s7274,Turn Up Charlie,TV Show,United Kingdom,2019,2019,TV-MA,Adult (18+)
s7275,TURN: Washington's Spies,TV Show,United States,2017,2017,TV-14,Teens (13-17)
s7276,Tusk,Movie,United States,2014,2018,R,Adult (18+)
s7277,Twelve Forever,TV Show,United States,2019,2019,TV-PG,Kids & Family
s7278,Twice,Movie,Japan,2010,2017,TV-14,Teens (13-17)
s7278,Twice,Movie,United States,2010,2017,TV-14,Teens (13-17)
s7279,Twice Upon A Time,TV Show,France,2019,2019,TV-MA,Adult (18+)
s7280,Twin Murders: the Silence of the White City,Movie,Spain,2020,2020,TV-MA,Adult (18+)
s7281,Twin Peaks,TV Show,United States,1990,2017,TV-14,Teens (13-17)
s7282,Twins Mission,Movie,Hong Kong,2007,2019,TV-MA,Adult (18+)
s7282,Twins Mission,Movie,China,2007,2019,TV-MA,Adult (18+)
s7283,Twinsanity,Movie,United States,2018,2019,TV-MA,Adult (18+)
s7284,Twirlywoos,TV Show,United Kingdom,2018,2020,TV-Y,Kids & Family
s7285,"Twisted Trunk, Big Fat Body",Movie,India,2015,2017,TV-14,Teens (13-17)
s7286,Two Catalonias,Movie,Spain,2018,2018,TV-MA,Adult (18+)
s7287,Two Fathers,TV Show,Taiwan,2013,2016,TV-14,Teens (13-17)
s7288,Two Graves,Movie,United Kingdom,2018,2019,TV-MA,Adult (18+)
s7289,Two Lovers and a Bear,Movie,Canada,2016,2017,R,Adult (18+)
s7290,Two Sentence Horror Stories,TV Show,United States,2019,2019,TV-14,Teens (13-17)
s7291,Twogether,TV Show,South Korea,2020,2020,TV-G,Kids & Family
s7292,Tyke Elephant Outlaw,Movie,Australia,2015,2015,TV-14,Teens (13-17)
s7293,Typewriter,TV Show,India,2019,2019,TV-MA,Adult (18+)
s7294,Tyson,Movie,United States,2008,2019,R,Adult (18+)
s7294,Tyson,Movie,France,2008,2019,R,Adult (18+)
s7295,U Turn,Movie,India,2016,2019,TV-14,Teens (13-17)
s7296,U-Turn,Movie,Philippines,2020,2020,TV-MA,Adult (18+)
s7297,Udaan,Movie,India,2010,2018,TV-MA,Adult (18+)
s7298,Udta Punjab,Movie,India,2016,2017,TV-MA,Adult (18+)
s7299,Ugly,Movie,India,2013,2017,NR,Not Rated (NR)
s7300,Ugly Aur Pagli,Movie,India,2008,2019,TV-14,Teens (13-17)
s7301,Ugly Delicious,TV Show,United States,2020,2020,TV-MA,Adult (18+)
s7302,Ugly Duckling,TV Show,Thailand,2015,2019,TV-14,Teens (13-17)
s7303,Ujala,Movie,India,1959,2017,TV-14,Teens (13-17)
s7304,Ultimate Beastmaster,TV Show,United States,2018,2018,TV-PG,Kids & Family
s7304,Ultimate Beastmaster,TV Show,Brazil,2018,2018,TV-PG,Kids & Family
s7304,Ultimate Beastmaster,TV Show,South Korea,2018,2018,TV-PG,Kids & Family
s7304,Ultimate Beastmaster,TV Show,Mexico,2018,2018,TV-PG,Kids & Family
s7304,Ultimate Beastmaster,TV Show,Japan,2018,2018,TV-PG,Kids & Family
s7304,Ultimate Beastmaster,TV Show,Germany,2018,2018,TV-PG,Kids & Family
s7305,Ultimate Beastmaster México,TV Show,Unknown Country,2018,2018,TV-PG,Kids & Family
s7306,Ultraman,TV Show,United States,2019,2019,TV-14,Teens (13-17)
s7306,Ultraman,TV Show,Japan,2019,2019,TV-14,Teens (13-17)
s7307,Ultramarine Magmell,TV Show,Japan,2019,2019,TV-14,Teens (13-17)
s7308,Ultras,Movie,Italy,2020,2020,TV-MA,Adult (18+)
s7309,Ultraviolet,TV Show,Poland,2019,2019,TV-MA,Adult (18+)
s7310,Uma Maheswara Ugra Roopasya,Movie,India,2020,2020,TV-MA,Adult (18+)
s7311,Umrika,Movie,India,2015,2016,TV-MA,Adult (18+)
s7312,Un plus une,Movie,France,2015,2017,TV-MA,Adult (18+)
s7313,Una,Movie,United Kingdom,2016,2018,R,Adult (18+)
s7313,Una,Movie,Canada,2016,2018,R,Adult (18+)
s7313,Una,Movie,United States,2016,2018,R,Adult (18+)
s7314,Unabomber - In His Own Words,TV Show,Canada,2018,2020,TV-MA,Adult (18+)
s7315,Unaccompanied Minors,Movie,United States,2006,2019,PG,Kids & Family
s7316,Unacknowledged,Movie,United States,2017,2017,TV-MA,Adult (18+)
s7317,Unauthorized Living,TV Show,Spain,2020,2020,TV-MA,Adult (18+)
s7318,Unbelievable,TV Show,United States,2019,2019,TV-MA,Adult (18+)
s7319,Unbreakable Kimmy Schmidt,TV Show,United States,2019,2018,TV-14,Teens (13-17)
s7320,Unbreakable Kimmy Schmidt: Kimmy vs. the Reverend,Movie,United States,2020,2020,TV-14,Teens (13-17)
s7321,Unbridled,Movie,Spain,2018,2019,TV-MA,Adult (18+)
s7322,Unbroken,Movie,India,2019,2019,TV-14,Teens (13-17)
s7323,Uncertain Glory,Movie,Spain,2017,2017,TV-MA,Adult (18+)
s7324,Unchained Fate,TV Show,Unknown Country,2016,2019,TV-14,Teens (13-17)
s7325,Unchained: The Untold Story of Freestyle Motocross,Movie,United States,2016,2016,TV-MA,Adult (18+)
s7326,Uncle Naji in UAE,Movie,United Arab Emirates,2019,2019,TV-14,Teens (13-17)
s7327,Uncorked,Movie,United States,2020,2020,TV-MA,Adult (18+)
s7328,Uncovered,Movie,South Africa,2019,2020,TV-MA,Adult (18+)
s7329,Uncut Gems,Movie,United States,2019,2020,R,Adult (18+)
s7330,Undefeated,Movie,United States,2011,2017,PG-13,Teens (13-17)
s7331,Under an Arctic Sky,Movie,United States,2017,2017,TV-14,Teens (13-17)
s7332,Under Arrest,TV Show,United States,2016,2018,TV-MA,Adult (18+)
s7333,Under the Black Moonlight,TV Show,South Korea,2016,2017,TV-14,Teens (13-17)
s7334,Under the Bombs,Movie,France,2007,2020,TV-MA,Adult (18+)
s7334,Under the Bombs,Movie,Lebanon,2007,2020,TV-MA,Adult (18+)
s7334,Under the Bombs,Movie,United Kingdom,2007,2020,TV-MA,Adult (18+)
s7335,Under the Eiffel Tower,Movie,United States,2018,2019,TV-MA,Adult (18+)
s7336,Under the Riccione Sun,Movie,Italy,2020,2020,TV-MA,Adult (18+)
s7337,Under the Shadow,Movie,United Kingdom,2016,2017,PG-13,Teens (13-17)
s7337,Under the Shadow,Movie,Jordan,2016,2017,PG-13,Teens (13-17)
s7337,Under the Shadow,Movie,Qatar,2016,2017,PG-13,Teens (13-17)
s7337,Under the Shadow,Movie,Iran,2016,2017,PG-13,Teens (13-17)
s7338,Under The Skin,Movie,Switzerland,2013,2018,R,Adult (18+)
s7338,Under The Skin,Movie,United Kingdom,2013,2018,R,Adult (18+)
s7338,Under The Skin,Movie,United States,2013,2018,R,Adult (18+)
s7339,Undercover,TV Show,Belgium,2020,2020,TV-MA,Adult (18+)
s7339,Undercover,TV Show,Netherlands,2020,2020,TV-MA,Adult (18+)
s7340,Undercover Brother 2,Movie,United States,2019,2019,R,Adult (18+)
s7341,Undercover Grandpa,Movie,Canada,2016,2017,PG-13,Teens (13-17)
s7342,Undercover Law,TV Show,Colombia,2017,2018,TV-MA,Adult (18+)
s7343,Undercover: How to Operate Behind Enemy Lines,Movie,United States,1943,2017,TV-PG,Kids & Family
s7344,Underdogs,Movie,Argentina,2013,2020,PG,Kids & Family
s7344,Underdogs,Movie,Spain,2013,2020,PG,Kids & Family
s7345,Unexpectedly Yours,Movie,Philippines,2017,2020,TV-14,Teens (13-17)
s7346,Unfinished Song,Movie,United Kingdom,2012,2019,PG-13,Teens (13-17)
s7346,Unfinished Song,Movie,Germany,2012,2019,PG-13,Teens (13-17)
s7347,Unfriended,Movie,United States,2014,2020,R,Adult (18+)
s7347,Unfriended,Movie,Russia,2014,2020,R,Adult (18+)
s7348,Ungli,Movie,India,2014,2020,TV-14,Teens (13-17)
s7349,Unicorn Store,Movie,United States,2019,2019,TV-14,Teens (13-17)
s7350,Union Leader,Movie,Canada,2017,2019,TV-14,Teens (13-17)
s7350,Union Leader,Movie,India,2017,2019,TV-14,Teens (13-17)
s7351,Unit 42,TV Show,Belgium,2017,2019,TV-MA,Adult (18+)
s7352,Unknown,Movie,United Kingdom,2011,2021,PG-13,Teens (13-17)
s7352,Unknown,Movie,Germany,2011,2021,PG-13,Teens (13-17)
s7352,Unknown,Movie,France,2011,2021,PG-13,Teens (13-17)
s7352,Unknown,Movie,United States,2011,2021,PG-13,Teens (13-17)
s7353,Unknown Origins,Movie,Spain,2020,2020,TV-MA,Adult (18+)
s7354,Unlucky Ploy,TV Show,Unknown Country,2020,2020,TV-MA,Adult (18+)
s7355,Unnatural Selection,TV Show,United States,2019,2019,TV-MA,Adult (18+)
s7356,Unorthodox,TV Show,Germany,2020,2020,TV-MA,Adult (18+)
s7357,Unrequited Love,TV Show,China,2019,2019,TV-14,Teens (13-17)
s7358,Unrest,Movie,United Kingdom,2017,2018,TV-14,Teens (13-17)
s7358,Unrest,Movie,United States,2017,2018,TV-14,Teens (13-17)
s7359,Unriddle,TV Show,Singapore,2012,2017,TV-14,Teens (13-17)
s7360,Unruly Friends,Movie,Egypt,2011,2019,TV-14,Teens (13-17)
s7361,Unsolved,TV Show,United States,2018,2019,TV-MA,Adult (18+)
s7362,Unsolved Mysteries,TV Show,Unknown Country,2020,2020,TV-MA,Adult (18+)
s7363,Unspeakable Acts,Movie,United States,1990,2011,TV-14,Teens (13-17)
s7364,Unstoppable,TV Show,Mexico,2020,2020,TV-MA,Adult (18+)
s7365,Untamed Romania,Movie,Romania,2018,2020,TV-PG,Kids & Family
s7365,Untamed Romania,Movie,United Kingdom,2018,2020,TV-PG,Kids & Family
s7366,Until Dawn,TV Show,France,2020,2020,TV-MA,Adult (18+)
s7367,Up Among  The Stars,Movie,Spain,2018,2019,TV-MA,Adult (18+)
s7368,Up in the Air,Movie,United States,2009,2020,R,Adult (18+)
s7369,Up North,Movie,Nigeria,2018,2019,TV-14,Teens (13-17)
s7370,Upin & Ipin,TV Show,Malaysia,2011,2019,TV-Y,Kids & Family
s7371,Uppity: The Willy T. Ribbs Story,Movie,United States,2020,2020,TV-MA,Adult (18+)
s7372,Upstarts,Movie,India,2019,2019,TV-14,Teens (13-17)
s7373,Uriyadi 2,Movie,India,2019,2019,TV-14,Teens (13-17)
s7374,Urvi,Movie,India,2017,2018,TV-MA,Adult (18+)
s7375,Urzila Carlson: Overqualified Loser,Movie,Australia,2020,2020,TV-MA,Adult (18+)
s7376,Us and Them,Movie,China,2018,2018,TV-MA,Adult (18+)
s7377,Used Goods,Movie,Egypt,2018,2019,TV-14,Teens (13-17)
s7378,USS Indianapolis: Men of Courage,Movie,United States,2016,2019,R,Adult (18+)
s7379,Uyare,Movie,India,2019,2019,TV-14,Teens (13-17)
s7380,V for Vendetta,Movie,United States,2005,2018,R,Adult (18+)
s7380,V for Vendetta,Movie,United Kingdom,2005,2018,R,Adult (18+)
s7380,V for Vendetta,Movie,Germany,2005,2018,R,Adult (18+)
s7381,V Wars,TV Show,United States,2019,2019,TV-MA,Adult (18+)
s7382,V.R. Troopers,TV Show,United States,1995,2016,TV-G,Kids & Family
s7383,Vagabond,TV Show,South Korea,2019,2019,TV-MA,Adult (18+)
s7384,Vai Anitta,TV Show,Brazil,2018,2018,TV-MA,Adult (18+)
s7385,Valentino,TV Show,Egypt,2020,2020,TV-14,Teens (13-17)
s7386,Valeria,TV Show,Spain,2020,2020,TV-MA,Adult (18+)
s7387,Valor,TV Show,United States,2018,2018,TV-14,Teens (13-17)
s7388,Vampire Knight,TV Show,Japan,2008,2016,TV-14,Teens (13-17)
s7389,Vampires,TV Show,France,2020,2020,TV-MA,Adult (18+)
s7390,Vampires vs. the Bronx,Movie,United States,2020,2020,PG-13,Teens (13-17)
s7391,Van Helsing,TV Show,United States,2019,2020,TV-MA,Adult (18+)
s7392,Vanjagar Ulagam,Movie,India,2018,2018,TV-MA,Adult (18+)
s7393,Vantage Point,Movie,United States,2008,2019,PG-13,Teens (13-17)
s7394,Varane Avashyamund,Movie,India,2020,2020,TV-14,Teens (13-17)
s7395,Vaya,Movie,South Africa,2016,2018,TV-MA,Adult (18+)
s7396,Veerappan,Movie,India,2016,2017,TV-14,Teens (13-17)
s7397,Veerey Ki Wedding,Movie,India,2018,2019,TV-14,Teens (13-17)
s7398,Vegas Baby,Movie,United States,2016,2017,TV-14,Teens (13-17)
s7399,VeggieTales in the City,TV Show,United States,2017,2017,TV-Y,Kids & Family
s7400,VeggieTales in the House,TV Show,United States,2016,2016,TV-Y,Kids & Family
s7401,Velvet,TV Show,Spain,2016,2020,TV-14,Teens (13-17)
s7402,Velvet Buzzsaw,Movie,United States,2019,2019,R,Adult (18+)
s7403,Velvet Colección,TV Show,Spain,2018,2019,TV-14,Teens (13-17)
s7404,Velvet Colección: Grand Finale,Movie,Unknown Country,2020,2020,TV-14,Teens (13-17)
s7405,Verónica,Movie,Mexico,2017,2017,TV-MA,Adult (18+)
s7406,Veronica,Movie,Spain,2017,2018,TV-MA,Adult (18+)
s7407,Versailles,TV Show,France,2018,2019,TV-MA,Adult (18+)
s7407,Versailles,TV Show,Canada,2018,2019,TV-MA,Adult (18+)
s7408,Verses of Love,Movie,Indonesia,2008,2019,TV-PG,Kids & Family
s7409,Verses of Love 2,Movie,Indonesia,2017,2019,TV-14,Teens (13-17)
s7410,Very Big Shot,Movie,Lebanon,2015,2017,TV-MA,Adult (18+)
s7410,Very Big Shot,Movie,Qatar,2015,2017,TV-MA,Adult (18+)
s7411,Vettai,Movie,India,2012,2018,TV-14,Teens (13-17)
s7412,Vexed,TV Show,United Kingdom,2012,2017,TV-MA,Adult (18+)
s7413,Viceroy's House,Movie,United Kingdom,2017,2017,NR,Not Rated (NR)
s7413,Viceroy's House,Movie,India,2017,2017,NR,Not Rated (NR)
s7413,Viceroy's House,Movie,Sweden,2017,2017,NR,Not Rated (NR)
s7414,Victim Number 8,TV Show,Spain,2018,2019,TV-MA,Adult (18+)
s7415,Victim of Beauty,Movie,United States,1991,2011,TV-14,Teens (13-17)
s7416,Victor,Movie,United States,2015,2017,PG-13,Teens (13-17)
s7417,Victorious,TV Show,United States,2013,2019,TV-G,Kids & Family
s7418,Vientos de agua,TV Show,Argentina,2006,2019,TV-MA,Adult (18+)
s7418,Vientos de agua,TV Show,Spain,2006,2019,TV-MA,Adult (18+)
s7419,Viking Destiny,Movie,United Kingdom,2018,2019,R,Adult (18+)
s7419,Viking Destiny,Movie,Belgium,2018,2019,R,Adult (18+)
s7420,Vikings Unearthed,Movie,United States,2016,2017,TV-PG,Kids & Family
s7421,Villain,Movie,United Kingdom,2020,2020,R,Adult (18+)
s7422,Vince and Kath and James,Movie,Philippines,2016,2019,TV-PG,Kids & Family
s7423,Vincent N Roxxy,Movie,United States,2016,2017,R,Adult (18+)
s7424,Violet Evergarden,TV Show,Japan,2018,2019,TV-14,Teens (13-17)
s7425,Violet Evergarden: Eternity and the Auto Memory Doll,Movie,Japan,2019,2020,TV-PG,Kids & Family
s7426,Violet Evergarden: Special,TV Show,Unknown Country,2018,2018,TV-PG,Kids & Family
s7427,Vir Das: Abroad Understanding,Movie,United States,2017,2017,TV-MA,Adult (18+)
s7428,Vir Das: For India,Movie,India,2020,2020,TV-MA,Adult (18+)
s7429,Vir Das: Losing It,Movie,United States,2018,2018,TV-MA,Adult (18+)
s7430,Vir Das: Outside In - The Lockdown Special,Movie,India,2020,2020,TV-MA,Adult (18+)
s7431,ViR: The Robot Boy,TV Show,Unknown Country,2013,2018,TV-Y7,Kids & Family
s7432,Virgin River,TV Show,United States,2020,2020,TV-14,Teens (13-17)
s7433,Virsa,Movie,India,2010,2019,TV-14,Teens (13-17)
s7433,Virsa,Movie,Pakistan,2010,2019,TV-14,Teens (13-17)
s7434,Virunga,Movie,United Kingdom,2014,2014,TV-MA,Adult (18+)
s7435,Virunga: Gorillas in Peril,Movie,United States,2015,2015,TV-14,Teens (13-17)
s7436,Viswasapoorvam Mansoor,Movie,India,2017,2018,TV-14,Teens (13-17)
s7437,Vitti Dandu,Movie,India,2014,2017,TV-14,Teens (13-17)
s7438,Vivah,Movie,India,2006,2020,TV-14,Teens (13-17)
s7439,Vizontele,Movie,Turkey,2001,2017,NR,Not Rated (NR)
s7440,Vizontele Tuuba,Movie,Turkey,2004,2017,NR,Not Rated (NR)
s7441,Vodka Diaries,Movie,India,2018,2019,TV-14,Teens (13-17)
s7442,Voice,TV Show,South Korea,2018,2020,TV-14,Teens (13-17)
s7443,Voices of Fire,TV Show,United States,2020,2020,TV-PG,Kids & Family
s7444,Voltron: Legendary Defender,TV Show,United States,2018,2018,TV-Y7,Kids & Family
s7445,Voulez-vous rire avec moi ce soir?,Movie,France,2018,2020,TV-MA,Adult (18+)
s7446,Voyeur,Movie,United States,2017,2017,TV-MA,Adult (18+)
s7447,Vroomiz,TV Show,South Korea,2016,2017,TV-Y,Kids & Family
s7448,VS.,Movie,United Kingdom,2018,2019,TV-MA,Adult (18+)
s7449,W. Kamau Bell: Private School Negro,Movie,United States,2018,2018,TV-MA,Adult (18+)
s7450,W.E.,Movie,United Kingdom,2011,2020,R,Adult (18+)
s7451,W/ Bob & David,TV Show,United States,2015,2015,TV-MA,Adult (18+)
s7452,W/O Ram,Movie,India,2018,2018,TV-MA,Adult (18+)
s7453,W1A,TV Show,United Kingdom,2017,2017,TV-MA,Adult (18+)
s7454,Waar,Movie,Pakistan,2013,2017,TV-MA,Adult (18+)
s7455,Waarrior Savitri,Movie,India,2016,2017,TV-14,Teens (13-17)
s7456,Wadi,TV Show,Unknown Country,2015,2017,TV-14,Teens (13-17)
s7457,Wadjda,Movie,Saudi Arabia,2012,2020,PG,Kids & Family
s7457,Wadjda,Movie,Netherlands,2012,2020,PG,Kids & Family
s7457,Wadjda,Movie,Germany,2012,2020,PG,Kids & Family
s7457,Wadjda,Movie,Jordan,2012,2020,PG,Kids & Family
s7457,Wadjda,Movie,United Arab Emirates,2012,2020,PG,Kids & Family
s7457,Wadjda,Movie,United States,2012,2020,PG,Kids & Family
s7458,"Wait, My Youth",TV Show,China,2019,2019,TV-PG,Kids & Family
s7459,Waiting,Movie,India,2015,2018,TV-MA,Adult (18+)
s7460,"Waiting for ""Superman""",Movie,United States,2010,2020,PG,Kids & Family
s7461,Waiting...,Movie,United States,2005,2020,R,Adult (18+)
s7462,Wake Up,TV Show,Unknown Country,2017,2018,TV-14,Teens (13-17)
s7463,Wake Up Sid,Movie,India,2009,2018,TV-14,Teens (13-17)
s7464,Wakefield,Movie,United States,2016,2019,R,Adult (18+)
s7465,Wakfu,TV Show,France,2017,2018,TV-PG,Kids & Family
s7466,Wakfu: The Quest for the Six Eliatrope Dofus,TV Show,Unknown Country,2014,2015,TV-PG,Kids & Family
s7467,Walk Away from Love,Movie,United States,2017,2020,TV-14,Teens (13-17)
s7468,Walk with Me,Movie,United Kingdom,2017,2017,TV-PG,Kids & Family
s7469,Walk. Ride. Rodeo.,Movie,United States,2019,2019,TV-PG,Kids & Family
s7470,Walking Out,Movie,United States,2017,2019,PG-13,Teens (13-17)
s7471,Walt Disney Animation Studios Short Films Collection,Movie,United States,2015,2015,TV-Y,Kids & Family
s7472,Wanda Sykes: Not Normal,Movie,United States,2019,2019,TV-MA,Adult (18+)
s7473,Wandering Stars,Movie,France,2019,2019,TV-MA,Adult (18+)
s7474,Wanderlust,TV Show,United Kingdom,2018,2018,TV-MA,Adult (18+)
s7475,Wanted,TV Show,Australia,2018,2018,TV-14,Teens (13-17)
s7476,War,Movie,United States,2007,2019,R,Adult (18+)
s7476,War,Movie,Canada,2007,2019,R,Adult (18+)
s7477,War Against Women,Movie,United States,2013,2019,TV-MA,Adult (18+)
s7477,War Against Women,Movie,Spain,2013,2019,TV-MA,Adult (18+)
s7478,War Chhod Na Yaar,Movie,India,2013,2019,TV-14,Teens (13-17)
s7479,War Horse,Movie,United States,2011,2019,PG-13,Teens (13-17)
s7479,War Horse,Movie,India,2011,2019,PG-13,Teens (13-17)
s7480,War Machine,Movie,United States,2017,2017,TV-MA,Adult (18+)
s7481,War on Everyone,Movie,United Kingdom,2016,2019,R,Adult (18+)
s7482,Warda,Movie,Egypt,2014,2019,TV-14,Teens (13-17)
s7483,Warehoused,Movie,Mexico,2015,2017,TV-14,Teens (13-17)
s7484,Warrior,TV Show,Denmark,2018,2018,TV-MA,Adult (18+)
s7485,Warrior Nun,TV Show,United States,2020,2020,TV-MA,Adult (18+)
s7486,Wartime Portraits,TV Show,Poland,2014,2016,TV-MA,Adult (18+)
s7487,Was It Love?,TV Show,South Korea,2020,2020,TV-14,Teens (13-17)
s7488,Wasp Network,Movie,France,2020,2020,TV-MA,Adult (18+)
s7488,Wasp Network,Movie,Brazil,2020,2020,TV-MA,Adult (18+)
s7488,Wasp Network,Movie,Spain,2020,2020,TV-MA,Adult (18+)
s7488,Wasp Network,Movie,Belgium,2020,2020,TV-MA,Adult (18+)
s7489,Wassup Man GO!,TV Show,Unknown Country,2020,2020,TV-MA,Adult (18+)
s7490,Watchman,Movie,India,2019,2019,TV-14,Teens (13-17)
s7491,Water & Power: A California Heist,Movie,United States,2017,2018,PG,Kids & Family
s7492,Waterschool,Movie,United States,2018,2018,TV-G,Kids & Family
s7492,Waterschool,Movie,Brazil,2018,2018,TV-G,Kids & Family
s7492,Waterschool,Movie,India,2018,2018,TV-G,Kids & Family
s7492,Waterschool,Movie,Uganda,2018,2018,TV-G,Kids & Family
s7492,Waterschool,Movie,China,2018,2018,TV-G,Kids & Family
s7493,Watership Down,TV Show,United Kingdom,2018,2018,TV-PG,Kids & Family
s7493,Watership Down,TV Show,Ireland,2018,2018,TV-PG,Kids & Family
s7493,Watership Down,TV Show,United States,2018,2018,TV-PG,Kids & Family
s7494,Way Back into Love,TV Show,Taiwan,2011,2018,TV-14,Teens (13-17)
s7495,Wazir,Movie,India,2016,2019,TV-MA,Adult (18+)
s7496,We Are All For The Fatherland,Movie,Lebanon,1979,2020,TV-14,Teens (13-17)
s7496,We Are All For The Fatherland,Movie,Canada,1979,2020,TV-14,Teens (13-17)
s7496,We Are All For The Fatherland,Movie,France,1979,2020,TV-14,Teens (13-17)
s7497,We Are Family,Movie,India,2010,2018,TV-14,Teens (13-17)
s7497,We Are Family,Movie,Australia,2010,2018,TV-14,Teens (13-17)
s7498,We Are Legends,Movie,Hong Kong,2019,2019,TV-14,Teens (13-17)
s7499,We Are One,Movie,France,2020,2020,TV-MA,Adult (18+)
s7500,We Are the Champions,TV Show,United States,2020,2020,TV-MA,Adult (18+)
s7501,We Are the Wave,TV Show,Germany,2019,2019,TV-MA,Adult (18+)
s7502,We Are Young. We Are Strong.,Movie,Germany,2014,2017,TV-MA,Adult (18+)
s7503,We Are Your Friends,Movie,United Kingdom,2015,2020,R,Adult (18+)
s7503,We Are Your Friends,Movie,France,2015,2020,R,Adult (18+)
s7503,We Are Your Friends,Movie,United States,2015,2020,R,Adult (18+)
s7504,We Bare Bears,TV Show,United States,2018,2020,TV-Y,Kids & Family
s7505,We Belong Together,Movie,United States,2018,2019,TV-14,Teens (13-17)
s7506,We Can Be Heroes,Movie,United States,2020,2020,PG,Kids & Family
s7507,We Have Always Lived in the Castle,Movie,United States,2018,2020,TV-14,Teens (13-17)
s7508,We Need to Talk,Movie,Spain,2016,2016,TV-MA,Adult (18+)
s7509,We Speak Dance,TV Show,United States,2018,2020,TV-MA,Adult (18+)
s7510,We Summon the Darkness,Movie,United States,2020,2020,R,Adult (18+)
s7510,We Summon the Darkness,Movie,Canada,2020,2020,R,Adult (18+)
s7510,We Summon the Darkness,Movie,United Kingdom,2020,2020,R,Adult (18+)
s7511,We the Animals,Movie,United States,2018,2019,R,Adult (18+)
s7512,"We, the Marines",Movie,United States,2017,2018,TV-PG,Kids & Family
s7513,We'll Be Right Back After The Break,Movie,Egypt,2012,2020,TV-14,Teens (13-17)
s7514,We're Lalaloopsy,TV Show,United States,2017,2017,TV-Y,Kids & Family
s7515,We're No Animals,Movie,United States,2015,2017,TV-MA,Adult (18+)
s7515,We're No Animals,Movie,Argentina,2015,2017,TV-MA,Adult (18+)
s7516,Weapon of Choice,Movie,Austria,2018,2019,TV-MA,Adult (18+)
s7516,Weapon of Choice,Movie,Iraq,2018,2019,TV-MA,Adult (18+)
s7516,Weapon of Choice,Movie,United States,2018,2019,TV-MA,Adult (18+)
s7517,Weather forecast,Movie,Poland,1983,2019,TV-MA,Adult (18+)
s7518,Wedding Unplanned,Movie,France,2017,2017,TV-MA,Adult (18+)
s7519,Wedy Atkalam,Movie,Kuwait,2018,2020,TV-PG,Kids & Family
s7520,Weed the People,Movie,United States,2018,2019,TV-MA,Adult (18+)
s7521,Weeds,TV Show,United States,2012,2014,TV-MA,Adult (18+)
s7522,Weeds on Fire,Movie,Hong Kong,2016,2018,TV-MA,Adult (18+)
s7523,Weird Wonders of the World,TV Show,United Kingdom,2016,2017,TV-PG,Kids & Family
s7524,Welcome,Movie,India,2007,2020,TV-PG,Kids & Family
s7525,Welcome 2 Karachi,Movie,India,2015,2018,TV-MA,Adult (18+)
s7526,Welcome Mr. President,Movie,Italy,2013,2016,TV-MA,Adult (18+)
s7527,Welcome to Monster High: The Origin Story,Movie,United States,2016,2017,TV-Y7,Kids & Family
s7528,Welcome to New York,Movie,United States,2014,2017,R,Adult (18+)
s7528,Welcome to New York,Movie,France,2014,2017,R,Adult (18+)
s7529,Welcome to Sajjanpur,Movie,India,2008,2018,TV-14,Teens (13-17)
s7530,Welcome to Sudden Death,Movie,United States,2020,2020,R,Adult (18+)
s7531,Welcome to the Family,TV Show,Spain,2018,2018,TV-MA,Adult (18+)
s7532,Welcome to Willits,Movie,United States,2017,2018,TV-MA,Adult (18+)
s7533,Well Done Abba,Movie,India,2009,2020,TV-14,Teens (13-17)
s7534,Well-Intended Love,TV Show,China,2020,2020,TV-14,Teens (13-17)
s7535,Wentworth,TV Show,Australia,2020,2020,TV-MA,Adult (18+)
s7536,West Beirut,Movie,France,1999,2020,TV-MA,Adult (18+)
s7536,West Beirut,Movie,Norway,1999,2020,TV-MA,Adult (18+)
s7536,West Beirut,Movie,Lebanon,1999,2020,TV-MA,Adult (18+)
s7536,West Beirut,Movie,Belgium,1999,2020,TV-MA,Adult (18+)
s7537,West Coast,Movie,France,2016,2016,TV-MA,Adult (18+)
s7538,West Coast Customs,TV Show,United States,2015,2017,TV-G,Kids & Family
s7539,Westerplatte Resists,Movie,Poland,1967,2019,TV-MA,Adult (18+)
s7540,Westside,TV Show,United States,2018,2018,TV-MA,Adult (18+)
s7541,Westside Story,TV Show,Unknown Country,2003,2019,TV-14,Teens (13-17)
s7542,Westside vs. the World,Movie,Unknown Country,2019,2019,TV-MA,Adult (18+)
s7543,Wet Hot American Summer,TV Show,United States,2015,2015,TV-MA,Adult (18+)
s7544,Wet Hot American Summer: Ten Years Later,TV Show,United States,2017,2017,TV-MA,Adult (18+)
s7545,WHAT / IF,TV Show,United States,2019,2019,TV-MA,Adult (18+)
s7546,What a Girl Wants,Movie,United States,2003,2020,PG,Kids & Family
s7546,What a Girl Wants,Movie,United Kingdom,2003,2020,PG,Kids & Family
s7547,What a Wonderful Family!,Movie,China,2017,2018,TV-14,Teens (13-17)
s7548,What Are the Odds?,Movie,India,2020,2020,TV-MA,Adult (18+)
s7549,What Did I Mess,Movie,Lebanon,2018,2020,TV-14,Teens (13-17)
s7550,WHAT DID JACK DO?,Movie,United States,2020,2020,TV-14,Teens (13-17)
s7551,What Happened to Monday,Movie,United Kingdom,2017,2017,TV-MA,Adult (18+)
s7551,What Happened to Monday,Movie,France,2017,2017,TV-MA,Adult (18+)
s7551,What Happened to Monday,Movie,United States,2017,2017,TV-MA,Adult (18+)
s7551,What Happened to Monday,Movie,Belgium,2017,2017,TV-MA,Adult (18+)
s7552,What Happened to Mr. Cha?,Movie,South Korea,2021,2021,TV-MA,Adult (18+)
s7553,"What Happened, Miss Simone?",Movie,United States,2015,2015,TV-14,Teens (13-17)
s7554,What Happens to My Family,TV Show,Turkey,2016,2017,TV-14,Teens (13-17)
s7555,What If?,TV Show,Unknown Country,2019,2019,TV-14,Teens (13-17)
s7556,What in the World Happened?,TV Show,South Korea,2015,2017,TV-14,Teens (13-17)
s7557,What Is Love?,TV Show,Taiwan,2012,2017,TV-14,Teens (13-17)
s7558,What Keeps You Alive,Movie,Canada,2018,2020,R,Adult (18+)
s7559,What Lies Beneath,Movie,United States,2000,2020,PG-13,Teens (13-17)
s7560,What Makes a Psychopath?,Movie,United Kingdom,2017,2019,TV-14,Teens (13-17)
s7561,What She Put on the Table,TV Show,Taiwan,2017,2017,TV-14,Teens (13-17)
s7562,What Still Remains,Movie,United States,2018,2018,TV-14,Teens (13-17)
s7563,What the F* Is Going On?,Movie,Spain,2019,2019,TV-MA,Adult (18+)
s7564,What the Fish,Movie,India,2013,2020,TV-14,Teens (13-17)
s7565,What the Health,Movie,United States,2017,2017,TV-PG,Kids & Family
s7566,What the Jatt!!,Movie,India,2015,2018,TV-PG,Kids & Family
s7567,What the Love! with Karan Johar,TV Show,United States,2020,2020,TV-14,Teens (13-17)
s7568,What We Started,Movie,United States,2017,2018,TV-MA,Adult (18+)
s7569,What We Wanted,Movie,Austria,2020,2020,TV-MA,Adult (18+)
s7570,What Would Sophia Loren Do?,Movie,United States,2021,2021,TV-14,Teens (13-17)
s7571,What's Eating Gilbert Grape,Movie,United States,1993,2021,PG-13,Teens (13-17)
s7572,What's New Scooby-Doo?,TV Show,United States,2005,2019,TV-Y7,Kids & Family
s7573,What's Up With Love?,Movie,Indonesia,2002,2018,R,Adult (18+)
s7574,What's Up?,Movie,Saudi Arabia,2006,2020,TV-PG,Kids & Family
s7574,What's Up?,Movie,United Arab Emirates,2006,2020,TV-PG,Kids & Family
s7575,What's Your Raashee?,Movie,India,2009,2020,TV-PG,Kids & Family
s7576,Wheelman,Movie,United States,2017,2017,TV-MA,Adult (18+)
s7577,Wheels of Fortune,Movie,United States,2020,2020,R,Adult (18+)
s7578,When Angels Sleep,Movie,Spain,2018,2018,TV-MA,Adult (18+)
s7579,When Calls the Heart,TV Show,United States,2017,2018,TV-PG,Kids & Family
s7580,When Hari Got Married,Movie,United Kingdom,2013,2016,NR,Not Rated (NR)
s7580,When Hari Got Married,Movie,India,2013,2016,NR,Not Rated (NR)
s7580,When Hari Got Married,Movie,United States,2013,2016,NR,Not Rated (NR)
s7581,When Heroes Fly,TV Show,Israel,2018,2019,TV-MA,Adult (18+)
s7582,When I See You Again,TV Show,Taiwan,2015,2016,TV-14,Teens (13-17)
s7583,When Love Happens,Movie,Nigeria,2014,2020,TV-14,Teens (13-17)
s7584,When the Camellia Blooms,TV Show,South Korea,2019,2019,TV-14,Teens (13-17)
s7585,When They See Us,TV Show,United States,2019,2019,TV-MA,Adult (18+)
s7586,When Two Worlds Collide,Movie,Peru,2016,2016,TV-14,Teens (13-17)
s7586,When Two Worlds Collide,Movie,United States,2016,2016,TV-14,Teens (13-17)
s7586,When Two Worlds Collide,Movie,United Kingdom,2016,2016,TV-14,Teens (13-17)
s7587,When We First Met,Movie,United States,2018,2018,TV-14,Teens (13-17)
s7588,Where the Money Is,Movie,Germany,2000,2020,PG-13,Teens (13-17)
s7588,Where the Money Is,Movie,United States,2000,2020,PG-13,Teens (13-17)
s7588,Where the Money Is,Movie,United Kingdom,2000,2020,PG-13,Teens (13-17)
s7588,Where the Money Is,Movie,Canada,2000,2020,PG-13,Teens (13-17)
s7589,Where's the Money,Movie,United States,2017,2018,R,Adult (18+)
s7590,While We're Young,Movie,United States,2015,2017,R,Adult (18+)
s7591,Whindersson Nunes: Adult,Movie,Brazil,2019,2019,TV-MA,Adult (18+)
s7592,Whipped,Movie,Indonesia,2020,2020,TV-14,Teens (13-17)
s7593,Whisky,Movie,Uruguay,2004,2020,TV-MA,Adult (18+)
s7593,Whisky,Movie,Argentina,2004,2020,TV-MA,Adult (18+)
s7593,Whisky,Movie,Germany,2004,2020,TV-MA,Adult (18+)
s7593,Whisky,Movie,Spain,2004,2020,TV-MA,Adult (18+)
s7594,Whispers,Movie,Lebanon,1980,2020,TV-14,Teens (13-17)
s7594,Whispers,Movie,Canada,1980,2020,TV-14,Teens (13-17)
s7594,Whispers,Movie,France,1980,2020,TV-14,Teens (13-17)
s7595,White Chamber,Movie,United Kingdom,2018,2019,TV-MA,Adult (18+)
s7596,White Christmas,Movie,United States,1954,2020,TV-G,Kids & Family
s7597,White Fang,Movie,France,2018,2018,TV-PG,Kids & Family
s7597,White Fang,Movie,Luxembourg,2018,2018,TV-PG,Kids & Family
s7597,White Fang,Movie,United States,2018,2018,TV-PG,Kids & Family
s7598,White Girl,Movie,United States,2016,2016,TV-MA,Adult (18+)
s7599,White Gold,TV Show,United Kingdom,2019,2019,TV-MA,Adult (18+)
s7600,White Island,Movie,United Kingdom,2016,2017,TV-MA,Adult (18+)
s7601,White Lines,TV Show,United Kingdom,2020,2020,TV-MA,Adult (18+)
s7601,White Lines,TV Show,Spain,2020,2020,TV-MA,Adult (18+)
s7602,White Nights,TV Show,South Korea,2016,2017,TV-14,Teens (13-17)
s7603,White Rabbit Project,TV Show,United States,2016,2016,TV-14,Teens (13-17)
s7604,Whitney Cummings: Can I Touch It?,Movie,Unknown Country,2019,2019,TV-MA,Adult (18+)
s7605,Whitney Cummings: Money Shot,Movie,United States,2010,2019,TV-MA,Adult (18+)
s7606,Who Killed Little Gregory?,TV Show,France,2019,2019,TV-MA,Adult (18+)
s7607,Who Killed Malcolm X?,TV Show,United States,2020,2020,TV-MA,Adult (18+)
s7608,Who the F**k Is That Guy?,Movie,United States,2017,2017,TV-MA,Adult (18+)
s7609,Who Would You Take to a Deserted Island?,Movie,Spain,2019,2019,TV-MA,Adult (18+)
s7610,Who's That Knocking at My Door?,Movie,United States,1967,2019,R,Adult (18+)
s7611,Who's the One,TV Show,Taiwan,2011,2017,TV-14,Teens (13-17)
s7612,Whose Streets?,Movie,United States,2017,2020,R,Adult (18+)
s7613,"Whose Vote Counts, Explained",TV Show,United States,2020,2020,TV-PG,Kids & Family
s7614,Why Are We Getting So Fat?,Movie,United Kingdom,2016,2019,TV-14,Teens (13-17)
s7615,Why Knot,Movie,Canada,2016,2017,TV-MA,Adult (18+)
s7615,Why Knot,Movie,India,2016,2017,TV-MA,Adult (18+)
s7615,Why Knot,Movie,Thailand,2016,2017,TV-MA,Adult (18+)
s7615,Why Knot,Movie,United States,2016,2017,TV-MA,Adult (18+)
s7615,Why Knot,Movie,United Arab Emirates,2016,2017,TV-MA,Adult (18+)
s7616,Why Me?,Movie,Romania,2015,2019,TV-MA,Adult (18+)
s7616,Why Me?,Movie,Bulgaria,2015,2019,TV-MA,Adult (18+)
s7616,Why Me?,Movie,Hungary,2015,2019,TV-MA,Adult (18+)
s7617,Why We Fight: The Battle of Russia,Movie,United States,1943,2017,TV-PG,Kids & Family
s7618,Wild Alaska,TV Show,United Kingdom,2015,2017,TV-PG,Kids & Family
s7619,Wild Arabia,TV Show,United Kingdom,2013,2017,TV-PG,Kids & Family
s7620,Wild Child,Movie,United States,2008,2019,PG-13,Teens (13-17)
s7620,Wild Child,Movie,United Kingdom,2008,2019,PG-13,Teens (13-17)
s7620,Wild Child,Movie,France,2008,2019,PG-13,Teens (13-17)
s7621,Wild District,TV Show,Colombia,2019,2019,TV-MA,Adult (18+)
s7622,Wild Oats,Movie,Germany,2016,2017,PG-13,Teens (13-17)
s7622,Wild Oats,Movie,United States,2016,2017,PG-13,Teens (13-17)
s7623,Wild Wild Country,TV Show,United States,2018,2018,TV-MA,Adult (18+)
s7624,Wild Wild West,Movie,United States,1999,2020,PG-13,Teens (13-17)
s7625,Wildlife,Movie,United States,2018,2020,PG-13,Teens (13-17)
s7626,Wildling,Movie,United States,2018,2020,R,Adult (18+)
s7627,Williams,Movie,United Kingdom,2017,2017,TV-MA,Adult (18+)
s7628,Willy and the Guardians of the Lake: Tales from the Lakeside Winter Adventure,Movie,Hungary,2019,2020,TV-Y,Kids & Family
s7629,Willy Wonka & the Chocolate Factory,Movie,United States,1971,2020,G,Kids & Family
s7629,Willy Wonka & the Chocolate Factory,Movie,East Germany,1971,2020,G,Kids & Family
s7629,Willy Wonka & the Chocolate Factory,Movie,West Germany,1971,2020,G,Kids & Family
s7630,Win It All,Movie,United States,2017,2017,TV-MA,Adult (18+)
s7631,Win the Wilderness,TV Show,United Kingdom,2020,2020,TV-14,Teens (13-17)
s7632,Winchester,Movie,Australia,2018,2020,PG-13,Teens (13-17)
s7632,Winchester,Movie,United States,2018,2020,PG-13,Teens (13-17)
s7633,Wine Country,Movie,United States,2019,2019,R,Adult (18+)
s7634,Winnie,Movie,France,2017,2018,TV-14,Teens (13-17)
s7634,Winnie,Movie,Netherlands,2017,2018,TV-14,Teens (13-17)
s7634,Winnie,Movie,South Africa,2017,2018,TV-14,Teens (13-17)
s7634,Winnie,Movie,Finland,2017,2018,TV-14,Teens (13-17)
s7635,Winsanity,TV Show,United States,2016,2018,TV-G,Kids & Family
s7636,Winter of Our Dreams,Movie,Australia,1981,2016,NR,Not Rated (NR)
s7637,Winter on Fire: Ukraine's Fight for Freedom,Movie,United Kingdom,2015,2015,TV-MA,Adult (18+)
s7637,Winter on Fire: Ukraine's Fight for Freedom,Movie,Ukraine,2015,2015,TV-MA,Adult (18+)
s7637,Winter on Fire: Ukraine's Fight for Freedom,Movie,United States,2015,2015,TV-MA,Adult (18+)
s7638,Winter Sun,TV Show,Turkey,2014,2017,TV-MA,Adult (18+)
s7639,Winter's Bone,Movie,United States,2010,2019,R,Adult (18+)
s7640,Winx Club,TV Show,Italy,2015,2020,TV-Y7,Kids & Family
s7641,Wira,Movie,Malaysia,2019,2020,TV-14,Teens (13-17)
s7642,Wish I Was Here,Movie,United States,2014,2018,R,Adult (18+)
s7643,Wish Man,Movie,United States,2019,2019,TV-14,Teens (13-17)
s7644,Wish Upon a Unicorn,Movie,Unknown Country,2020,2020,PG,Kids & Family
s7645,Wish You,Movie,Unknown Country,2021,2021,TV-PG,Kids & Family
s7646,Witches: A Century of Murder,TV Show,United Kingdom,2015,2016,TV-14,Teens (13-17)
s7647,Withdrawn,Movie,Canada,2017,2018,TV-MA,Adult (18+)
s7648,Without Gorky,Movie,United Kingdom,2011,2017,TV-14,Teens (13-17)
s7649,Wives on Strike,Movie,Nigeria,2016,2019,TV-14,Teens (13-17)
s7650,Wives on Strike: The Revolution,Movie,United Kingdom,2017,2019,TV-PG,Kids & Family
s7650,Wives on Strike: The Revolution,Movie,Nigeria,2017,2019,TV-PG,Kids & Family
s7651,Wizards: Tales of Arcadia,TV Show,United States,2020,2020,TV-Y7,Kids & Family
s7652,Wolf,TV Show,Turkey,2018,2018,TV-MA,Adult (18+)
s7653,Wolves,Movie,United States,2016,2019,R,Adult (18+)
s7654,Women Behind Bars,TV Show,United States,2010,2016,TV-14,Teens (13-17)
s7655,Women of Mafia 2,Movie,Poland,2019,2020,TV-MA,Adult (18+)
s7656,Women Of The Night,TV Show,Netherlands,2019,2020,TV-MA,Adult (18+)
s7657,Wonho Chung: Live in New York,Movie,Unknown Country,2014,2020,TV-14,Teens (13-17)
s7658,Woodshock,Movie,United States,2017,2020,R,Adult (18+)
s7659,Woodstock,Movie,United States,2019,2019,TV-MA,Adult (18+)
s7660,Woody Woodpecker,Movie,United States,2017,2018,PG,Kids & Family
s7661,Word Party,TV Show,United States,2020,2020,TV-Y,Kids & Family
s7662,Word Party Songs,TV Show,United States,2020,2020,TV-Y,Kids & Family
s7663,Work It,Movie,United States,2020,2020,TV-14,Teens (13-17)
s7664,Workin' Moms,TV Show,Canada,2020,2020,TV-MA,Adult (18+)
s7665,World at Your Feet,TV Show,Singapore,2014,2017,TV-14,Teens (13-17)
s7666,World Famous Lover,Movie,India,2020,2020,TV-MA,Adult (18+)
s7667,World of Winx,TV Show,Italy,2017,2017,TV-Y7,Kids & Family
s7667,World of Winx,TV Show,United States,2017,2017,TV-Y7,Kids & Family
s7668,World Trade Center,Movie,United States,2006,2019,PG-13,Teens (13-17)
s7669,World War II in Colour,TV Show,United Kingdom,2009,2017,TV-MA,Adult (18+)
s7670,World's Busiest Cities,TV Show,United Kingdom,2017,2019,TV-PG,Kids & Family
s7671,World's Most Wanted,TV Show,United States,2020,2020,TV-14,Teens (13-17)
s7672,World's Weirdest Homes,Movie,Unknown Country,2015,2019,TV-PG,Kids & Family
s7673,Wormwood,TV Show,United States,2017,2017,TV-14,Teens (13-17)
s7674,Would You Rather,Movie,United States,2013,2019,TV-MA,Adult (18+)
s7675,Wrong Kind of Black,TV Show,Australia,2018,2020,TV-MA,Adult (18+)
s7676,Wrong No.,Movie,Pakistan,2015,2017,TV-14,Teens (13-17)
s7677,Wrong Side Raju,Movie,India,2016,2017,TV-MA,Adult (18+)
s7678,Wu Assassins,TV Show,United States,2019,2019,TV-MA,Adult (18+)
s7679,WWII in HD,TV Show,United States,2009,2020,TV-14,Teens (13-17)
s7680,WWII: Report from the Aleutians,Movie,United States,1943,2017,TV-PG,Kids & Family
s7681,Wyatt Cenac: Brooklyn,Movie,United States,2014,2014,TV-MA,Adult (18+)
s7682,Wyatt Earp,Movie,United States,1994,2020,PG-13,Teens (13-17)
s7683,Wynonna Earp,TV Show,Canada,2018,2019,TV-14,Teens (13-17)
s7683,Wynonna Earp,TV Show,United States,2018,2019,TV-14,Teens (13-17)
s7684,X Large,Movie,Egypt,2011,2020,TV-14,Teens (13-17)
s7685,X: Past Is Present,Movie,India,2015,2016,TV-MA,Adult (18+)
s7686,XOXO,Movie,United States,2016,2016,TV-MA,Adult (18+)
s7687,XV: Beyond the Tryline,Movie,United Kingdom,2016,2020,TV-14,Teens (13-17)
s7688,XX,Movie,Canada,2017,2017,R,Adult (18+)
s7688,XX,Movie,United States,2017,2017,R,Adult (18+)
s7689,XXx,Movie,United States,2002,2019,PG-13,Teens (13-17)
s7690,XXX: State of the Union,Movie,United States,2005,2019,PG-13,Teens (13-17)
s7691,Y Tu Mamá También,Movie,Mexico,2001,2017,R,Adult (18+)
s7692,Y.M.I.: Yeh Mera India,Movie,India,2008,2018,TV-MA,Adult (18+)
s7693,Ya no estoy aquí: Una conversación entre Guillermo del Toro y Alfonso Cuarón,Movie,Unknown Country,2020,2020,TV-PG,Kids & Family
s7694,Yaadein,Movie,India,2001,2018,TV-14,Teens (13-17)
s7695,Yaar Gaddar,Movie,India,1994,2017,TV-14,Teens (13-17)
s7696,Yaara O Dildaara,Movie,India,2011,2017,TV-14,Teens (13-17)
s7697,Yamla Pagla Deewana 2,Movie,India,2013,2017,TV-14,Teens (13-17)
s7698,Yanda Kartavya Aahe,Movie,India,2006,2018,TV-PG,Kids & Family
s7699,Yankee,TV Show,Mexico,2019,2019,TV-MA,Adult (18+)
s7700,Yanxi Palace: Princess Adventures,TV Show,China,2019,2019,TV-14,Teens (13-17)
s7701,يوم الدين,Movie,Egypt,2018,2019,TV-14,Teens (13-17)
s7701,يوم الدين,Movie,Austria,2018,2019,TV-14,Teens (13-17)
s7701,يوم الدين,Movie,United States,2018,2019,TV-14,Teens (13-17)
s7702,Yeh Ballet,Movie,India,2020,2020,TV-MA,Adult (18+)
s7703,Yeh Hai Bakrapur,Movie,India,2014,2018,TV-PG,Kids & Family
s7704,Yeh Meri Family,TV Show,India,2018,2018,TV-PG,Kids & Family
s7705,Yellowbird,Movie,France,2014,2015,PG,Kids & Family
s7705,Yellowbird,Movie,Belgium,2014,2015,PG,Kids & Family
s7706,Yes Man,Movie,United States,2008,2020,PG-13,Teens (13-17)
s7706,Yes Man,Movie,United Kingdom,2008,2020,PG-13,Teens (13-17)
s7707,Yes or No,Movie,Thailand,2010,2018,TV-PG,Kids & Family
s7708,Yes or No 2,Movie,Thailand,2012,2018,TV-PG,Kids & Family
s7709,Yes or No 2.5,Movie,Thailand,2015,2018,TV-PG,Kids & Family
s7710,Yes We Can!,TV Show,Singapore,2014,2017,TV-14,Teens (13-17)
s7711,"Yes, God, Yes",Movie,United States,2020,2020,R,Adult (18+)
s7712,YG Future Strategy Office,TV Show,South Korea,2018,2018,TV-MA,Adult (18+)
s7713,Yo-Kai Watch,TV Show,United States,2015,2016,TV-Y7,Kids & Family
s7714,Yo-Kai Watch: The Movie,Movie,Japan,2016,2016,TV-Y7,Kids & Family
s7714,Yo-Kai Watch: The Movie,Movie,United States,2016,2016,TV-Y7,Kids & Family
s7715,Yoga Hosers,Movie,United States,2016,2016,PG-13,Teens (13-17)
s7716,Yoko,TV Show,Unknown Country,2016,2018,TV-Y,Kids & Family
s7717,Yoko and His Friends,Movie,Russia,2015,2018,TV-Y,Kids & Family
s7717,Yoko and His Friends,Movie,Spain,2015,2018,TV-Y,Kids & Family
s7718,YOM,TV Show,Unknown Country,2016,2018,TV-Y7,Kids & Family
s7719,Yoo Byung Jae: Discomfort Zone,Movie,South Korea,2018,2018,TV-MA,Adult (18+)
s7720,Yoo Byung Jae: Too Much Information,Movie,Unknown Country,2018,2018,TV-MA,Adult (18+)
s7721,YooHoo to the Rescue,TV Show,South Korea,2020,2020,TV-Y,Kids & Family
s7722,You,TV Show,United States,2019,2019,TV-MA,Adult (18+)
s7723,You Are My Home,Movie,United States,2020,2020,TV-PG,Kids & Family
s7724,You Can Tutu,Movie,United Kingdom,2017,2017,TV-G,Kids & Family
s7725,You Can’t Fight Christmas,Movie,United States,2017,2017,TV-PG,Kids & Family
s7726,You Cannot Hide,TV Show,Mexico,2020,2020,TV-MA,Adult (18+)
s7727,You Carry Me,Movie,Croatia,2015,2016,TV-MA,Adult (18+)
s7727,You Carry Me,Movie,Slovenia,2015,2016,TV-MA,Adult (18+)
s7727,You Carry Me,Movie,Serbia,2015,2016,TV-MA,Adult (18+)
s7727,You Carry Me,Movie,Montenegro,2015,2016,TV-MA,Adult (18+)
s7728,You Changed My Life,Movie,Philippines,2009,2019,TV-PG,Kids & Family
s7729,You Don't Mess with the Zohan,Movie,United States,2008,2019,UR,Adult (18+)
s7730,You Get Me,Movie,United States,2017,2017,TV-MA,Adult (18+)
s7731,You vs. Wild,TV Show,United States,2019,2019,TV-PG,Kids & Family
s7732,You're Everything To Me,Movie,Turkey,2016,2019,TV-PG,Kids & Family
s7733,You're My Boss,Movie,Philippines,2015,2020,TV-14,Teens (13-17)
s7734,You're My Destiny,TV Show,Taiwan,2008,2016,TV-MA,Adult (18+)
s7735,You've Got This,Movie,Mexico,2020,2020,TV-MA,Adult (18+)
s7736,Young & Hungry,TV Show,United States,2017,2017,TV-14,Teens (13-17)
s7737,Young Adult,Movie,United States,2011,2019,R,Adult (18+)
s7738,Young Tiger,Movie,Hong Kong,1973,2016,NR,Not Rated (NR)
s7739,Young Wallander,TV Show,United Kingdom,2020,2020,TV-MA,Adult (18+)
s7740,Your Excellency,Movie,Unknown Country,2019,2020,TV-G,Kids & Family
s7741,Your lie in April,TV Show,Japan,2014,2016,TV-14,Teens (13-17)
s7742,Your Name Engraved Herein,Movie,Taiwan,2020,2020,TV-MA,Adult (18+)
s7743,Your Son,Movie,Spain,2018,2019,TV-MA,Adult (18+)
s7743,Your Son,Movie,France,2018,2019,TV-MA,Adult (18+)
s7744,Yours Fatefully,TV Show,Singapore,2012,2017,TV-14,Teens (13-17)
s7745,"Yours Sincerely, Kanan Gill",Movie,India,2020,2020,TV-MA,Adult (18+)
s7746,"Yours, Mine and Ours",Movie,United States,2005,2019,PG,Kids & Family
s7747,دفعة القاهرة,TV Show,Unknown Country,2019,2020,TV-14,Teens (13-17)
s7748,اشتباك,Movie,Egypt,2016,2018,TV-14,Teens (13-17)
s7748,اشتباك,Movie,France,2016,2018,TV-14,Teens (13-17)
s7749,الف مبروك,Movie,Egypt,2009,2020,TV-14,Teens (13-17)
s7750,Yu-Gi-Oh!,TV Show,Japan,2005,2020,TV-Y7,Kids & Family
s7751,Yu-Gi-Oh! Arc-V,TV Show,Japan,2015,2018,TV-Y7,Kids & Family
s7751,Yu-Gi-Oh! Arc-V,TV Show,Canada,2015,2018,TV-Y7,Kids & Family
s7752,Yucatán,Movie,Spain,2018,2019,TV-MA,Adult (18+)
s7753,Yummy Mummies,TV Show,Australia,2019,2019,TV-MA,Adult (18+)
s7754,Yunus Emre,TV Show,Turkey,2016,2017,TV-PG,Kids & Family
s7755,Yuva,Movie,India,2004,2018,TV-14,Teens (13-17)
s7756,Z Nation,TV Show,United States,2018,2019,TV-MA,Adult (18+)
s7757,Z4,TV Show,Brazil,2018,2019,TV-PG,Kids & Family
s7758,Zach Galifianakis: Live at the Purple Onion,Movie,United States,2006,2019,TV-MA,Adult (18+)
s7759,Zack and Miri Make a Porno,Movie,United States,2008,2018,R,Adult (18+)
s7760,Zak Storm,TV Show,United States,2016,2018,TV-Y7,Kids & Family
s7760,Zak Storm,TV Show,France,2016,2018,TV-Y7,Kids & Family
s7760,Zak Storm,TV Show,South Korea,2016,2018,TV-Y7,Kids & Family
s7760,Zak Storm,TV Show,Indonesia,2016,2018,TV-Y7,Kids & Family
s7761,Zaki Chan,Movie,Egypt,2005,2020,TV-PG,Kids & Family
s7762,Zapped,Movie,Canada,2014,2017,TV-Y,Kids & Family
s7762,Zapped,Movie,United States,2014,2017,TV-Y,Kids & Family
s7763,Zed Plus,Movie,India,2014,2019,TV-MA,Adult (18+)
s7764,Zenda,Movie,India,2009,2018,TV-14,Teens (13-17)
s7765,Zero,Movie,India,2018,2019,TV-14,Teens (13-17)
s7766,Zero Hour,Movie,Unknown Country,2018,2019,TV-MA,Adult (18+)
s7767,Zig & Sharko,TV Show,France,2016,2017,TV-Y7,Kids & Family
s7768,Zindagi Gulzar Hai,TV Show,Pakistan,2012,2016,TV-PG,Kids & Family
s7769,Zindagi Kitni Haseen Hay,Movie,Pakistan,2016,2018,TV-14,Teens (13-17)
s7770,Zindagi Na Milegi Dobara,Movie,India,2011,2019,TV-14,Teens (13-17)
s7771,Zinzana,Movie,United Arab Emirates,2015,2016,TV-MA,Adult (18+)
s7771,Zinzana,Movie,Jordan,2015,2016,TV-MA,Adult (18+)
s7772,Zion,Movie,United States,2018,2018,TV-PG,Kids & Family
s7773,Zipi & Zape y la Isla del Capitan,Movie,Spain,2016,2017,TV-PG,Kids & Family
s7774,Zoé: Panoramas,Movie,Mexico,2016,2019,TV-MA,Adult (18+)
s7775,Zodiac,Movie,United States,2007,2019,R,Adult (18+)
s7776,Zoids Wild,TV Show,Japan,2018,2020,TV-Y7,Kids & Family
s7777,Zokkomon,Movie,India,2011,2018,PG,Kids & Family
s7778,Zombie Dumb,TV Show,Unknown Country,2018,2019,TV-Y7,Kids & Family
s7779,Zombieland,Movie,United States,2009,2019,R,Adult (18+)
s7780,Zona Rosa,TV Show,Mexico,2019,2019,TV-MA,Adult (18+)
s7781,Zoo,Movie,India,2018,2018,TV-MA,Adult (18+)
s7782,Zoom,Movie,United States,2006,2020,PG,Kids & Family
s7783,Zozo,Movie,Sweden,2005,2020,TV-MA,Adult (18+)
s7783,Zozo,Movie,Czech Republic,2005,2020,TV-MA,Adult (18+)
s7783,Zozo,Movie,United Kingdom,2005,2020,TV-MA,Adult (18+)
s7783,Zozo,Movie,Denmark,2005,2020,TV-MA,Adult (18+)
s7783,Zozo,Movie,Netherlands,2005,2020,TV-MA,Adult (18+)
s7784,Zubaan,Movie,India,2015,2019,TV-14,Teens (13-17)
s7785,Zulu Man in Japan,Movie,Unknown Country,2019,2020,TV-MA,Adult (18+)
s7786,Zumbo's Just Desserts,TV Show,Australia,2019,2020,TV-PG,Kids & Family
s7787,ZZ TOP: THAT LITTLE OL' BAND FROM TEXAS,Movie,United Kingdom,2019,2020,TV-MA,Adult (18+)
s7787,ZZ TOP: THAT LITTLE OL' BAND FROM TEXAS,Movie,Canada,2019,2020,TV-MA,Adult (18+)
s7787,ZZ TOP: THAT LITTLE OL' BAND FROM TEXAS,Movie,United States,2019,2020,TV-MA,Adult (18+)
